Farm_ID,State,District,Crop,Season,Farm_Area_Hectares,Rainfall_mm,Avg_Temperature_C,Humidity_pct,Sunlight_Hours_Day,Soil_pH,Soil_Moisture_pct,Nitrogen_kg_ha,Phosphorus_kg_ha,Potassium_kg_ha,Irrigation_Method,Fertilizer_kg_ha,Pesticide_Litre_ha,Seed_Quality_Score,Yield_Tonnes_Ha,Production_Tonnes,Market_Price_INR_Tonne,Total_Cost_INR,Revenue_INR,Profit_INR,Water_Used_m3,Water_Efficiency_t_per_1000m3,Disease_Pest_Risk_pct,Yield_Metric_t_ha,Profit_Margin_Pct,Water_Productivity_t_m3,Total_NPK_kg_ha,Cost_Per_Tonne_INR,Pesticide_Risk_Ratio
SF10001,Gujarat,Rajkot,Wheat,Kharif,0.53,486.4,24.3,69.1,5.8,7.14,32.8,75.8,61.3,91,Drip,242.7,4.33,0.76,2.46,1.3,23700,42662,30810,-11852,237,5.485,55.3,2.46,-38.46802986,0.005485232,228.1,32816.92308,0.078300181
SF10002,Telangana,Nalgonda,Maize,Kharif,6.53,855.4,25.7,78.4,5.1,5.2,32,82.1,35.4,121.8,Flood,271.4,6.86,0.94,0.3,1.96,20613,492351,40401,-451950,4953,0.396,49.9,0.3,-1118.660429,0.00039572,239.3,251199.4898,0.13747495
SF10003,Telangana,Warangal,Pulses,Rabi,4.86,455.6,23.9,56.4,10.3,5.82,8.1,118.5,51.5,117.9,Drip,162.6,6.08,0.98,0.52,2.53,75283,315210,190466,-124744,1275,1.984,33.7,0.52,-65.49410393,0.001984314,287.9,124588.9328,0.18041543
SF10004,Madhya Pradesh,Indore,Rice,Kharif,4.5,753.2,29.7,65.2,6.3,5.98,23.7,138.6,55.6,115.5,Rainfed,182.2,6.39,0.74,1.84,8.28,24244,296444,200740,-95704,3834,2.16,50.6,1.84,-47.67560028,0.002159624,309.7,35802.41546,0.126284585
SF10005,Punjab,Ludhiana,Maize,Zaid,4.21,101.6,34.1,55.2,6.5,6.9,29.3,124.1,69,121.4,Flood,244.9,7.61,0.9,2.21,9.3,20818,337959,193607,-144352,3287,2.829,32.3,2.21,-74.55928763,0.002829328,314.5,36339.67742,0.235603715
SF10006,Karnataka,Raichur,Pulses,Zaid,5.46,356,33.6,49,8.3,6.93,11.4,105.1,34.7,78.7,Rainfed,58.8,4.48,0.89,0.72,3.93,68593,302333,269570,-32763,1093,3.596,57.1,0.72,-12.1538005,0.003595608,218.5,76929.51654,0.078458844
SF10007,Telangana,Warangal,Wheat,Rabi,8.13,432.2,23.5,50.8,9.5,6.96,24.7,115.8,69.4,109.8,Rainfed,181.6,7.99,0.87,2.53,20.57,22951,513341,472102,-41239,2368,8.687,31.6,2.53,-8.735188582,0.008686655,295,24955.80943,0.252848101
SF10008,Punjab,Ludhiana,Pulses,Kharif,5.34,860.2,29,64.9,7.9,6.09,36.9,112.7,60.9,115.9,Sprinkler,245.8,5.89,0.7,1.18,6.3,70042,436200,441265,5065,1704,3.697,54.2,1.18,1.147836334,0.003697183,289.5,69238.09524,0.108671587
SF10009,Andhra Pradesh,Guntur,Cotton,Zaid,6.98,624.7,33.4,46.8,7.9,6.41,12.3,66.9,47.6,134.2,Sprinkler,190.7,2.21,0.88,1.53,10.68,70771,525129,755834,230705,5079,2.103,54.7,1.53,30.52323658,0.002102776,248.7,49169.38202,0.040402194
SF10010,Karnataka,Raichur,Chilli,Rabi,13.69,415.8,22.3,57.3,8.6,6.6,23.3,117.9,37.2,116.6,Drip,168.8,7.29,0.7,2.29,31.35,94383,1004072,2958907,1954835,5984,5.239,41.7,2.29,66.06611833,0.005238971,271.7,32027.81499,0.174820144
SF10011,Andhra Pradesh,Krishna,Wheat,Rabi,4.7,390.8,24.5,43.5,7.8,5.93,25.2,137.9,31.4,70,Sprinkler,224.4,5.9,0.89,1.44,6.77,20806,289759,140857,-148902,2371,2.855,33.5,1.44,-105.7114662,0.002855335,239.3,42800.44313,0.176119403
SF10012,Gujarat,Rajkot,Maize,Rabi,14.07,315.3,24.2,53.7,5.9,5.87,29.4,100.6,50.8,65.8,Drip,178.7,5.34,0.71,1.36,19.14,20120,964512,385097,-579415,7467,2.563,35,1.36,-150.4594946,0.002563278,217.2,50392.47649,0.152571429
SF10013,Madhya Pradesh,Indore,Wheat,Rabi,6.04,431.5,24.1,59.8,9,8.23,27,162.3,60.1,113,Rainfed,170.3,4.73,0.91,0.3,1.81,23239,335153,42063,-293090,1411,1.283,49.6,0.3,-696.7881511,0.001282778,335.4,185167.4033,0.095362903
SF10014,Madhya Pradesh,Indore,Pulses,Kharif,10.5,779.3,29.9,69.8,5.8,6.79,33.8,102.2,45.9,91.7,Rainfed,224.8,5.27,0.69,1.31,13.76,72375,852631,995880,143249,1556,8.843,50.6,1.31,14.38416275,0.008843188,239.8,61964.46221,0.104150198
SF10015,Madhya Pradesh,Indore,Rice,Kharif,4.38,762,25,80.2,6.7,6.54,36.9,143.8,50.4,92.6,Rainfed,149.8,6.44,0.95,3.32,14.54,21720,286933,315809,28876,3404,4.271,43.6,3.32,9.143501294,0.004271445,286.8,19734.04402,0.147706422
SF10016,Telangana,Warangal,Maize,Rabi,2.26,494.7,23.7,45.6,8.8,6.98,22.5,119.3,15,74.7,Flood,189.2,6.34,0.72,3.21,7.25,18985,182127,137641,-44486,1455,4.983,29.7,3.21,-32.32031154,0.004982818,209,25120.96552,0.213468013
SF10017,Madhya Pradesh,Indore,Cotton,Zaid,3.93,80,28.4,46.6,5,7.08,17.9,121.4,49.3,106.2,Flood,91.1,7.6,0.96,1,3.93,64034,218756,251654,32898,4210,0.933,32.3,1,13.07271094,0.000933492,276.9,55663.10433,0.235294118
SF10018,Punjab,Ludhiana,Maize,Rabi,11.04,450.4,21.6,55.3,6.9,5.87,30.7,118.8,93.4,114.4,Rainfed,104.6,5.64,0.79,1.54,17,20107,727865,341819,-386046,3453,4.923,43,1.54,-112.938719,0.004923255,326.6,42815.58824,0.131162791
SF10019,Telangana,Nalgonda,Groundnut,Kharif,2.46,851.7,29,71.8,6,5.89,23.5,155.3,40.4,81.9,Drip,128.2,6.95,0.73,1.13,2.78,66966,143907,186165,42258,1220,2.279,53.1,1.13,22.69921844,0.002278689,277.6,51765.10791,0.130885122
SF10020,Andhra Pradesh,Krishna,Pulses,Rabi,14.48,415.8,22.3,48.3,9.1,6.67,28.6,68.3,40.3,88.1,Drip,274.2,8.54,0.87,1.1,15.93,69127,1125931,1101193,-24738,4803,3.317,27.3,1.1,-2.246472689,0.003316677,196.7,70679.91212,0.312820513
SF10021,Punjab,Ludhiana,Rice,Rabi,0.95,409.8,23.2,58.7,7,7.49,24.8,85.6,88.7,83.9,Flood,206,2.22,0.94,1.6,1.52,20424,58222,31044,-27178,1814,0.838,45.8,1.6,-87.5467079,0.000837927,258.2,38303.94737,0.048471616
SF10022,Andhra Pradesh,Krishna,Rice,Rabi,5.62,918.7,22.2,66.8,7.5,7.35,22.8,129.7,65,93.4,Sprinkler,179.8,7.59,0.79,2.4,13.49,19160,427915,258468,-169447,8350,1.616,47.7,2.4,-65.55821224,0.001615569,288.1,31720.90437,0.159119497
SF10023,Karnataka,Raichur,Wheat,Rabi,12.59,212.6,23.2,72.2,8.6,7.35,28,99.3,63,65.7,Drip,162.4,8.68,0.9,1.25,15.74,24218,820257,381191,-439066,6064,2.596,32,1.25,-115.1826775,0.002595646,228,52112.89708,0.27125
SF10024,Telangana,Nalgonda,Groundnut,Kharif,2.49,1021.3,26.1,70.1,6.7,7.31,15.6,127.8,60.1,68.1,Flood,129.7,7.95,0.9,1.08,2.69,64375,186339,173169,-13170,1713,1.57,41.6,1.08,-7.60528732,0.001570344,256,69271.00372,0.191105769
SF10025,Maharashtra,Nashik,Wheat,Zaid,14.47,430.7,32.3,61.2,8.7,6.58,17.1,101.2,37.7,115.8,Rainfed,233.6,3.37,0.66,2.3,33.28,27284,1203928,908012,-295916,3869,8.602,64,2.3,-32.58943714,0.008601706,254.7,36175.72115,0.05265625
SF10026,Madhya Pradesh,Indore,Pulses,Kharif,13.3,853,35.8,85.1,5.2,5.52,25.6,112.5,71.6,98.7,Sprinkler,265.5,4.23,0.67,0.3,3.99,82458,998865,329007,-669858,5584,0.715,75.8,0.3,-203.5999234,0.000714542,282.8,250342.1053,0.055804749
SF10027,Andhra Pradesh,Krishna,Rice,Rabi,13.8,578.3,22.3,61.6,7.7,6.21,18.6,89.4,75.3,81.5,Drip,216.4,2.45,0.98,2.9,40.02,25815,744909,1033116,288207,17866,2.24,56.2,2.9,27.89686734,0.002240009,246.2,18613.41829,0.043594306
SF10028,Gujarat,Rajkot,Rice,Rabi,10.47,93.9,27.3,45.4,7.7,6.89,27,115.6,64.9,123.2,Rainfed,210.2,2.42,0.74,2.45,25.65,21364,545453,547987,2534,9077,2.826,45.7,2.45,0.462419729,0.002825824,303.7,21265.22417,0.052954048
SF10029,Gujarat,Rajkot,Maize,Rabi,12.94,443.1,23,45.7,6.3,6.32,26.4,139.3,51.3,92.5,Sprinkler,286.7,8.22,0.97,3.01,38.95,20272,1176978,789594,-387384,8230,4.733,32.1,3.01,-49.06116308,0.004732685,283.1,30217.66367,0.256074766
SF10030,Gujarat,Rajkot,Groundnut,Zaid,13.15,565.4,32.7,50.7,7.3,6.65,15.6,158,46.8,151,Sprinkler,147.4,5.5,0.89,1.94,25.51,49492,695563,1262541,566978,7423,3.437,30.6,1.94,44.90769013,0.003436616,355.8,27266.28773,0.179738562
SF10031,Telangana,Nalgonda,Chilli,Rabi,11.96,284.2,24.1,62.1,7,6.93,31.7,188.8,47.8,101.6,Rainfed,250.8,4.06,0.66,1.51,18.06,102219,738746,1846075,1107329,4721,3.825,40.2,1.51,59.9828826,0.003825461,338.2,40905.09413,0.100995025
SF10032,Andhra Pradesh,Krishna,Groundnut,Zaid,0.69,372.1,31.7,30.8,7.4,7.92,12.2,127.3,66.2,131.1,Drip,139.4,4.39,0.96,0.3,0.21,54155,43431,11373,-32058,259,0.811,37.4,0.3,-281.8781324,0.000810811,324.6,206814.2857,0.117379679
SF10033,Madhya Pradesh,Indore,Cotton,Kharif,11.35,1066.8,30.3,76.6,6.4,7.56,35.9,104.2,49.9,106.8,Sprinkler,230.7,4.16,0.7,0.64,7.26,72112,782371,523533,-258838,9585,0.757,67.7,0.64,-49.44062743,0.000757433,260.9,107764.6006,0.061447563
SF10034,Andhra Pradesh,Guntur,Maize,Kharif,9.8,849,26.4,88,8.2,6.03,35.5,154.3,49.1,129.8,Sprinkler,220.2,4.34,0.72,3.65,35.77,21914,782502,783864,1362,5884,6.079,52.1,3.65,0.173754631,0.006079198,333.2,21875.92955,0.083301344
SF10035,Punjab,Ludhiana,Wheat,Rabi,11.57,427.5,24,59.3,6.7,6.71,28.5,157.3,71.5,84.3,Sprinkler,186.8,1.13,0.86,3.83,44.31,26126,648827,1157643,508816,5400,8.206,61.4,3.83,43.95275573,0.008205556,313.1,14642.90228,0.018403909
SF10036,Madhya Pradesh,Indore,Cotton,Zaid,7.05,179.4,34.1,55.5,8.7,7,14.8,94.3,66.8,101.3,Flood,231.5,7.26,0.96,0.75,5.29,66996,511293,354409,-156884,5944,0.89,29,0.75,-44.26637021,0.000889973,262.4,96652.74102,0.250344828
SF10037,Telangana,Nalgonda,Cotton,Rabi,3.11,429.3,23.6,60.1,7.9,6.96,20.7,40,73.9,114.2,Drip,229,6.96,0.68,1.71,5.32,52396,243775,278747,34972,1780,2.989,33,1.71,12.54614399,0.002988764,228.1,45822.36842,0.210909091
SF10038,Punjab,Ludhiana,Cotton,Kharif,2.79,820.1,26.3,74.6,7.5,7.62,31.9,123.2,91.7,80.6,Flood,153.2,5.91,0.68,0.7,1.95,66405,175756,129490,-46266,3058,0.638,52.5,0.7,-35.72939995,0.000637672,295.5,90131.28205,0.112571429
SF10039,Telangana,Warangal,Wheat,Kharif,4.69,657.7,27.1,64.9,6.2,7.85,31.9,87.6,87.5,81.5,Drip,218.9,4.78,0.92,0.98,4.6,25408,293568,116877,-176691,2392,1.923,50,0.98,-151.1768783,0.001923077,256.6,63819.13043,0.0956
SF10040,Punjab,Ludhiana,Maize,Kharif,6.12,936,31.8,56.3,7.1,7.03,30.3,91.9,48,103.6,Rainfed,46.3,8.07,0.79,3.24,19.83,24731,321710,490416,168706,2144,9.249,46.7,3.24,34.40059052,0.009249067,243.5,16223.39889,0.172805139
SF10041,Madhya Pradesh,Indore,Pulses,Kharif,12.31,768.4,29,67,6.1,8.22,26.7,69.5,49.1,98.6,Flood,214.2,7.11,0.73,0.3,3.69,95238,791517,351428,-440089,6153,0.6,54.7,0.3,-125.2287809,0.000599707,217.2,214503.252,0.129981718
SF10042,Tamil Nadu,Erode,Wheat,Zaid,13.35,156.6,30.8,51.7,9.9,6.34,19.5,135.7,75,115.5,Sprinkler,158.2,5.76,0.77,1.69,22.56,22869,897488,515925,-381563,7377,3.058,17.1,1.69,-73.9570674,0.003058154,326.2,39782.2695,0.336842105
SF10043,Andhra Pradesh,Krishna,Rice,Kharif,9.47,639.2,22.6,74.9,4.9,5.73,43.6,66.1,54.9,125.5,Rainfed,313.4,4.78,0.94,0.9,8.52,25346,744619,215948,-528671,7926,1.075,52,0.9,-244.8140293,0.001074943,246.5,87396.59624,0.091923077
SF10044,Tamil Nadu,Erode,Wheat,Rabi,7.56,460.1,24,58.7,6.7,6.6,26.4,96.2,42.9,139.3,Sprinkler,241.9,5.34,0.69,2.6,19.66,24887,550176,489278,-60898,4545,4.326,44.7,2.6,-12.44650281,0.004325633,278.4,27984.53713,0.119463087
SF10045,Andhra Pradesh,Krishna,Wheat,Kharif,14.23,853.7,28.2,77.6,6.9,7.04,31.8,109.5,61.7,148.7,Drip,163.7,4.26,0.85,3.35,47.67,23547,980255,1122485,142230,5966,7.99,55.4,3.35,12.67099338,0.007990278,319.9,20563.35221,0.076895307
SF10046,Tamil Nadu,Erode,Wheat,Kharif,2.14,485.7,28,80.1,7.2,8.08,34.7,111,56.6,74.9,Drip,146.2,4.25,0.95,0.32,0.68,25224,116463,17152,-99311,791,0.86,49.4,0.32,-579.0053638,0.000859671,242.5,171269.1176,0.086032389
SF10047,Telangana,Nalgonda,Groundnut,Kharif,5.6,728.5,27,76.7,6.9,6.36,27.4,92.2,72.7,80.9,Sprinkler,194,4.7,0.71,2.63,14.73,53568,337133,789057,451924,3052,4.826,63.2,2.63,57.27393585,0.004826343,245.8,22887.50849,0.074367089
SF10048,Punjab,Ludhiana,Sugarcane,Zaid,7.68,90,31.9,52.7,9.8,6.51,18.3,164,59.6,54.9,Sprinkler,136.9,8.04,0.76,36.69,281.78,3682,480826,1037514,556688,13263,21.246,30,36.69,53.65595067,0.02124557,278.5,1706.387962,0.268
SF10049,Tamil Nadu,Erode,Chilli,Zaid,5.52,91.3,34.1,63,7.2,5.55,20.9,124.8,75.2,130.8,Rainfed,207.3,4.96,0.87,0.3,1.66,102697,376564,170477,-206087,1257,1.321,43.9,0.3,-120.8884483,0.001320605,330.8,226845.7831,0.112984055
SF10050,Tamil Nadu,Erode,Rice,Rabi,8.8,792.2,21.5,51.4,8,7.8,21.8,104.1,61.9,82.3,Flood,223.7,6.7,0.7,0.76,6.69,19703,741670,131813,-609857,15881,0.421,53.6,0.76,-462.6683256,0.000421258,248.3,110862.4813,0.125
SF10051,Telangana,Warangal,Rice,Zaid,9.82,227.2,29.5,63.5,7.6,6.81,17.8,122.5,54.9,97,Flood,162.7,0.62,0.78,2.87,28.18,21316,534995,600685,65690,16682,1.689,49.4,2.87,10.93584824,0.001689246,274.4,18984.91838,0.012550607
SF10052,Gujarat,Rajkot,Pulses,Rabi,8.61,80,24.8,60.9,7.5,5.43,28,107.1,46.4,137.6,Sprinkler,178.1,4.92,1,0.3,2.58,71065,492155,183348,-308807,3106,0.831,40.2,0.3,-168.4267077,0.00083065,291.1,190757.7519,0.12238806
SF10053,Madhya Pradesh,Indore,Rice,Zaid,11.52,206.2,34.3,50.3,10,7.01,32.7,106.7,50.4,98.1,Flood,112.7,6.15,0.87,1.69,19.47,19275,674473,375284,-299189,20211,0.963,18.9,1.69,-79.72335618,0.000963337,255.2,34641.65383,0.325396825
SF10054,Telangana,Nalgonda,Maize,Kharif,3.18,591.2,28.1,63.9,6.8,5.66,30.8,126.9,27.6,137.7,Flood,289.5,5.4,0.77,1.11,3.53,17359,254223,61277,-192946,2327,1.517,39.8,1.11,-314.8750755,0.001516975,292.2,72017.84703,0.135678392
SF10055,Karnataka,Raichur,Rice,Rabi,7.08,460,22.8,57.4,8.5,7.14,19.2,125.2,30.8,126.7,Flood,115.3,6.38,0.94,2.92,20.67,24229,591425,500813,-90612,16012,1.291,29.2,2.92,-18.09298081,0.001290907,282.7,28612.72375,0.218493151
SF10056,Telangana,Warangal,Groundnut,Rabi,11.7,167.3,26.2,62.4,6.8,6.3,21.8,122.8,27.7,135,Drip,240.5,5.39,0.94,1.65982906,19.42,50837,780159,987255,207096,4665,4.163,39.4,1.65982906,20.97695124,0.004162915,285.5,40172.96601,0.13680203
SF10057,Maharashtra,Nashik,Pulses,Rabi,6.91,489.4,24,67.2,9.1,6.46,31,121.2,55.7,107.5,Drip,212,6.15,0.87,1.49,10.3,70845,462116,729704,267588,2165,4.758,34.5,1.49,36.67075965,0.004757506,284.4,44865.63107,0.17826087
SF10058,Maharashtra,Nashik,Maize,Zaid,7.06,336.9,29.4,62,9,7.53,11.3,152.4,63.1,106.1,Rainfed,116.8,4.01,0.86,1.16,8.19,22633,430059,185364,-244695,2031,4.032,33.3,1.16,-132.0078332,0.004032496,321.6,52510.25641,0.12042042
SF10059,Karnataka,Raichur,Maize,Zaid,6.62,278.1,31.1,59.3,8.3,7.55,19.1,129.3,82,47,Flood,168,2.1,0.89,1.34,8.87,18651,455124,165434,-289690,5550,1.598,47.6,1.34,-175.109107,0.001598198,258.3,51310.48478,0.044117647
SF10060,Tamil Nadu,Erode,Groundnut,Kharif,10,664.7,25.1,72.3,6.8,6.49,32.8,118.6,31.3,69.5,Flood,139.1,5.53,0.76,2.07,20.7,59223,619756,1225916,606160,7146,2.897,42.2,2.07,49.44547587,0.002896725,219.4,29939.90338,0.131042654
SF10061,Andhra Pradesh,Guntur,Groundnut,Kharif,14.38,1002,27.9,63,5.5,6.62,30.2,127.4,61.8,86.2,Rainfed,194.4,5.01,0.97,1.73,24.88,53834,972766,1339390,366624,4408,5.644,66.6,1.73,27.3724606,0.005644283,275.4,39098.3119,0.075225225
SF10062,Punjab,Ludhiana,Cotton,Rabi,14.23,404.4,19.4,55.8,7.9,6.99,22.6,182,52.9,80.5,Drip,127.2,1.21,0.9,1.8,25.61,70385,815920,1802560,986640,9798,2.614,50.7,1.8,54.73548731,0.002613799,315.4,31859.42991,0.023865878
SF10063,Telangana,Warangal,Cotton,Zaid,5.46,148.5,31.2,59.9,7.7,6.31,21.5,81.9,56,124.3,Flood,157.7,3.34,0.7,0.91,4.97,66056,309945,328298,18353,4831,1.029,31.8,0.91,5.590347794,0.001028773,262.2,62363.17907,0.105031447
SF10064,Telangana,Warangal,Rice,Kharif,3.95,1028.8,24.2,69.2,6.2,5.95,29.4,105.4,48.3,123.3,Flood,136.3,4.4,0.92,1.62,6.4,23591,258728,150982,-107746,8230,0.778,46.8,1.62,-71.36347379,0.000777643,277,40426.25,0.094017094
SF10065,Madhya Pradesh,Indore,Pulses,Kharif,14.43,1012.7,30.2,65.2,7.9,6.71,23.2,102.9,66.6,93.5,Rainfed,276.7,5.63,0.97,0.99,14.29,86381,980375,1234384,254009,2290,6.24,53.6,0.99,20.57779427,0.006240175,263,68605.6683,0.105037313
SF10066,Gujarat,Rajkot,Groundnut,Rabi,7.49,234.8,20.5,49.1,8.4,6.55,30.3,84.7,72.9,72.2,Sprinkler,107.5,3.99,0.82,1.42,10.64,60410,506733,642762,136029,3460,3.075,59.9,1.42,21.16319882,0.003075145,229.8,47625.28195,0.066611018
SF10067,Gujarat,Rajkot,Wheat,Rabi,7.25,410,23.4,61.1,9.4,7.08,28.3,199.3,60.4,66.8,Flood,198.1,7.33,0.8,2.66,19.28,20402,542011,393351,-148660,4731,4.075,41.4,2.66,-37.79321776,0.004075248,326.5,28112.60373,0.17705314
SF10068,Punjab,Ludhiana,Pulses,Rabi,5.28,498.8,26.9,51.3,7.5,6.21,29,152.6,48.9,95.2,Drip,114.7,5.33,0.69,1.37,7.23,71305,292198,515535,223337,1540,4.695,44.1,1.37,43.32140398,0.004694805,296.7,40414.66113,0.120861678
SF10069,Karnataka,Raichur,Rice,Kharif,12.69,851.6,27.7,81.1,6,7.6,31.2,124.5,74.6,136.5,Flood,165.3,7.52,0.8,1.59,20.18,20502,865223,413730,-451493,22011,0.917,48.8,1.59,-109.1274503,0.000916814,335.6,42875.27255,0.154098361
SF10070,Telangana,Warangal,Maize,Kharif,2.82,960.7,27.6,68.2,8.9,7.29,35.7,111.9,65.9,104.9,Flood,139.8,2.74,0.66,2.73,7.7,23906,171757,184076,12319,2056,3.745,59.3,2.73,6.692344466,0.003745136,282.7,22306.1039,0.046205734
SF10071,Andhra Pradesh,Krishna,Cotton,Rabi,14.72,338.5,21.2,68.5,7.7,6.06,25.7,132.5,15,148.5,Drip,145.7,6.76,0.84,1,14.72,61717,960387,908474,-51913,9888,1.489,35.8,1,-5.714307729,0.001488673,296,65243.68207,0.188826816
SF10072,Andhra Pradesh,Krishna,Maize,Rabi,1.48,342,19.3,62.5,8.2,6.73,31.4,112.7,75.1,112.8,Sprinkler,149.1,6.66,0.7,3.61,5.34,19548,105743,104386,-1357,916,5.83,29.3,3.61,-1.299982756,0.005829694,300.6,19802.05993,0.227303754
SF10073,Andhra Pradesh,Krishna,Cotton,Kharif,7.37,765.5,26.4,89,6.4,7.28,30.3,119.2,63.4,140.7,Sprinkler,110.1,7.05,0.73,1.38,10.17,71337,478922,725497,246575,6169,1.649,55.2,1.38,33.98704612,0.001648565,323.3,47091.64208,0.127717391
SF10074,Karnataka,Raichur,Maize,Rabi,1.41,80,26.2,64.6,7.6,6.76,30.1,85.8,38.5,128.9,Drip,121.9,6.85,0.95,3.26,4.6,19255,84476,88573,4097,777,5.92,26.7,3.26,4.625563095,0.005920206,253.2,18364.34783,0.256554307
SF10075,Telangana,Nalgonda,Wheat,Kharif,13.3,935.5,28,55.6,6.8,7.21,27.3,131.9,48.9,93.9,Drip,149.7,0.64,0.72,2.77,36.84,22812,657906,840394,182488,5715,6.446,59,2.77,21.71457673,0.006446194,274.7,17858.46906,0.010847458
SF10076,Andhra Pradesh,Guntur,Sugarcane,Kharif,10.64,869,33.2,82.3,5.6,6.42,37.4,148,104.4,90.2,Flood,212.2,5.8,0.79,62.58,665.85,3651,755288,2431018,1675730,23608,28.204,58.8,62.58,68.93120495,0.028204422,342.6,1134.321544,0.098639456
SF10077,Tamil Nadu,Erode,Rice,Kharif,9.53,895.9,29.3,69.4,6.7,6.55,33.2,97.8,56.4,132.2,Flood,194.7,4.54,0.82,3.51,33.45,24003,693617,802900,109283,15015,2.228,46.1,3.51,13.611035,0.002227772,286.4,20735.93423,0.098481562
SF10078,Maharashtra,Nashik,Rice,Kharif,12.47,752.1,30,79.9,7.6,5.69,35.2,107.1,72,59.2,Drip,302.2,3.21,0.83,1.21,15.09,20835,870507,314400,-556107,17522,0.861,52,1.21,-176.8788168,0.000861203,238.3,57687.67396,0.061730769
SF10079,Telangana,Nalgonda,Chilli,Rabi,10,288.6,23.8,61.1,6.9,6.65,26.4,151.5,67.7,182.6,Flood,154.3,1.94,0.9,2.18,21.8,106176,681239,2314637,1633398,6656,3.275,48.4,2.18,70.56821437,0.00327524,401.8,31249.49541,0.040082645
SF10080,Maharashtra,Nashik,Sugarcane,Zaid,9.29,353.9,30.6,46.8,9.1,7.31,8.4,126.5,100.8,101.3,Rainfed,167.2,3.45,0.9,33.55,311.68,3955,541528,1232694,691166,8213,37.95,31.2,33.55,56.06955173,0.037949592,328.6,1737.448665,0.110576923
SF10081,Punjab,Ludhiana,Wheat,Rabi,9.89,336.6,21.1,47.1,7.6,6.98,21.9,131.3,60.5,132.2,Drip,137,6.19,0.7,2.45,24.23,24188,543083,586075,42992,4311,5.621,31.4,2.45,7.335579917,0.005620506,324,22413.66075,0.197133758
SF10082,Telangana,Nalgonda,Chilli,Kharif,4.98,840.8,28,70.9,7.9,5.66,28.3,134.4,46.7,94.8,Flood,151.4,7.02,0.77,0.6,2.99,101883,291542,304630,13088,4366,0.685,53.4,0.6,4.296359518,0.000684837,275.9,97505.68562,0.131460674
SF10083,Karnataka,Raichur,Sugarcane,Rabi,2.46,629.3,23.5,47.5,8.9,6.32,27.2,158.9,44.2,116.8,Rainfed,139.4,6.41,0.83,49.52,121.82,3654,165909,445130,279221,2611,46.656,35.2,49.52,62.72796711,0.046656453,319.9,1361.919225,0.182102273
SF10084,Telangana,Warangal,Pulses,Rabi,7.06,347.6,24.4,51.4,6.9,6.69,19.7,121.2,40,78.1,Sprinkler,128.3,4.81,0.76,1.01,7.13,74942,364864,534336,169472,2392,2.981,44.1,1.01,31.71637322,0.002980769,239.3,51173.07153,0.109070295
SF10085,Andhra Pradesh,Guntur,Wheat,Rabi,14.18,306.6,24.3,49.5,7.9,6.68,24,161,49.7,135.6,Rainfed,173.4,9.13,0.9,2.54,36.02,22904,958688,825002,-133686,4746,7.59,33.9,2.54,-16.20432435,0.007589549,346.3,26615.43587,0.269321534
SF10086,Andhra Pradesh,Krishna,Rice,Kharif,11.43,1007.5,27.9,63.6,6.3,6.4,26.3,83.8,47.9,124.7,Flood,249.6,2.55,0.98,3.33,38.06,17866,836159,679980,-156179,17890,2.127,54.5,3.33,-22.96817553,0.002127446,256.4,21969.49553,0.046788991
SF10087,Andhra Pradesh,Guntur,Wheat,Kharif,2.94,999.5,31.1,77.8,8,6.92,39.9,143,51.8,94.6,Sprinkler,132.4,4.74,0.9,2.65,7.79,24206,176531,188565,12034,1608,4.845,48.3,2.65,6.381884231,0.004844527,289.4,22661.23235,0.098136646
SF10088,Telangana,Warangal,Chilli,Kharif,5.72,931,28.2,70.2,8.9,6.93,27.8,77.7,68.9,107.2,Rainfed,236.9,5.57,0.8,1.98,11.33,109884,453409,1244986,791577,1628,6.959,55.9,1.98,63.5811969,0.006959459,253.8,40018.4466,0.099642218
SF10089,Karnataka,Raichur,Chilli,Kharif,13.29,782.6,22.9,55.5,5.9,6.55,37.3,80.3,58.6,92,Rainfed,106.8,8.08,0.82,2.19,29.11,92503,635701,2692762,2057061,4522,6.437,34.3,2.19,76.39223221,0.006437417,230.9,21837.89076,0.235568513
SF10090,Madhya Pradesh,Indore,Rice,Rabi,13.57,281.2,24.2,49.5,7.6,6.53,20.7,121.1,51.8,83.1,Drip,207.9,4.54,0.99,3.39,46,19221,896302,884166,-12136,20830,2.208,37.6,3.39,-1.372592929,0.002208353,256,19484.82609,0.120744681
SF10091,Andhra Pradesh,Guntur,Cotton,Rabi,10.09,599.6,23.8,66.7,8,6.04,28.3,122.9,81.9,73.5,Drip,173.1,7.97,0.8,1.39,14.03,60616,643648,850442,206794,5719,2.453,46.4,1.39,24.31606153,0.002453226,278.3,45876.55025,0.171767241
SF10092,Tamil Nadu,Erode,Pulses,Rabi,12.32,683.4,29.7,37.8,7.5,6.7,21.8,111.9,54,65.2,Flood,117.7,5.41,0.91,1.58,19.47,58916,727065,1147095,420030,5323,3.658,35.7,1.58,36.61684516,0.003657712,231.1,37342.83513,0.151540616
SF10093,Andhra Pradesh,Guntur,Sugarcane,Kharif,12.74,973.7,29.9,57.5,7.4,6.65,25.8,110.1,57.6,89.8,Drip,134,4.39,0.72,70.23,894.73,3671,856862,3284554,2427692,18596,48.114,51.9,70.23,73.91237897,0.048114111,257.5,957.6766175,0.084585742
SF10094,Telangana,Nalgonda,Rice,Zaid,10.27,460.2,31.7,44.2,9,6.64,17.3,118,55.5,112.6,Flood,247.2,5.92,0.79,3.27,33.58,24002,766612,805987,39375,18301,1.835,17.1,3.27,4.885314527,0.001834872,286.1,22829.42228,0.34619883
SF10095,Madhya Pradesh,Indore,Groundnut,Kharif,4.03,1096.7,27.3,82.9,7.6,6.48,32.8,146.1,40.3,82.4,Rainfed,232.1,6.66,0.77,1.5,6.04,64834,258458,391597,133139,731,8.263,59.4,1.5,33.99898365,0.008262654,268.8,42791.0596,0.112121212
SF10096,Telangana,Warangal,Pulses,Kharif,3.76,950,25.5,84,5.8,6.33,33.7,140.9,62.8,130.3,Flood,150,3.28,0.95,1.21,4.55,70036,223965,318664,94699,1828,2.489,56.8,1.21,29.7175081,0.002489059,334,49223.07692,0.057746479
SF10097,Andhra Pradesh,Guntur,Pulses,Kharif,10.41,585.6,29.2,70.1,7.1,7.64,34.6,98.5,72.5,135,Drip,164.5,4.97,0.96,0.55,5.73,82936,684024,475223,-208801,3010,1.904,45.5,0.55,-43.93747777,0.001903654,306,119375.9162,0.109230769
SF10098,Punjab,Ludhiana,Groundnut,Kharif,9.1,652.8,25,77.5,7.6,7.23,29.9,98.3,42.8,126.9,Rainfed,253.1,3.82,0.79,1.42,12.92,53588,545378,692357,146979,2681,4.819,61.5,1.42,21.22878804,0.004819097,268,42211.9195,0.062113821
SF10099,Karnataka,Raichur,Pulses,Kharif,9.9,1121.7,27.6,75.5,6.1,6.85,39.5,107.2,89.9,103.5,Flood,167.8,4.7,0.87,1.06,10.49,88373,588226,927033,338807,4884,2.148,64.1,1.06,36.5474584,0.00214783,300.6,56074.9285,0.073322933
SF10100,Andhra Pradesh,Krishna,Wheat,Rabi,13.36,297.6,24.5,63.9,6.4,6.15,22.1,95.1,28.5,132.6,Flood,283,4.95,0.74,1.66,22.18,24589,908232,545384,-362848,9398,2.36,45.9,1.66,-66.53073798,0.002360077,256.2,40948.24166,0.107843137
SF10101,Tamil Nadu,Erode,Pulses,Rabi,3.05,585.1,23,51.5,7.4,6.26,31.6,142,76.6,138.3,Flood,147.9,7.39,0.68,1.09,3.32,67572,207017,224339,17322,1492,2.225,31.3,1.09,7.721350278,0.002225201,356.9,62354.51807,0.236102236
SF10102,Andhra Pradesh,Guntur,Wheat,Rabi,9.06,482.6,22.6,51.9,7.9,6.41,18.2,93.4,105.9,132.8,Flood,227.7,4.34,0.95,2.21,20.02,26429,549864,529109,-20755,5961,3.358,30.4,2.21,-3.922632199,0.003358497,332.1,27465.73427,0.142763158
SF10103,Punjab,Ludhiana,Pulses,Rabi,4.45,703.6,21.8,52.5,5.7,6.48,28.3,121.8,57.4,115.6,Drip,193.1,2.63,0.69,1.35,6.01,86409,250066,519318,269252,1388,4.33,53,1.35,51.84723041,0.004329971,294.8,41608.31947,0.049622642
SF10104,Maharashtra,Nashik,Maize,Kharif,2.35,679.8,30.6,66,5.8,7.17,31.4,88.1,67.2,89.4,Sprinkler,193.7,3.09,0.85,3.51,8.25,16408,157988,135366,-22622,1402,5.884,42.8,3.51,-16.71172968,0.005884451,244.7,19150.06061,0.072196262
SF10105,Andhra Pradesh,Krishna,Wheat,Zaid,12.3,80,30.5,61.2,10.2,5.44,16.8,100.3,53,125.6,Flood,302.3,5.9,0.87,0.3,3.69,26773,1063989,98792,-965197,9826,0.376,31.3,0.3,-976.9991497,0.000375534,278.9,288343.9024,0.188498403
SF10106,Telangana,Warangal,Groundnut,Kharif,13.44,981.1,27.2,78.8,8.2,6.5,25,114.7,39.9,76.1,Rainfed,194.3,6.1,0.9,1.79,24.06,52927,857391,1273424,416033,3856,6.24,55.7,1.79,32.67042242,0.006239627,230.7,35635.53616,0.10951526
SF10107,Andhra Pradesh,Guntur,Groundnut,Zaid,11.21,241.9,32,37,9.3,7.28,21.3,119.5,42.9,98.4,Drip,347.9,10.76,0.89,1,11.21,58908,979301,660359,-318942,4291,2.612,5,1,-48.29827412,0.002612445,260.8,87359.58965,2.152
SF10108,Andhra Pradesh,Krishna,Groundnut,Kharif,0.73,758.7,29.5,95,5,5.2,25.6,75.5,44.9,89.9,Drip,172.9,3.64,0.9,0.3,0.22,52598,44813,11572,-33241,301,0.731,59.5,0.3,-287.2537159,0.000730897,210.3,203695.4545,0.061176471
SF10109,Gujarat,Rajkot,Cotton,Rabi,11.07,248.7,26.3,49.9,8.4,6.13,38.1,164.6,41.2,153.2,Drip,205.6,3.36,0.86,1.19,13.17,70978,655991,934780,278789,6911,1.906,44.5,1.19,29.82402276,0.001905658,359,49809.49127,0.075505618
SF10110,Madhya Pradesh,Indore,Maize,Rabi,4.05,478.5,23.1,73.2,8.5,7.09,23.2,130,50.9,120,Drip,341.6,6.2,0.85,3.95,16,19804,279751,316864,37113,2055,7.786,44.9,3.95,11.71259594,0.007785888,300.9,17484.4375,0.138084633
SF10111,Punjab,Ludhiana,Pulses,Kharif,13.42,926.2,26.6,80.5,6.5,6.69,30.1,156,88.3,98.3,Drip,96.2,4.16,0.89,1.73,23.22,73297,584910,1701956,1117046,3763,6.171,58.5,1.73,65.6330716,0.006170609,342.6,25189.92248,0.071111111
SF10112,Gujarat,Rajkot,Groundnut,Rabi,5.8,410.9,23.5,51.4,6.3,7.08,27.4,141.7,76.5,73.7,Drip,181.6,5.67,0.7,1.89,10.96,66100,384950,724456,339506,2058,5.326,42.7,1.89,46.86357764,0.005325559,291.9,35123.17518,0.132786885
SF10113,Gujarat,Rajkot,Maize,Rabi,1.03,489.2,18.4,58,9.3,6.25,21.8,128.1,48.7,103.4,Rainfed,98.1,7.9,0.66,2.44,2.51,21424,60695,53774,-6921,291,8.625,20.3,2.44,-12.87053223,0.00862543,280.2,24181.2749,0.389162562
SF10114,Gujarat,Rajkot,Sugarcane,Rabi,14.35,740.8,24.8,72.5,7.9,7,26.3,87.3,30.2,107.6,Sprinkler,147.1,2.23,0.92,58.06,833.16,3807,847509,3171840,2324331,27123,30.718,64.2,58.06,73.28020959,0.030717841,225.1,1017.222382,0.034735202
SF10115,Punjab,Ludhiana,Pulses,Kharif,11.89,937.3,22.8,72.9,6.8,6.89,23.1,61.3,62.8,140.9,Rainfed,174.4,1.89,0.69,0.99,11.77,74584,840145,877854,37709,2683,4.387,64.9,0.99,4.295589016,0.00438688,265,71380.20391,0.029121726
SF10116,Karnataka,Raichur,Rice,Rabi,0.58,566.9,21.6,51.7,8.2,5.41,17.8,141.3,71.4,133.8,Drip,221.4,7.55,0.94,0.5,0.29,22660,40401,6571,-33830,849,0.342,37.1,0.5,-514.8379242,0.000341578,346.5,139313.7931,0.203504043
SF10117,Telangana,Warangal,Maize,Kharif,13.77,850.2,31.2,57.4,8.3,5.8,29.8,109.1,57.8,140.6,Flood,129.9,2.9,0.92,1.43,19.69,21209,705327,417605,-287722,8861,2.222,55.4,1.43,-68.89812143,0.002222097,307.5,35821.58456,0.05234657
SF10118,Telangana,Nalgonda,Rice,Zaid,13.6,327.7,26.9,42.8,10,7.34,15.7,118,32.6,59.6,Sprinkler,235.3,6.63,0.67,1.54,20.94,20763,955996,434777,-521219,20384,1.027,31.4,1.54,-119.8819165,0.001027276,210.2,45654.05922,0.211146497
SF10119,Maharashtra,Nashik,Pulses,Rabi,11.2,346.3,23.4,32.4,7.2,6.91,25,129.4,34.7,104.6,Sprinkler,129,6.4,0.81,1.12,12.54,69488,668822,871380,202558,3842,3.264,32.6,1.12,23.24565632,0.003263925,268.7,53335.08772,0.196319018
SF10120,Tamil Nadu,Erode,Groundnut,Kharif,13.76,968.7,27.3,71.1,5.7,6.88,27,96.8,62.5,128.4,Sprinkler,232.2,1.55,0.88,1.91,26.28,40712,964006,1069911,105905,7261,3.619,74.9,1.91,9.898486883,0.003619336,287.7,36682.11568,0.020694259
SF10121,Gujarat,Rajkot,Groundnut,Kharif,11.46,619.1,24.5,83.3,6.6,6.71,30.4,84.1,46.5,113.3,Rainfed,184.4,4.84,0.84,2.07,23.72,65653,811732,1557289,745557,2898,8.185,60.2,2.07,47.87531409,0.008184955,243.9,34221.41653,0.080398671
SF10122,Tamil Nadu,Erode,Cotton,Kharif,3.26,896.1,34.8,69.5,7.2,5.55,26.4,63.3,59.8,144.8,Sprinkler,164.3,4.67,0.98,0.3,0.98,57631,193353,56478,-136875,2439,0.402,51.3,0.3,-242.3510039,0.000401804,267.9,197298.9796,0.091033138
SF10123,Telangana,Warangal,Rice,Rabi,4.65,227.6,24.9,55.9,6.8,7.8,26.3,97.5,96.6,97,Flood,162.3,3.82,0.95,0.66,3.07,26404,294129,81060,-213069,8874,0.346,36.6,0.66,-262.8534419,0.000345954,291.1,95807.49186,0.104371585
SF10124,Madhya Pradesh,Indore,Pulses,Kharif,2.54,499.7,29.6,76.4,7.2,7.74,30.7,112.7,42.4,125,Drip,201.3,4.02,0.97,0.4,1.02,73000,182833,74460,-108373,895,1.14,51.3,0.4,-145.5452592,0.001139665,280.1,179248.0392,0.078362573
SF10125,Gujarat,Rajkot,Pulses,Kharif,14.46,763.3,32.5,77,6.3,7.23,27.2,158.4,51.1,56.6,Rainfed,206.5,4.14,0.97,0.78,11.28,79479,1012756,896523,-116233,2927,3.854,65.4,0.78,-12.96486537,0.003853775,266.1,89783.33333,0.063302752
SF10126,Telangana,Nalgonda,Chilli,Rabi,8.45,575.8,24.3,57.8,7.5,7.02,18.5,115.2,67.5,125,Sprinkler,197.3,4.51,0.93,2.34,19.77,90018,532885,1779656,1246771,5842,3.384,57.1,2.34,70.05685368,0.003384115,307.7,26954.22357,0.078984238
SF10127,Andhra Pradesh,Guntur,Wheat,Rabi,3.75,99.6,27.2,56.7,6.8,6.08,26.1,160.8,66.3,46.8,Rainfed,101.6,4.45,0.97,1.6,6,23135,192862,138810,-54052,1165,5.15,41.7,1.6,-38.93955767,0.005150215,273.9,32143.66667,0.106714628
SF10128,Tamil Nadu,Erode,Wheat,Rabi,11.28,281.9,23.4,69.3,7.4,6.62,27.2,154.3,28.4,95.3,Rainfed,154.9,5.89,0.68,2.24,25.27,27337,702245,690806,-11439,3065,8.245,31,2.24,-1.655891813,0.008244698,278,27789.67155,0.19
SF10129,Karnataka,Raichur,Maize,Rabi,10.33,606.2,21.7,46.6,9.5,6.73,33.2,121.8,60.8,92.8,Drip,166.9,3.5,0.84,4.89,50.51,19769,685674,998532,312858,5130,9.846,48.8,4.89,31.33179508,0.009846004,275.4,13575.01485,0.071721311
SF10130,Telangana,Nalgonda,Pulses,Rabi,3.95,296,23.2,68.3,8.3,6.93,17,77,76.7,68.9,Sprinkler,114.9,9.35,0.74,1.01,3.99,86219,272305,344014,71709,1545,2.583,22.2,1.01,20.8447912,0.002582524,222.6,68246.86717,0.421171171
SF10131,Telangana,Nalgonda,Wheat,Kharif,4.55,759.9,26.9,78,8.1,6.17,32.2,115.5,63.7,55.6,Flood,127,5.57,0.91,2.73,12.42,23075,292455,286592,-5863,3187,3.897,47,2.73,-2.045765409,0.003897082,234.8,23547.10145,0.118510638
SF10132,Andhra Pradesh,Guntur,Cotton,Kharif,6.85,1044.5,26.3,73.7,7.1,7.12,31.5,153.5,70,88.9,Sprinkler,178.3,4.87,0.96,1.86,12.74,67026,398694,853911,455217,5482,2.324,46.2,1.86,53.30965405,0.002323969,312.4,31294.66248,0.105411255
SF10133,Telangana,Warangal,Sugarcane,Kharif,3.83,1158.2,27.2,68.4,7,7.4,32.2,84.3,51.2,95.2,Sprinkler,252.4,5.08,0.82,29.47,112.87,3123,263380,352493,89113,6337,17.811,53.9,29.47,25.28078572,0.017811267,230.7,2333.480996,0.094248609
SF10134,Madhya Pradesh,Indore,Chilli,Rabi,5.69,765.3,22.2,56.6,7.4,6.42,21.5,139.4,72.6,128.8,Flood,227.4,5.88,0.87,1.88,10.7,117774,375375,1260182,884807,5136,2.083,37.9,1.88,70.21263595,0.002083333,340.8,35081.7757,0.155145119
SF10135,Punjab,Ludhiana,Cotton,Rabi,8.33,537.6,20.5,63.2,7.2,7.31,30,126.6,82.2,98.2,Drip,201.8,3.16,0.7,1.11,9.25,62535,460863,578449,117586,5878,1.574,41,1.11,20.32780764,0.001573665,307,49823.02703,0.077073171
SF10136,Tamil Nadu,Erode,Cotton,Rabi,4.29,812.8,28,56.6,8.7,7.65,27.6,126,43.4,158.3,Rainfed,272.7,5.64,0.97,0.51,2.19,71950,281826,157570,-124256,1849,1.184,57.3,0.51,-78.85765057,0.001184424,327.7,128687.6712,0.098429319
SF10137,Maharashtra,Nashik,Groundnut,Rabi,5.33,582.1,22.4,44.7,8,5.2,19.5,133.4,63,125.4,Flood,139.1,4.68,0.94,0.3,1.6,52984,278482,84774,-193708,3109,0.515,36.6,0.3,-228.499304,0.000514635,321.8,174051.25,0.127868852
SF10138,Andhra Pradesh,Krishna,Wheat,Kharif,6.37,672.2,25.3,66.5,8.6,6.73,37.6,115.8,60.6,108.7,Drip,137.3,6.29,0.91,4.38,27.9,23998,417483,669544,252061,3243,8.603,46.9,4.38,37.64666699,0.008603145,285.1,14963.54839,0.134115139
SF10139,Punjab,Ludhiana,Wheat,Rabi,13.3,752.6,26.9,45.1,8.4,5.74,24.4,154.8,81.9,91.4,Drip,124.1,4.74,0.76,1.49,19.82,22320,912967,442382,-470585,6473,3.062,30.3,1.49,-106.3752594,0.00306195,328.1,46062.91625,0.156435644
SF10140,Tamil Nadu,Erode,Wheat,Rabi,9.85,586.7,28.3,56.9,7.8,6.96,21.9,140.5,70.9,147.9,Flood,147.6,3.67,0.78,3.16,31.13,21067,752982,655816,-97166,7671,4.058,44.3,3.16,-14.81604596,0.004058141,359.3,24188.3071,0.082844244
SF10141,Telangana,Warangal,Groundnut,Kharif,8.76,443.7,28.8,77.7,8.4,8.4,32.3,139.5,47.3,96.8,Drip,281.3,2.15,0.99,0.3,2.63,59496,557065,156474,-400591,4202,0.626,66,0.3,-256.0112223,0.000625892,283.6,211811.7871,0.032575758
SF10142,Maharashtra,Nashik,Wheat,Kharif,11.36,695,25.8,67,5.6,7.19,31.1,134.4,69.3,108.5,Rainfed,245.2,6.07,0.89,2.17,24.65,19736,649416,486492,-162924,3334,7.394,38.8,2.17,-33.48955379,0.007393521,312.2,26345.47667,0.156443299
SF10143,Gujarat,Rajkot,Wheat,Kharif,5.98,873.4,28,75.4,6.5,6.82,21.3,122.8,55.8,55.4,Rainfed,161.4,4.38,0.71,2.54,15.19,27576,333731,418879,85148,1807,8.406,49.4,2.54,20.32758864,0.008406198,234,21970.44108,0.088663968
SF10144,Telangana,Nalgonda,Rice,Rabi,2.07,336.3,24,48.2,10.1,6.71,17.9,124.5,59.7,166.8,Sprinkler,147.6,2.53,0.74,3.98,8.24,20254,146114,166893,20779,2491,3.308,36.9,3.98,12.45049223,0.003307908,351,17732.28155,0.068563686
SF10145,Punjab,Ludhiana,Chilli,Rabi,14.69,159.9,22.3,47.4,9.2,6.06,18.8,192.2,58.9,131.2,Flood,178.5,6,0.91,1.39,20.42,107756,1018941,2200378,1181437,12655,1.614,34.2,1.39,53.69245648,0.001613591,382.3,49899.16748,0.175438596
SF10146,Andhra Pradesh,Krishna,Wheat,Kharif,13.57,922.3,28,87.4,6,6.07,27.3,111.3,54.5,104.8,Flood,184.9,6.25,0.74,1.98,26.87,20998,864572,564216,-300356,9147,2.938,48.1,1.98,-53.23422235,0.002937575,270.6,32176.10718,0.12993763
SF10147,Tamil Nadu,Erode,Cotton,Rabi,11.52,537.2,26.2,63.9,7,7.63,22.4,121.3,44.7,124.1,Flood,159.7,9.77,0.72,0.66,7.6,65554,894553,498210,-396343,10714,0.709,35.4,0.66,-79.55340118,0.000709352,290.1,117704.3421,0.275988701
SF10148,Andhra Pradesh,Krishna,Chilli,Kharif,1.07,880.4,33.3,71.7,8.2,7.84,40.9,146,71.8,109.1,Flood,118.5,5.35,0.87,0.47,0.5,89501,71809,44750,-27059,742,0.674,47.4,0.47,-60.46703911,0.000673854,326.9,143618,0.112869198
SF10149,Andhra Pradesh,Krishna,Groundnut,Rabi,2.86,108,27.9,78.3,9.4,6.97,23.2,153.2,85.1,100.1,Flood,166.9,4.18,0.78,1.49,4.26,59116,188358,251834,63476,1704,2.5,42,1.49,25.20549251,0.0025,338.4,44215.49296,0.09952381
SF10150,Tamil Nadu,Erode,Groundnut,Kharif,13.86,878.5,29.8,81.4,6.3,7.65,30.1,83.4,84.4,152.7,Flood,204.1,3.38,0.94,0.72,9.98,60346,1025521,602253,-423268,9248,1.079,70.8,0.72,-70.2807624,0.001079152,320.5,102757.6152,0.047740113
SF10151,Telangana,Nalgonda,Chilli,Rabi,2.99,587,27.9,46.2,8.2,6.5,20.2,141.7,74.9,51.5,Drip,320.8,5.61,0.99,3.02,9.03,80884,250199,730383,480184,1595,5.661,32.3,3.02,65.74413698,0.005661442,268.1,27707.53045,0.173684211
SF10152,Telangana,Nalgonda,Rice,Rabi,10.27,240.1,22.1,76.7,6.4,6.62,22.8,150,69.9,134.6,Sprinkler,164.7,4.52,0.96,3.2,32.86,17570,598738,577350,-21388,13621,2.412,30.7,3.2,-3.704511994,0.002412451,354.5,18220.87645,0.14723127
SF10153,Andhra Pradesh,Krishna,Pulses,Kharif,8.5,634.4,23.6,52.2,6.1,7.95,28.8,159.3,50.2,143.5,Drip,151.5,4.78,0.72,0.31,2.64,67989,464484,179491,-284993,2785,0.948,35,0.31,-158.7784346,0.000947935,353,175940.9091,0.136571429
SF10154,Andhra Pradesh,Guntur,Rice,Kharif,6.24,896,28.4,65.9,5.8,7.92,25.6,162.5,70.1,79.7,Drip,133.7,4.96,0.79,0.73,4.56,21168,314286,96526,-217760,8937,0.51,55.4,0.73,-225.5972484,0.000510238,312.3,68922.36842,0.089530686
SF10155,Punjab,Ludhiana,Sugarcane,Kharif,9.12,932.6,29.3,65.5,8.7,6.38,34,40,69.1,113.1,Flood,229.1,4.19,0.82,47.88,436.67,3550,751898,1550178,798280,21550,20.263,54.4,47.88,51.49602175,0.020263109,222.2,1721.890673,0.077022059
SF10156,Andhra Pradesh,Guntur,Sugarcane,Kharif,4.5,867.9,27.3,66.6,7.2,6.17,38.2,115.9,48.2,91.2,Drip,225.6,4.01,0.82,62.09,279.41,3089,290078,863097,573019,8473,32.977,48.7,62.09,66.39103137,0.032976514,255.3,1038.180452,0.082340862
SF10157,Punjab,Ludhiana,Sugarcane,Kharif,14.42,457,27.8,54.9,7,5.2,25.9,107.6,42.6,118.4,Rainfed,167.8,4.06,0.72,4.19,60.42,3027,907734,182891,-724843,13244,4.562,52.8,4.19,-396.3251335,0.004562066,268.6,15023.73386,0.076893939
SF10158,Maharashtra,Nashik,Cotton,Zaid,5.4,80,30.2,64.5,7.8,7.14,28.8,48.2,93.3,114.5,Flood,219.6,3.56,0.8,0.8,4.32,67951,342108,293548,-48560,5863,0.737,34.8,0.8,-16.5424394,0.000736824,256,79191.66667,0.102298851
SF10159,Telangana,Warangal,Pulses,Kharif,13.92,1197.9,22.3,74.6,7.2,7.84,24,108.1,92.6,132.5,Flood,64.1,8.65,0.67,0.3,4.18,84840,1020899,354631,-666268,5884,0.71,49.9,0.3,-187.8764124,0.000710401,333.2,244234.2105,0.173346693
SF10160,Andhra Pradesh,Guntur,Rice,Rabi,1.46,80,22.5,67.8,6.9,6.47,26.5,90.2,75.4,114.8,Rainfed,134.3,0.75,0.88,2.37,3.46,22447,88554,77667,-10887,1462,2.367,50.4,2.37,-14.01753641,0.002366621,280.4,25593.64162,0.014880952
SF10161,Telangana,Nalgonda,Rice,Kharif,2.76,820.3,27.4,80.6,6.8,5.25,22.7,87.5,61.7,51.9,Flood,140.1,6.72,0.93,0.3,0.83,22344,185413,18546,-166867,5573,0.149,63.4,0.3,-899.7465761,0.000148932,201.1,223389.1566,0.105993691
SF10162,Maharashtra,Nashik,Rice,Rabi,12.53,442.9,20.5,53,7.6,6.06,25.2,128.5,63.6,100.6,Sprinkler,76.8,6.87,0.87,2.33,29.19,24451,855715,713725,-141990,18604,1.569,29.7,2.33,-19.89421696,0.001569017,292.7,29315.34772,0.231313131
SF10163,Andhra Pradesh,Krishna,Maize,Zaid,1.58,313.9,27.7,41.8,9,6.87,16.5,142.9,59.9,99.3,Sprinkler,143.5,8.86,0.81,3.69,5.83,20761,121054,121037,-17,662,8.807,25.6,3.69,-0.014045292,0.008806647,302.1,20763.97942,0.34609375
SF10164,Tamil Nadu,Erode,Pulses,Zaid,3.55,445.9,29.7,61.1,8.2,5.58,20,98.2,25.5,139.1,Flood,194.7,2.7,0.89,0.298591549,1.06,58920,206701,62455,-144246,1837,0.577,44.3,0.298591549,-230.9598911,0.000577028,262.8,195000.9434,0.060948081
SF10165,Andhra Pradesh,Guntur,Sugarcane,Rabi,4,391.2,25.6,59.8,8.7,7.19,21.8,76.7,74.6,111.1,Rainfed,189.6,7.85,0.67,36.91,147.64,3771,259517,556750,297233,3618,40.807,24,36.91,53.38715761,0.040807076,262.4,1757.768897,0.327083333
SF10166,Tamil Nadu,Erode,Wheat,Kharif,13.1,795.3,24.5,55.5,6.3,8.34,30.9,124.8,46.3,149.8,Flood,161.7,7.08,0.97,0.3,3.93,21813,871765,85725,-786040,10261,0.383,44.8,0.3,-916.9320502,0.000383004,320.9,221823.1552,0.158035714
SF10167,Telangana,Warangal,Chilli,Kharif,14.99,697.7,27.4,61.3,6.5,5.53,26.2,172.2,76.6,104.8,Sprinkler,172.4,5.59,0.99,0.7,10.49,102884,940792,1079253,138461,8999,1.166,48.6,0.7,12.82933659,0.001165685,353.6,89684.65205,0.115020576
SF10168,Maharashtra,Nashik,Rice,Rabi,8.43,407.1,21.3,60.1,8,6.59,24.4,116.4,70.6,128.5,Flood,301.1,2.9,0.98,3.22,27.14,18202,706137,494002,-212135,13146,2.065,33.7,3.22,-42.94213384,0.002064506,315.5,26018.31245,0.086053412
SF10169,Tamil Nadu,Erode,Chilli,Zaid,8.99,142.5,37.1,65.7,7.6,6.47,20,104.1,52.9,124.6,Drip,199.5,7.2,0.76,1.19,10.7,116560,644651,1247192,602541,4758,2.249,33.9,1.19,48.31180764,0.002248844,281.6,60247.75701,0.212389381
SF10170,Tamil Nadu,Erode,Cotton,Rabi,4.65,520,20.1,58.6,8,6.32,31.3,85.4,85.2,69.1,Drip,69.1,4.84,0.89,1.43,6.65,70386,222809,468067,245258,2992,2.223,42.7,1.43,52.39805412,0.002222594,239.7,33505.11278,0.113348946
SF10171,Gujarat,Rajkot,Maize,Kharif,7.86,699.2,31.4,73.3,8.7,6.71,31.3,113.7,59.6,117.1,Flood,231.6,3.08,0.73,4.2,33.01,20755,430506,685123,254617,6532,5.054,47.7,4.2,37.16369178,0.005053582,290.4,13041.68434,0.064570231
SF10172,Telangana,Warangal,Groundnut,Rabi,12.38,542.7,19.9,61.5,7,6.5,31.8,87.3,47.8,144.1,Flood,258,3.65,0.87,1.54,19.07,53882,963373,1027530,64157,8914,2.139,39.5,1.54,6.243807967,0.002139331,279.2,50517.72417,0.092405063
SF10173,Maharashtra,Nashik,Pulses,Kharif,5.96,621.6,27.7,76,8.2,6.8,24.6,111.3,51.8,111.1,Rainfed,44.8,0.65,0.8,1.47,8.76,67101,213412,587805,374393,1242,7.053,59.3,1.47,63.69340172,0.00705314,274.2,24362.10046,0.010961214
SF10174,Telangana,Warangal,Rice,Rabi,4.76,464.9,21.6,62.5,8.1,5.86,20,40,58,52.8,Flood,191.3,2.86,0.96,1.11,5.28,21916,312302,115716,-196586,7861,0.672,46,1.11,-169.886619,0.00067167,150.8,59148.10606,0.062173913
SF10175,Madhya Pradesh,Indore,Wheat,Kharif,2.03,1085.5,28.9,77.9,6.4,6.69,31.9,156.5,35.2,111.4,Rainfed,100.5,5.38,0.98,3.21,6.52,23900,127691,155828,28137,577,11.3,63.9,3.21,18.05644685,0.011299827,303.1,19584.5092,0.084194053
SF10176,Andhra Pradesh,Guntur,Pulses,Zaid,2.53,80,34,56.9,8.8,7.99,22.8,131,39.9,129.8,Flood,262.9,6.8,0.99,0.3,0.76,67343,179667,51181,-128486,1363,0.558,35.4,0.3,-251.042379,0.000557594,300.7,236403.9474,0.192090395
SF10177,Telangana,Warangal,Chilli,Zaid,13.38,117.8,31.6,43.9,6.4,7.07,19.4,182.1,34.4,122,Rainfed,158.9,4.95,0.78,1.5,20.07,92244,788466,1851337,1062871,4313,4.653,43.7,1.5,57.4109954,0.004653374,338.5,39285.7997,0.113272311
SF10178,Maharashtra,Nashik,Groundnut,Rabi,12.77,520.5,27.1,55.7,7.4,6.18,31.3,89.9,72.2,109.1,Rainfed,269.9,1.63,0.72,1.19,15.2,55049,974498,836745,-137753,4087,3.719,53.7,1.19,-16.46296064,0.003719109,271.2,64111.71053,0.030353818
SF10179,Tamil Nadu,Erode,Pulses,Rabi,7.05,356.7,27,49.5,6.2,5.2,14.4,156.7,45.1,164.2,Rainfed,116.3,8.18,0.99,0.3,2.11,76299,557552,160991,-396561,1334,1.582,21.6,0.3,-246.3249498,0.001581709,366,264242.654,0.378703704
SF10180,Karnataka,Raichur,Rice,Zaid,10.65,177.6,31.5,43.6,8,7.55,18.2,144.8,31.1,122.8,Flood,184.8,5.33,0.9,1,10.65,17097,808697,182083,-626614,21888,0.487,28,1,-344.1364652,0.000486568,298.7,75933.99061,0.190357143
SF10181,Karnataka,Raichur,Wheat,Zaid,3.71,576.2,29.3,48.9,8,6.67,20.9,152.4,69.7,78.9,Rainfed,40,3.98,0.97,2.3,8.53,22539,163945,192258,28313,992,8.599,44,2.3,14.72656534,0.00859879,301,19219.81243,0.090454545
SF10182,Maharashtra,Nashik,Wheat,Rabi,7.42,532.6,24.4,65,6.8,6.94,25.9,83,50.6,92.5,Sprinkler,144.3,5.24,0.85,2.89,21.44,25961,476065,556604,80539,3382,6.339,45.8,2.89,14.46971276,0.006339444,226.1,22204.52425,0.11441048
SF10183,Telangana,Nalgonda,Rice,Rabi,14.58,641.7,21.3,61.8,7.5,6.65,22.6,99.8,40.7,134.7,Flood,289.4,3.74,0.96,3.1,45.2,25564,1035362,1155493,120131,23605,1.915,43.4,3.1,10.39651473,0.001914849,275.2,22906.23894,0.086175115
SF10184,Andhra Pradesh,Krishna,Chilli,Kharif,11.4,815.8,28.6,80.2,8.8,6.61,37,133.2,69.6,100.5,Rainfed,145.7,9.41,0.76,2.38,27.13,102137,710093,2770977,2060884,3802,7.136,37.8,2.38,74.37391216,0.007135718,303.3,26173.71913,0.248941799
SF10185,Tamil Nadu,Erode,Pulses,Kharif,1.95,1072.4,25.9,71.1,5.7,5.95,34.2,48.2,98.5,146.8,Drip,241.7,9.25,0.88,0.64,1.25,77841,134547,97301,-37246,628,1.99,46.9,0.64,-38.27915438,0.001990446,293.5,107637.6,0.197228145
SF10186,Andhra Pradesh,Guntur,Rice,Zaid,7.74,271.1,36,49.9,6.5,7.22,16.9,112.5,39,152,Sprinkler,137,3.85,0.95,1.84,14.24,23621,593150,336363,-256787,11788,1.208,42.9,1.84,-76.34222551,0.001208008,303.5,41653.79213,0.08974359
SF10187,Madhya Pradesh,Indore,Rice,Rabi,2.39,608.8311856,21.3,55.5,8.4,7.08,30,103.3,53.4,102.7,Flood,177.5,6.51,0.77,2.41,5.76,22588,171055,130107,-40948,3882,1.484,43.3,2.41,-31.4725572,0.001483771,259.4,29697.04861,0.15034642
SF10188,Madhya Pradesh,Indore,Wheat,Kharif,1.44,927.2,27.3,75.8,7.2,6.61,36.9,188.9,61.6,121.1,Drip,215.6,4.27,0.74,3.53,5.08,24563,117305,124780,7475,666,7.628,72.6,3.53,5.990543356,0.007627628,371.6,23091.53543,0.058815427
SF10189,Madhya Pradesh,Indore,Pulses,Rabi,5.67,358.4,25.1,59.5,7.5,6.62,30.1,151.4,39.8,124.4,Drip,184.6,4.55,0.81,1.27,7.2,73052,389581,525974,136393,1597,4.508,40.6,1.27,25.93150992,0.004508453,315.6,54108.47222,0.112068966
SF10190,Andhra Pradesh,Krishna,Groundnut,Kharif,2.04,927,27.7,70.9,5,6.97,31.8,154.2,68.9,113.4,Flood,257.7,8.39,0.67,2.06,4.2,52915,140715,222243,81528,1093,3.843,43.9,2.06,36.68417003,0.003842635,336.5,33503.57143,0.191116173
SF10191,Madhya Pradesh,Indore,Chilli,Kharif,2.16,1068.9,29.7,73,7.1,6.97,30.6,148.9,50.1,126.2,Sprinkler,308.3,6.18,0.83,1.7,3.67,102163,183052,374938,191886,1427,2.572,60.7,1.7,51.17806144,0.002571829,325.2,49877.92916,0.101812191
SF10192,Gujarat,Rajkot,Wheat,Rabi,12.63,275.6,25.3,59.8,8.1,6.75,29.7,93.9,58.2,76.2,Rainfed,260.6,6.26,0.77,2.09,26.4,27106,850962,715598,-135364,3909,6.754,32.2,2.09,-18.91620714,0.006753645,228.3,32233.40909,0.194409938
SF10193,Punjab,Ludhiana,Rice,Rabi,7.76,432,19.9,72.8,6.9,6.37,24.5,136.6,43.7,161.8,Drip,180,3.09,0.93,3.1,24.06,26456,533300,636531,103231,9887,2.433,43.4,3.1,16.21774902,0.002433499,342.1,22165.41978,0.071198157
SF10194,Maharashtra,Nashik,Rice,Kharif,9.19,756.7,30.1,82.9,6.8,7.24,29.1,172.5,71.9,155.2,Flood,140.2,4.73,0.92,3.24,29.78,24484,589790,729134,139344,21159,1.407,72.7,3.24,19.11089045,0.001407439,399.6,19804.90262,0.065061898
SF10195,Karnataka,Raichur,Pulses,Rabi,12.32,371,24.4,50.4,8.3,7.25,25.7,80,28.9,96.8,Rainfed,224.9,2.66,0.94,0.67,8.25,79182,799704,653252,-146452,2643,3.121,39.6,0.67,-22.41891337,0.003121453,205.7,96933.81818,0.067171717
SF10196,Tamil Nadu,Erode,Cotton,Kharif,1.06,702,22.4,57.3,6.7,6.93,34.9,91.7,63.1,105.8,Flood,227.4,5.51,0.75,1.72,1.82,76512,76346,139252,62906,1005,1.811,42.2,1.72,45.17421653,0.001810945,260.6,41948.35165,0.13056872
SF10197,Karnataka,Raichur,Rice,Kharif,4.53,1118.6,25.9,69.2,7,6.35,26.4,150.2,79.1,95.8,Sprinkler,202,7.96,0.97,3.08,13.95,26403,301726,368322,66596,6984,1.997,42.7,3.08,18.08091833,0.001997423,325.1,21629.10394,0.186416862
SF10198,Tamil Nadu,Erode,Wheat,Kharif,7.71,636.3,25.7,76.2,7.4,5.79,40.8,90.9,61.2,144.1,Drip,212.6,2.51,0.74,1.44,11.1,27940,498280,310134,-188146,3735,2.972,66.5,1.44,-60.66603468,0.002971888,296.2,44890.09009,0.037744361
SF10199,Andhra Pradesh,Guntur,Wheat,Kharif,5.9,516.3,26.7,70.4,4.9,7.41,34.4,110.5,78.1,148.2,Flood,138.8,6.57,0.71,2.02,11.92,22196,430850,264576,-166274,3837,3.107,44.9,2.02,-62.84545839,0.003106594,336.8,36145.13423,0.146325167
SF10200,Madhya Pradesh,Indore,Rice,Kharif,9.01,1096.9,28.7,67.7,7.8,6.99,29.6,87.6,42,109.5,Rainfed,198.9,2.56,0.75,3.1,27.93,18625,573606,520196,-53410,5948,4.696,57.5,3.1,-10.26728387,0.004695696,239.1,20537.27175,0.044521739
SF10201,Punjab,Ludhiana,Wheat,Rabi,5.61,227.1,22.6,77,8.4,6.19,30.3,148.9,56.1,91.2,Rainfed,213.6,7.57,0.98,1.44,8.08,20443,386380,165179,-221201,1481,5.456,19.7,1.44,-133.9159336,0.005455773,296.2,47819.30693,0.384263959
SF10202,Gujarat,Rajkot,Chilli,Kharif,4.29,720,27.5,71.6,6.9,8.13,26,160.9,62.8,100.2,Sprinkler,171.6,6.88,0.79,0.3,1.29,94967,274657,122507,-152150,2873,0.449,43.2,0.3,-124.1969847,0.000449008,323.9,212912.4031,0.159259259
SF10203,Telangana,Nalgonda,Rice,Kharif,6.06,1331.9,29,64.2,7.1,5.67,33.9,106.4,55.6,76.4,Flood,205.5,7.46,0.77,0.68,4.12,20981,435383,86442,-348941,11662,0.353,57.5,0.68,-403.6706694,0.000353284,238.4,105675.4854,0.12973913
SF10204,Telangana,Nalgonda,Wheat,Rabi,1.01,598.1,25.9,78.9,7.8,6.21,23.1,150.6,41,80.4,Flood,82,6.12,0.71,2.23,2.25,22156,60567,49851,-10716,694,3.242,49.5,2.23,-21.49605825,0.003242075,272,26918.66667,0.123636364
SF10205,Andhra Pradesh,Guntur,Rice,Kharif,11.88,1083.4,24.2,62.5,6.2,8.13,38.7,110.9,52.6,56.4,Sprinkler,223.9,6.87,0.74,0.3,3.56,21194,733733,75451,-658282,18603,0.191,48.3,0.3,-872.462923,0.000191367,219.9,206104.7753,0.142236025
SF10206,Karnataka,Raichur,Pulses,Rabi,2.9,387.8,19.8,63,7.5,7.1,20.5,95.2,66.5,171.8,Sprinkler,266.4,7.25,0.91,0.89,2.58,79398,255473,204847,-50626,984,2.622,32.4,0.89,-24.71405488,0.002621951,333.5,99020.54264,0.223765432
SF10207,Tamil Nadu,Erode,Chilli,Kharif,13.11,888.3,29.6,52.4,5.2,6.23,34,125.8,52.3,80.1,Rainfed,129.2,3.3,0.71,1.77,23.2,105502,842025,2447646,1605621,4471,5.189,51.1,1.77,65.59857921,0.005188996,258.2,36294.18103,0.064579256
SF10208,Madhya Pradesh,Indore,Wheat,Kharif,12.21,1074.1,27.2,66.7,6.6,6.64,36,130.7,76.2,96.2,Sprinkler,129.8,4.76,0.82,3.55,43.35,24703,914406,1070875,156469,7034,6.163,70.6,3.55,14.61132252,0.006162923,303.1,21093.56401,0.067422096
SF10209,Madhya Pradesh,Indore,Chilli,Kharif,7.95,938.3,27.7,77,6.3,5.98,26.1,203.7,42.8,118.3,Rainfed,255.3,5.86,0.94,1.39,11.05,96896,521704,1070701,548997,2770,3.989,50,1.39,51.27453883,0.00398917,364.8,47213.03167,0.1172
SF10210,Gujarat,Rajkot,Chilli,Rabi,14.57,521.6,24.7,60.1,7.5,7.46,29.4,168.3,51.8,93.8,Drip,155.4,5.78,0.89,1.42,20.69,111232,981067,2301390,1320323,8577,2.412,44.3,1.42,57.37067598,0.002412265,313.9,47417.44804,0.130474041
SF10211,Madhya Pradesh,Indore,Groundnut,Kharif,2.3,1057.3,27.6,64.9,6.3,6.85,31.8,138.3,60.2,111.1,Flood,213.4,7.08,0.68,1.89,4.35,56093,174691,244005,69314,1524,2.854,54.7,1.89,28.40679494,0.002854331,309.6,40158.85057,0.129433272
SF10212,Tamil Nadu,Erode,Cotton,Zaid,10.3,318.6,33.7,47.5,8.2,7.62,15,111.4,51.8,120.7,Sprinkler,199.4,4.91,0.75,0.52,5.36,47673,679477,255527,-423950,7236,0.741,34.3,0.52,-165.9120171,0.000740741,283.9,126768.097,0.143148688
SF10213,Andhra Pradesh,Krishna,Cotton,Zaid,0.66,667.2,32.2,57.5,9.3,6.69,17,112.1,57,96.1,Drip,161.4,7.77,0.76,1.93,1.27,64259,51256,81609,30353,414,3.068,35.3,1.93,37.19320173,0.003067633,265.2,40359.05512,0.220113314
SF10214,Andhra Pradesh,Krishna,Wheat,Kharif,11.89,657.1,27.7,64.3,6.6,7.16,37,129.9,39.4,130.1,Flood,174.7,7.55,0.77,2.84,33.77,23847,744612,805313,60701,7869,4.292,46.2,2.84,7.537566139,0.004291524,299.4,22049.5114,0.163419913
SF10215,Andhra Pradesh,Krishna,Rice,Kharif,13.64,634.6,28.6,78.5,7.1,6.29,22.7,119.6,45.3,97.4,Flood,307,8.86,0.99,3.59,48.97,20045,1201172,981604,-219568,31242,1.567,40.5,3.59,-22.36828701,0.001567441,262.3,24528.73188,0.218765432
SF10216,Punjab,Ludhiana,Maize,Zaid,8.28,402.2,32.2,39.1,8.6,5.54,16.4,91.9,60.5,83.7,Flood,200,2.95,0.94,0.53,4.39,17593,581982,77233,-504749,5444,0.806,43.4,0.53,-653.540585,0.000806392,236.1,132569.9317,0.06797235
SF10217,Telangana,Warangal,Maize,Rabi,7.77,477.4,22.7,58.5,7.5,7.77,24.8,103.6,41.1,138.8,Flood,269.7,7.32,0.96,0.9,6.99,19175,580465,134033,-446432,5864,1.192,30.8,0.9,-333.0761827,0.001192019,283.5,83042.20315,0.237662338
SF10218,Telangana,Warangal,Maize,Rabi,10.74,354.1,30.7,53.1,8.4,6.94,20.8,135.2,60.2,93.5,Rainfed,378.9,5.07,0.72,2.9,31.15,22268,854715,693648,-161067,3457,9.011,37.5,2.9,-23.22027887,0.009010703,288.9,27438.68379,0.1352
SF10219,Maharashtra,Nashik,Rice,Rabi,13.51,429.3,21.5,53,8.7,6.72,24.9,139.1,50.1,65.1,Drip,220.9,4.77,0.88,3.62,48.91,18502,1021676,904933,-116743,19127,2.557,39.5,3.62,-12.90073409,0.002557118,254.3,20888.89798,0.120759494
SF10220,Karnataka,Raichur,Wheat,Kharif,11.24,917.5,27.2,87.7,7.6,6.29,32.8,161.6,47.9,100.1,Flood,132.5,4.03,0.74,3.06,34.39,19691,684228,677173,-7055,7308,4.706,58.8,3.06,-1.04183126,0.004705802,309.6,19896.1326,0.068537415
SF10221,Telangana,Nalgonda,Wheat,Kharif,14.91,582.5,25.1,80.6,6.4,7.92,29.4,121.4,35.7,76.6,Rainfed,137,3.71,0.74,0.5,7.46,21510,843471,160465,-683006,3891,1.917,53.4,0.5,-425.6417287,0.001917245,233.7,113065.8177,0.069475655
SF10222,Gujarat,Rajkot,Pulses,Rabi,12.64,397.3,22.2,39.7,6.1,5.95,22.7,109.6,58.5,139,Sprinkler,182.9,6.11,0.81,0.57,7.2,68344,807725,492077,-315648,4935,1.459,25.9,0.57,-64.14605844,0.001458967,307.1,112184.0278,0.235907336
SF10223,Maharashtra,Nashik,Sugarcane,Rabi,11.44,699.6,24.7,50.6,7.4,6.82,23,146.2,69.9,61.9,Rainfed,177.6,0.73,0.72,72.54,829.86,3876,638104,3216537,2578433,12436,66.73,58,72.54,80.16177025,0.06673046,278,768.929699,0.012586207
SF10224,Tamil Nadu,Erode,Groundnut,Rabi,11.68,662,26.9,55.4,8.6,6.76,20.5,129.6,42.3,81.8,Drip,284.1,3.59,0.81,2.31,26.98,48397,752579,1305751,553172,5070,5.321,60.1,2.31,42.36427925,0.005321499,253.7,27893.95849,0.059733777
SF10225,Maharashtra,Nashik,Wheat,Rabi,11.73,631.8,24.3,59.5,6.4,5.8,25.5,146,31.5,128.9,Sprinkler,236.4,1.65,1,1.15,13.49,26910,688355,363016,-325339,6446,2.093,57.7,1.15,-89.62111863,0.002092771,306.4,51027.05708,0.028596187
SF10226,Madhya Pradesh,Indore,Rice,Rabi,14.85,93.2,23.1,57.7,7,6.52,24.7,169.6,36.8,77,Sprinkler,109.7,0.5,0.76,2.32,34.45,20864,754599,718765,-35834,21415,1.609,45.6,2.32,-4.985495955,0.001608686,283.4,21904.17997,0.010964912
SF10227,Karnataka,Raichur,Maize,Rabi,1.07,569.7,22.8,61.5,7.7,7.05,27.1,161.9,69.4,72.6,Drip,278.3,1.92,0.97,4.38,4.69,24139,74863,113212,38349,607,7.727,53.5,4.38,33.87361764,0.007726524,303.9,15962.26013,0.03588785
SF10228,Telangana,Warangal,Sugarcane,Kharif,6.03,859.1,31.4,63.4,7.2,5.86,27.7,158.8,47.2,133.9,Rainfed,84.2,3.19,0.7,26.01,156.84,4457,302565,699036,396471,6273,25.002,53.8,26.01,56.71682145,0.025002391,339.9,1929.131599,0.05929368
SF10229,Telangana,Nalgonda,Cotton,Rabi,4.99,427.5,25.5,66,7.7,6.67,16.7,130.9,70.3,65,Drip,183,6.98,0.67,1.81,9.03,64283,363381,580475,217094,3228,2.797,43,1.81,37.3993712,0.002797398,266.2,40241.52824,0.162325581
SF10230,Gujarat,Rajkot,Cotton,Rabi,8.12,525.4,23.1,48.3,8.4,7.6,24.9,139.2,42.9,106.7,Drip,269.7,8.1,0.99,0.75,6.09,69342,533293,422293,-111000,4611,1.321,12.6,0.75,-26.28506748,0.001320755,288.8,87568.63711,0.642857143
SF10231,Madhya Pradesh,Indore,Sugarcane,Rabi,4.03,443.6,25,80,8.7,8.02,29.3,66.1,48.4,168.5,Flood,151.4,5.38,0.67,6.4,25.79,2814,272172,72573,-199599,9527,2.707,51.1,6.4,-275.0320367,0.002707043,283,10553.39279,0.105283757
SF10232,Telangana,Warangal,Rice,Rabi,3.04,762.2,24.1,74.1,8,5.9,28.4,169,19.9,66.1,Flood,124.6,2.59,0.84,1.88,5.72,19143,206700,109498,-97202,6612,0.865,61.6,1.88,-88.77057115,0.000865094,255,36136.36364,0.042045455
SF10233,Punjab,Ludhiana,Wheat,Rabi,7.06,413.9,20.6,59.6,9.3,6.57,17.3,40,52.3,67.6,Rainfed,128.4,5.16,0.73,1.86,13.13,22016,356320,289070,-67250,1948,6.74,38.2,1.86,-23.26426125,0.006740246,159.9,27137.85225,0.135078534
SF10234,Karnataka,Raichur,Groundnut,Zaid,9.37,593,28.3,45.1,9.3,6.03,16.4,147.2,50.1,115.4,Flood,112.6,6.51,0.78,1.11,10.4,49981,568865,519802,-49063,6123,1.699,38.7,1.11,-9.438786307,0.001698514,312.7,54698.55769,0.168217054
SF10235,Andhra Pradesh,Krishna,Maize,Rabi,13.85,322.4,24.3,49.9,7.4,6.79,21.4,101.7,55,125.8,Flood,177.6,6.81,0.88,3.57,49.44,21954,927022,1085406,158384,9586,5.158,17.2,3.57,14.5921434,0.005157521,282.5,18750.44498,0.395930233
SF10236,Tamil Nadu,Erode,Cotton,Kharif,9.47,842.2,27.5,65.3,5.8,6.12,32.9,125.6,53.7,95.8,Sprinkler,192.6,4.22,0.66,1.48,14.02,66486,543335,932134,388799,7638,1.836,55.9,1.48,41.71063388,0.001835559,275.1,38754.2796,0.07549195
SF10237,Maharashtra,Nashik,Rice,Kharif,1.06,666.6,27.6,66.1,7,7.01,25.2,134.4,48.4,111.2,Flood,245.2,1.8,0.92,4.2,4.45,19831,71828,88248,16420,1875,2.373,68.8,4.2,18.60665398,0.002373333,294,16141.1236,0.026162791
SF10238,Telangana,Warangal,Cotton,Kharif,9.61,868.3,27,55.1,5.3,6.52,32.5,114.8,45.5,108.9,Rainfed,305,10.04,0.94,1.78,17.11,76635,744664,1311225,566561,4191,4.083,41.7,1.78,43.20852638,0.004082558,269.2,43522.15079,0.240767386
SF10239,Madhya Pradesh,Indore,Cotton,Kharif,14.86,831.2,26.2,83.4,5.1,6.48,26.8,98.7,63.4,81.3,Sprinkler,98,3.55,0.78,1.75,26,68849,724874,1790074,1065200,11571,2.247,57.4,1.75,59.50591987,0.002246997,243.4,27879.76923,0.06184669
SF10240,Karnataka,Raichur,Groundnut,Kharif,11.06,987.5,28.8,86.8,7.4,5.98,40.4,147.4,75.4,112.5,Drip,93.7,0.5,0.75,1.45,16.04,54909,560869,880740,319871,4046,3.964,73.5,1.45,36.31843677,0.003964409,335.3,34966.89526,0.006802721
SF10241,Punjab,Ludhiana,Groundnut,Kharif,11.73,864.6,29.4,64.3,6,7.03,37.2,143.3,55.8,103.4,Drip,216.4,6.38,0.94,2.15,25.22,55478,825852,1399155,573303,6297,4.005,45.4,2.15,40.97494559,0.004005082,302.5,32745.91594,0.140528634
SF10242,Andhra Pradesh,Krishna,Wheat,Kharif,10.28,882,27,74.5,6.2,6.52,27.6,197.1,92.2,113.2,Sprinkler,177.5,2.4,0.7,3.7,38.04,23909,692487,909498,217011,6501,5.851,66.4,3.7,23.86052526,0.005851407,402.5,18204.17981,0.036144578
SF10243,Andhra Pradesh,Guntur,Chilli,Rabi,0.97,365.1,22,59.2,7.1,6.93,22.6,147.7,59.8,156.6,Drip,110.6,3.41,0.73,2.74,2.66,129624,63010,344800,281790,565,4.708,46,2.74,81.72563805,0.004707965,364.1,23687.96992,0.074130435
SF10244,Madhya Pradesh,Indore,Cotton,Kharif,5.8,1042.7,30.8,69.5,6.6,6.98,25.7,89.4,74.9,162.7,Flood,218.1,4.96,0.95,1.56,9.05,81028,435462,733303,297841,5518,1.64,63.7,1.56,40.61636186,0.001640087,327,48117.34807,0.077864992
SF10245,Maharashtra,Nashik,Cotton,Kharif,8.7,301.8,25.1,62.3,7.1,7.01,31.5,171.9,55.7,122.5,Flood,81.9,6.25,0.81,1.64,14.27,78943,542130,1126517,584387,7544,1.892,42.9,1.64,51.8755598,0.001891569,350.1,37990.88998,0.145687646
SF10246,Maharashtra,Nashik,Maize,Zaid,7.23,589.9,30.3,46.3,9.2,6.72,18.7,145.3,71,114.7,Sprinkler,143,6.7,0.91,4,28.92,23402,463524,676786,213262,4998,5.786,34.3,4,31.51099461,0.005786315,331,16027.80083,0.195335277
SF10247,Maharashtra,Nashik,Wheat,Kharif,10.39,853.1,28.7,69.4,6.1,7.01,39.2,109.7,62.3,118.3,Rainfed,178.9,3.73,0.93,2.43,25.25,26639,641176,672635,31459,2782,9.076,67.3,2.43,4.676979342,0.009076204,290.3,25393.10891,0.055423477
SF10248,Andhra Pradesh,Krishna,Chilli,Kharif,14.86,566.3,27.6,69.4,6.4,6.41,30.1,166,28.7,104.4,Flood,199.3,7.14,0.69,3.09,45.92,105082,1283161,4825365,3542204,12869,3.568,40.2,3.09,73.40800126,0.003568265,299.1,27943.40157,0.17761194
SF10249,Karnataka,Raichur,Rice,Kharif,10.08,815.3,25.2,70.3,7,6.83,36.9,84.9,42.8,99.3,Flood,167.7,5.96,0.79,2.88,29.03,24070,884269,698752,-185517,17417,1.667,45.6,2.88,-26.54976301,0.001666762,227,30460.5236,0.130701754
SF10250,Punjab,Ludhiana,Pulses,Rabi,9.13,523.9,23.7,72,10,6.61,19.5,144,95.1,106.5,Drip,263.8,3.09,0.9,1.51,13.79,69559,695453,959219,263766,3257,4.234,50.7,1.51,27.49799577,0.004233958,345.6,50431.68963,0.060946746
SF10251,Karnataka,Raichur,Wheat,Kharif,6.11,1073.4,29.7,91.5,6.1,7.3,27.5,174.3,69.2,145,Flood,101.7,9.55,0.7,2.05,12.53,23410,390120,293327,-96793,3748,3.343,55.3,2.05,-32.9983261,0.003343116,388.5,31134.8763,0.172694394
SF10252,Maharashtra,Nashik,Wheat,Rabi,7.27,358,21.1,72.4,7.9,6.53,19.4,130.2,52,110.4,Rainfed,186.5,0.63,0.69,2.07,15.05,23711,434624,356851,-77773,1897,7.934,55.3,2.07,-21.79425026,0.007933579,292.6,28878.6711,0.011392405
SF10253,Punjab,Ludhiana,Groundnut,Kharif,5.18,761.4,28.7,75.3,7.3,6.13,29.1,125.5,78.6,142.1,Rainfed,177.7,5.62,0.84,1.42,7.36,52109,340725,383522,42797,1083,6.796,49.7,1.42,11.15894264,0.006795937,346.2,46294.15761,0.113078471
SF10254,Punjab,Ludhiana,Sugarcane,Zaid,5.93,571.6019185,33.3,61,9.4,6.61,17.8,173.1,40.7,95.7,Drip,210.9,5.35,0.83,62.76,372.17,3595,385870,1337951,952081,10283,36.193,58.7,62.76,71.15963141,0.036192745,309.5,1036.811135,0.091141397
SF10255,Andhra Pradesh,Guntur,Chilli,Kharif,3.02,851.4,28.5,74.7,7.1,5.92,33.8,167.4,92,96.9,Drip,224.2,3.85,0.76,1.09,3.29,108364,216704,356518,139814,1863,1.766,60.5,1.09,39.21653325,0.001765969,356.3,65867.4772,0.063636364
SF10256,Andhra Pradesh,Guntur,Wheat,Kharif,5.86,1003.4,28.5,72.1,6,6.12,26.7,121,84.8,75.8,Rainfed,220.9,6.73,0.73,1.5,8.79,24053,415353,211426,-203927,1629,5.396,53.4,1.5,-96.45313254,0.005395948,281.6,47252.90102,0.126029963
SF10257,Gujarat,Rajkot,Maize,Kharif,2.35,881.7,30.5,74,7,6.36,19.1,121.9,80.6,102.6,Flood,96.8,6.78,0.7,3.64,8.55,22106,173694,189006,15312,1596,5.357,50.8,3.64,8.101330117,0.005357143,305.1,20315.08772,0.133464567
SF10258,Andhra Pradesh,Krishna,Chilli,Zaid,10.77,227.5,34.8,37.3,9.7,7.4,18.7,93.8,51,93,Sprinkler,246,3.31,0.89,0.79,8.51,105325,835467,896316,60849,7801,1.091,52.9,0.79,6.788788775,0.001090886,237.8,98174.73561,0.062570888
SF10259,Karnataka,Raichur,Maize,Kharif,10.77,673.7,30.2,70.6,5.3,5.9,26.8,112.3,53.3,142.7,Drip,130.9,8.28,0.66,2.42,26.06,18503,687574,482188,-205386,5059,5.151,43.9,2.42,-42.59458966,0.005151216,308.3,26384.26708,0.188610478
SF10260,Maharashtra,Nashik,Chilli,Rabi,8.75,648.9,21.3,67.1,9,6.07,25.2,70.8,59.2,114.8,Drip,245.5,6.75,1,1.38,12.08,115078,614924,1390142,775218,4203,2.874,48,1.38,55.76538224,0.002874138,244.8,50904.30464,0.140625
SF10261,Madhya Pradesh,Indore,Cotton,Kharif,1.94,956,26.8,71.7,6.7,5.89,27.7,94.4,54,75.4,Flood,96.5,7.43,0.81,0.84,1.63,60257,147405,98219,-49186,1563,1.043,55.3,0.84,-50.07788717,0.001042866,223.8,90432.51534,0.134358047
SF10262,Telangana,Warangal,Pulses,Zaid,7.15,366.1,25.6,50.9,7.5,5.92,14.4,116,62.9,84.6,Drip,160.6,3.62,0.81,0.45,3.22,79258,389681,255211,-134470,2476,1.3,33.9,0.45,-52.68973516,0.001300485,263.5,121018.9441,0.106784661
SF10263,Telangana,Warangal,Rice,Kharif,7.67,427.9,29.1,78.1,7.6,5.37,31.6,117.2,52.4,73.2,Drip,252.2,5.61,0.78,0.45,3.45,17959,498588,61959,-436629,9465,0.365,40.8,0.45,-704.7063381,0.000364501,242.8,144518.2609,0.1375
SF10264,Punjab,Ludhiana,Chilli,Rabi,13.95,866.6,27.4,49.1,8.5,7.13,29.5,183.9,48.2,78,Sprinkler,182.4,3.33,0.85,2.53,35.29,112997,828217,3987664,3159447,8108,4.352,56.3,2.53,79.23052193,0.004352491,310.1,23468.88637,0.059147425
SF10265,Gujarat,Rajkot,Wheat,Rabi,13.89,545.1,24.4,59.6,8.5,6.59,17.3,77.6,88.6,135.9,Flood,233.3,4.44,0.83,3.06,42.5,24636,878128,1047030,168902,9998,4.251,51,3.06,16.13153396,0.00425085,302.1,20661.83529,0.087058824
SF10266,Madhya Pradesh,Indore,Rice,Rabi,0.57,536.7,24.5,66,5.1,6.04,29.5,138.8,52.1,159.3,Rainfed,211.9,3.66,0.92,2.14,1.22,19550,35833,23851,-11982,494,2.47,49.4,2.14,-50.23688734,0.002469636,350.2,29371.31148,0.074089069
SF10267,Andhra Pradesh,Krishna,Wheat,Rabi,2.96,275.4,21.6,77.5,7.9,6.19,23.5,188.5,48.6,80.4,Flood,239,2.45,0.94,1.52,4.5,25497,179355,114736,-64619,2064,2.18,52.9,1.52,-56.31972528,0.002180233,317.5,39856.66667,0.0463138
SF10268,Karnataka,Raichur,Cotton,Zaid,11.51,80,32.4,60.4,9.7,7.1,17.7,128.6,37.9,116.7,Sprinkler,199.6,7.84,0.7,0.89,10.24,70893,718052,725944,7892,7255,1.411,34.6,0.89,1.087136198,0.00141144,283.2,70122.26563,0.226589595
SF10269,Karnataka,Raichur,Maize,Rabi,11.49,318.9,25.7,55.8,8.8,7.67,26.7,104.4,69,90.3,Flood,257.1,6.58,0.77,1.14,13.1,22919,994488,300239,-694249,8047,1.628,49.9,1.14,-231.2321184,0.001627936,263.7,75915.1145,0.131863727
SF10270,Gujarat,Rajkot,Maize,Kharif,10.27,923,27.6,76.1,9,7.28,24.2,69.6,31.5,108.9,Rainfed,250.5,4.46,0.8,1.93,19.82,19022,803191,377016,-426175,2747,7.215,50.2,1.93,-113.0389692,0.007215144,210,40524.26842,0.088844622
SF10271,Telangana,Warangal,Sugarcane,Rabi,8.99,472.7,23,49.1,7.3,6.45,21.6,97.3,42.7,104.4,Drip,310.4,1.44,0.99,69.71,626.69,3101,680014,1943366,1263352,13059,47.989,52.8,69.71,65.00844411,0.047989126,244.4,1085.088321,0.027272727
SF10272,Tamil Nadu,Erode,Groundnut,Kharif,6.25,600.8484925,33,76.6,7.6,5.73,27.3,105.7,31.5,80.6,Sprinkler,161.9,6.4,0.74,0.45,2.81,57815,445735,162460,-283275,2848,0.987,44.8,0.45,-174.3659978,0.000986657,217.8,158624.5552,0.142857143
SF10273,Gujarat,Rajkot,Maize,Rabi,9.96,575.9673418,23.4,58.7,8.2,6,18.5,101.2,72.2,55.1,Flood,154.2,3.01,0.76,2.25,22.41,23140,591624,518567,-73057,7916,2.831,44.2,2.25,-14.08824703,0.002830975,228.5,26400,0.068099548
SF10274,Maharashtra,Nashik,Cotton,Kharif,10.1,1047.1,27,73.4,6.4,6.56,31.9,108.5,40.8,85.8,Rainfed,263.8,2.8,0.83,1.44,14.54,67923,579815,987600,407785,4445,3.271,66,1.44,41.29050223,0.003271091,235.1,39877.23521,0.042424242
SF10275,Punjab,Ludhiana,Rice,Kharif,8.66,786.7,26.5,62.7,5,5.48,39,151.6,37.3,92.4,Flood,166.1,7.64,0.94,0.69,5.98,21738,686032,129993,-556039,17097,0.35,39.1,0.69,-427.7453401,0.000349769,281.3,114721.0702,0.195396419
SF10276,Telangana,Nalgonda,Cotton,Rabi,5.97,384.7,19.5,73.4,7.1,6.96,28.6,111.1,64.2,110.7,Flood,162.4,4.84,0.76,1.26,7.52,67143,336560,504915,168355,6239,1.205,52.9,1.26,33.34323599,0.001205321,286,44755.31915,0.091493384
SF10277,Gujarat,Rajkot,Wheat,Zaid,5.89,496.4,35,60.6,10.6,7.37,9.3,173.3,57.2,112.3,Flood,209.8,4.68,0.97,1.61,9.48,25369,485236,240498,-244738,4280,2.215,53.8,1.61,-101.7630084,0.002214953,342.8,51185.23207,0.086988848
SF10278,Telangana,Warangal,Pulses,Kharif,12.34,761.1,30.5,84.5,6.7,6.99,35.7,73.3,104.2,106.1,Sprinkler,234.8,6.1,0.97,1.52,18.76,66645,771910,1250260,478350,3148,5.959,64.1,1.52,38.26004191,0.005959339,283.6,41146.58849,0.095163807
SF10279,Andhra Pradesh,Guntur,Rice,Rabi,5.01,554,21.8,59.2,7.6,5.68,28.9,99.2,48.1,91.8,Sprinkler,250.9,8.15,0.98,0.97,4.86,22112,318690,107464,-211226,6835,0.711,20.5,0.97,-196.5551254,0.000711046,239.1,65574.07407,0.397560976
SF10280,Gujarat,Rajkot,Pulses,Kharif,5.83,682.7,25.4,78.1,5.8,6.21,32.8,159.2,51.9,124.5,Flood,138.7,4.13,0.88,1.3,7.58,67952,409290,515076,105786,2628,2.884,61,1.3,20.53794003,0.002884323,335.6,53996.04222,0.067704918
SF10281,Madhya Pradesh,Indore,Maize,Rabi,11.24,341.7,17.3,58.6,7.6,7.14,27.6,162.9,63.7,145,Flood,247.3,6.37,0.77,2.54,28.55,20979,959734,598950,-360784,7130,4.004,39.1,2.54,-60.23607981,0.004004208,371.6,33615.90193,0.162915601
SF10282,Telangana,Warangal,Wheat,Zaid,14.96,126.9,31.3,58.9,9.8,6.88,17.4,80.1,51.6,77,Sprinkler,249.5,3.67,0.83,1.84,27.53,22234,1014951,612102,-402849,8645,3.184,47.4,1.84,-65.81403099,0.0031845,208.7,36867.09045,0.07742616
SF10283,Telangana,Nalgonda,Cotton,Kharif,4.67,1182.2,30.4,82.4,8.3,7.57,35.8,175,80.7,162,Flood,200.9,5.73,0.71,0.63,2.94,76487,376848,224872,-151976,3547,0.829,61.5,0.63,-67.5833363,0.000828869,417.7,128179.5918,0.093170732
SF10284,Gujarat,Rajkot,Maize,Kharif,12.39,578.9,27.8,71.2,6.2,6.48,39.1,84.7,65.7,119.9,Flood,127.8,2.52,0.88,3.39,42,26140,866233,1097880,231647,10156,4.135,41,3.39,21.09948264,0.004135486,270.3,20624.59524,0.061463415
SF10285,Telangana,Warangal,Pulses,Rabi,4.58,320.1,25.2,47.4,9.4,5.55,25.4,151.6,66.1,89.2,Rainfed,80.9,0.5,0.97,0.3,1.37,71750,211886,98298,-113588,875,1.566,64.3,0.3,-115.5547417,0.001565714,306.9,154661.3139,0.00777605
SF10286,Telangana,Warangal,Rice,Rabi,2.9,405.4,19.9,46,6.8,6.19,27.5,98.1,76.3,65.5,Rainfed,124.5,5.98,0.97,1.91,5.54,22564,176959,125005,-51954,2271,2.439,23.9,1.91,-41.56153754,0.002439454,239.9,31942.05776,0.250209205
SF10287,Madhya Pradesh,Indore,Maize,Kharif,12.36,1034.9,36.5,82.8,8.9,7.49,36.6,64.9,75.3,67.7,Flood,137.3,3.32,0.76,1.23,15.2,21733,716009,330342,-385667,8787,1.73,73.5,1.23,-116.7477947,0.001729828,207.9,47105.85526,0.045170068
SF10288,Andhra Pradesh,Guntur,Wheat,Rabi,12.6,606.5359375,22.9,56,7,6.51,26.1,150.6,52.2,86.2,Drip,186.9,3.64,0.77,3.46,43.6,23714,689733,1033930,344197,5158,8.453,50,3.46,33.29016471,0.008452889,289,15819.56422,0.0728
SF10289,Madhya Pradesh,Indore,Groundnut,Kharif,11.71,1004,28.9,55.2,5.6,7.44,31.5,161.4,59.1,73.7,Sprinkler,199.7,7.69,0.87,1.43,16.75,63360,713481,1061280,347799,7231,2.316,47.1,1.43,32.7716531,0.002316415,294.2,42595.8806,0.163269639
SF10290,Karnataka,Raichur,Rice,Kharif,2.86,1011.4,28.9,95,6.6,6.91,29.6,119.9,88.4,50,Rainfed,170.3,6.68,0.84,3.03,8.67,24972,188064,216507,28443,2364,3.668,48.8,3.03,13.13721958,0.003667513,258.3,21691.34948,0.136885246
SF10291,Tamil Nadu,Erode,Rice,Kharif,11.5,663.3,34.3,67.3,6,7.01,37.2,106.8,95.3,93.7,Rainfed,157.3,5.03,0.87,3.38,38.87,27717,793916,1077360,283444,9497,4.093,47.5,3.38,26.30912601,0.004092871,295.8,20424.90352,0.105894737
SF10292,Tamil Nadu,Erode,Cotton,Rabi,0.63,248.7,22.6,65.5,7.3,6.74,19.6,136.9,43.9,90.9,Sprinkler,89.7,5.07,0.82,1.48,0.93,62638,33774,58253,24479,423,2.199,45.9,1.48,42.02187012,0.002198582,271.7,36316.12903,0.110457516
SF10293,Andhra Pradesh,Guntur,Chilli,Rabi,6.11,508.4,24.2,55.8,7.8,5.51,33,88.2,49.6,105.1,Rainfed,266.1,6.99,0.99,0.35,2.14,107507,452267,230065,-222202,2232,0.959,33,0.35,-96.58227023,0.000958781,242.9,211339.7196,0.211818182
SF10294,Maharashtra,Nashik,Chilli,Rabi,12.94,508.4,22.9,53.1,7.6,6.54,26.4,134.3,53.9,121.3,Drip,91.5,4.16,0.71,2.19,28.34,97175,735429,2753940,2018511,6402,4.427,48.3,2.19,73.2953877,0.004426742,309.5,25950.21171,0.086128364
SF10295,Andhra Pradesh,Guntur,Maize,Rabi,10.44,535.9,22,47,6.3,6.43,29,116.6,43.8,96.4,Flood,214.4,5.14,0.75,3.38,35.29,21170,701150,747089,45939,6222,5.672,32.6,3.38,6.149066577,0.00567181,256.8,19868.23463,0.157668712
SF10296,Telangana,Warangal,Pulses,Kharif,1.13,614.7,31.2,90.6,5.2,6.61,29.1,127.7,53.4,76.9,Sprinkler,40,6.76,0.81,1.51,1.71,90561,82180,154859,72679,416,4.111,51.1,1.51,46.93237074,0.004110577,258,48058.47953,0.132289628
SF10297,Telangana,Warangal,Wheat,Rabi,2.43,461.8,21.1,55.5,7.7,6.24,28.4,115.1,83.9,55.6,Flood,196.3,7.23,0.7,1.96,4.76,22971,155312,109342,-45970,1710,2.784,33,1.96,-42.04239908,0.002783626,254.6,32628.57143,0.219090909
SF10298,Punjab,Ludhiana,Groundnut,Rabi,14.61,756.7,21,52.8,8,6.5,24.9,130.5,62.5,91,Sprinkler,235.4,6.4,0.87,1.9,27.76,59091,982758,1640366,657608,7408,3.747,43.5,1.9,40.08910207,0.0037473,284,35401.94524,0.147126437
SF10299,Tamil Nadu,Erode,Sugarcane,Kharif,8.87,878.7,28.5,76,6.8,7.02,34.9,122.4,57.8,68.2,Sprinkler,220.9,4.83,0.9,71.83,637.13,3461,676634,2205107,1528473,14945,42.632,52.6,71.83,69.31513981,0.042631649,248.4,1062.003045,0.091825095
SF10300,Andhra Pradesh,Krishna,Rice,Kharif,13.44,772,25.3,78.7,7.3,6.52,38.5,142.3,52.1,114.9,Sprinkler,266.4,6.65,0.82,4.3,57.79,24485,1121156,1414988,293832,19584,2.951,43.8,4.3,20.76568847,0.002950878,309.3,19400.51912,0.151826484
SF10301,Andhra Pradesh,Krishna,Groundnut,Kharif,4.28,782.7,28.7,70.4,5.9,7.25,30.2,135.1,96,112.8,Rainfed,237.5,5.02,0.85,1.6,6.85,52680,244113,360858,116745,1165,5.88,47.1,1.6,32.35206092,0.005879828,343.9,35636.93431,0.106581741
SF10302,Andhra Pradesh,Krishna,Sugarcane,Kharif,14.92,684.9,30.6,60.8,6.2,6.08,31.7,91.1,56.1,87.4,Flood,163.6,6.19,0.82,45.71,681.99,3500,1103823,2386965,1283142,25870,26.362,51.8,45.71,53.75621343,0.026362196,234.6,1618.53253,0.119498069
SF10303,Telangana,Warangal,Pulses,Kharif,2.98,914.9,33.2,81.3,6,8.23,26.7,130.1,28.1,94.8,Flood,144.6,7.6,0.73,0.3,0.89,83926,182599,74694,-107905,1396,0.638,38.4,0.3,-144.4627413,0.000637536,253,205167.4157,0.197916667
SF10304,Karnataka,Raichur,Sugarcane,Zaid,14.36,475.9,33.5,54.4,8,7.09,14.7,117,32.5,113.8,Drip,254.1,4.82,0.82,38.78,556.88,3749,1153131,2087743,934612,22104,25.194,46,38.78,44.76662118,0.02519363,263.3,2070.699253,0.104782609
SF10305,Telangana,Warangal,Rice,Kharif,2.12,1040.1,25.4,76.8,7.9,6.7,29.5,135.5,40.9,104.7,Rainfed,257.5,4.24,0.67,2.96,6.28,19355,118052,121549,3497,1741,3.607,50.7,2.96,2.877029017,0.003607122,281.1,18798.08917,0.083629191
SF10306,Telangana,Nalgonda,Chilli,Zaid,9.82,505.7,29,51.2,8.9,7.16,16.9,91.9,25.2,116.5,Drip,225,4.53,0.71,1.56,15.32,97132,748307,1488062,739755,4997,3.066,47.4,1.56,49.71264638,0.00306584,233.6,48845.10444,0.09556962
SF10307,Telangana,Nalgonda,Sugarcane,Zaid,0.91,158.7,28,49.6,9.2,6.4,13.8,147.8,65.1,145.5,Sprinkler,143.9,5.38,0.76,49.31,44.87,3751,61468,168307,106839,1780,25.208,38.1,49.31,63.47864319,0.025207865,358.4,1369.913082,0.141207349
SF10308,Madhya Pradesh,Indore,Sugarcane,Rabi,8.12,342,21.9,62.9,6.1,6.92,27.1,174,81.2,105.7,Flood,272.8,1.76,0.65,52.5,426.3,3061,542008,1304904,762896,19933,21.387,41.7,52.5,58.46376438,0.021386645,360.9,1271.42388,0.042206235
SF10309,Telangana,Warangal,Sugarcane,Rabi,7.83,340.8,21.1,58.9,6.8,6.28,24.2,120.5,39.3,113.7,Drip,186.2,3.78,0.99,41.38,324.01,3157,495786,1022900,527114,12275,26.396,33.8,41.38,51.53133249,0.026395927,273.5,1530.156477,0.11183432
SF10310,Punjab,Ludhiana,Wheat,Zaid,4.23,226.7,30.8,45.5,10.6,6.11,25.3,48.1,34.7,96.6,Flood,207.7,8.18,0.89,1.12,4.74,19674,331941,93255,-238686,2632,1.801,18.4,1.12,-255.949815,0.001800912,179.4,70029.74684,0.444565217
SF10311,Karnataka,Raichur,Chilli,Rabi,8.88,924.5,23.4,61.1,7.1,5.56,22.7,104.9,69.1,121.2,Drip,164.9,5.64,0.69,0.46,4.08,111544,614083,455100,-158983,5986,0.682,47.3,0.46,-34.93364096,0.00068159,295.2,150510.5392,0.119238901
SF10312,Madhya Pradesh,Indore,Cotton,Kharif,6.99,1001,25.5,67.5,8.6,7.01,33.8,75,100.1,90,Drip,277.4,5.04,0.75,1.79,12.51,65072,448934,814051,365117,5005,2.5,56.4,1.79,44.85185818,0.0024995,265.1,35886.01119,0.089361702
SF10313,Madhya Pradesh,Indore,Rice,Kharif,9.74,1029.2,29.3,90.2,5.3,6.2,33.8,98.7,59.8,142.9,Sprinkler,199,2.84,0.99,2.8,27.27,23869,699879,650908,-48971,17594,1.55,80.3,2.8,-7.523490263,0.00154996,301.4,25664.79648,0.035367372
SF10314,Karnataka,Raichur,Groundnut,Rabi,2.8,592.3,28.3,59.5,9.1,7.18,26.6,131.1,38.4,117.3,Sprinkler,157.4,5.49,0.83,1.75,4.9,59662,176849,292344,115495,1278,3.834,40.3,1.75,39.50654024,0.003834116,286.8,36091.63265,0.136228288
SF10315,Madhya Pradesh,Indore,Rice,Zaid,6.31,337.1,30.6,51.2,7.8,6.07,19.8,107.4,42.7,72.8,Rainfed,174.6,6.91,0.82,1.38,8.71,23478,346570,204493,-142077,4924,1.769,32.2,1.38,-69.47768383,0.001768887,222.9,39789.89667,0.214596273
SF10316,Karnataka,Raichur,Rice,Zaid,7.48,229.5,33.3,53,7.4,6.48,15.2,134.3,56.8,103.6,Drip,62.1,6.7,0.85,2.3,17.2,21871,375759,376181,422,8601,2,39.7,2.3,0.112180041,0.001999767,294.7,21846.45349,0.168765743
SF10317,Karnataka,Raichur,Groundnut,Rabi,8.91,582.7,28.5,54.3,8.7,6.31,23.6,143.6,44.4,98.3,Rainfed,228.7,5.69,0.96,1.54,13.72,53288,588508,731111,142603,2776,4.942,51.2,1.54,19.50497257,0.004942363,286.3,42894.1691,0.111132813
SF10318,Madhya Pradesh,Indore,Rice,Kharif,1.19,873.2,30,69.3,7.9,7.73,32.6,130.8,41,82.6,Rainfed,236.3,6.67,0.72,0.93,1.11,22725,76362,25225,-51137,891,1.246,55.8,0.93,-202.7234886,0.001245791,254.4,68794.59459,0.11953405
SF10319,Tamil Nadu,Erode,Wheat,Zaid,2.3,246.5,32.4,61.3,8.3,6.47,19.4,102.3,68.6,119.1,Flood,157,4.6,0.78,1.88,4.32,22122,129621,95567,-34054,1644,2.628,31.4,1.88,-35.63363923,0.002627737,290,30004.86111,0.146496815
SF10320,Karnataka,Raichur,Groundnut,Kharif,9.15,767.5,26.5,75.4,6.7,6.1,30.4,87.3,81.8,130.5,Drip,309.3,4.28,0.89,1.62,14.82,58340,669624,864599,194975,4270,3.471,60.9,1.62,22.55091667,0.003470726,299.6,45183.80567,0.070279146
SF10321,Karnataka,Raichur,Chilli,Kharif,3.41,748,29.3,70.7,7.2,7,30.7,104.3,75.3,72.1,Flood,152.9,3.49,0.68,2.87,9.79,113770,241239,1113808,872569,2898,3.378,68.6,2.87,78.34106058,0.003378192,251.7,24641.36874,0.050874636
SF10322,Telangana,Warangal,Maize,Kharif,14.87,1125.6,27.3,82.1,6.1,5.52,30.2,83.6,59.2,84.1,Sprinkler,78.7,6.75,0.88,0.61,9.07,19625,770947,177999,-592948,10761,0.843,55.9,0.61,-333.1187254,0.000842858,226.9,84999.66924,0.120751342
SF10323,Andhra Pradesh,Krishna,Rice,Zaid,4.49,383.1,33.8,50.1,8.5,7.97,16,136.6,89.8,144.2,Flood,151,5.31,0.67,0.42,1.89,23385,243970,44198,-199772,9468,0.2,44.3,0.42,-451.9933029,0.00019962,370.6,129084.6561,0.11986456
SF10324,Tamil Nadu,Erode,Rice,Kharif,7.02,978.4,30.9,66.1,6.5,6.77,33.5,164,59,38.6,Rainfed,307.9,7.16,0.8,3.01,21.13,22344,610824,472129,-138695,5559,3.801,45.7,3.01,-29.37650515,0.003801043,261.6,28907.90345,0.156673961
SF10325,Punjab,Ludhiana,Sugarcane,Zaid,14.07,80,32.7,49.7,6.4,6.88,18.4,152.7,44.6,82.6,Drip,253.2,4.73,0.92,41.51,584.05,3670,942002,2143464,1201462,22813,25.602,30.1,41.51,56.05235264,0.025601631,279.9,1612.879034,0.157142857
SF10326,Maharashtra,Nashik,Maize,Rabi,7.96,477.9,22.1,64.3,9,7.17,30.5,118.3,52.7,112.3,Flood,223.6,4.73,0.88,2.39,19.02,20060,596875,381541,-215334,4794,3.967,40.5,2.39,-56.43797128,0.003967459,283.3,31381.44059,0.116790123
SF10327,Andhra Pradesh,Krishna,Sugarcane,Rabi,2.35,533.6,20.6,57.1,6.2,6.23,22,114.4,76.9,109.1,Sprinkler,189.4,2.98,0.95,49.62,116.61,3585,171900,418047,246147,4305,27.087,51.1,49.62,58.8802216,0.027087108,300.4,1474.144585,0.058317025
SF10328,Madhya Pradesh,Indore,Groundnut,Rabi,6.23,87.1,27.3,45.3,7.8,6.05,24.3,93.7,47.6,98.3,Flood,108.3,5.88,0.95,1.1,6.85,46950,454076,321608,-132468,4504,1.521,33.7,1.1,-41.1892739,0.00152087,239.6,66288.46715,0.174480712
SF10329,Andhra Pradesh,Guntur,Groundnut,Kharif,2.76,1059.6,29.3,64,7.1,7.11,36.1,151.2,52.3,99.4,Flood,223.1,5.61,0.83,1.6,4.42,65416,201733,289139,87406,1748,2.529,55.6,1.6,30.22975109,0.002528604,302.9,45640.95023,0.100899281
SF10330,Andhra Pradesh,Krishna,Maize,Kharif,0.77,1112,28.1,91,6.1,7.4,33.3,89.7,35.3,76.1,Drip,115.1,8.59,0.85,1.79,1.38,24141,45482,33315,-12167,356,3.876,54.7,1.79,-36.5210866,0.003876404,201.1,32957.97101,0.157038391
SF10331,Tamil Nadu,Erode,Groundnut,Rabi,11.17,159.6,25.7,71.8,8,6.3,19.9,132.3,71,94.7,Rainfed,199.4,8.73,0.77,1.16,12.96,57693,716530,747701,31171,2785,4.654,23.4,1.16,4.16891244,0.004653501,298,55287.80864,0.373076923
SF10332,Telangana,Nalgonda,Chilli,Kharif,13.02,976.8,31.6,85.8,6.3,6.47,32.9,125.6,75.2,116.2,Rainfed,331.4,4.56,0.73,1.71,22.26,81627,1038653,1817017,778364,4197,5.304,76.1,1.71,42.83746382,0.005303788,317,46660.06289,0.059921156
SF10333,Karnataka,Raichur,Groundnut,Kharif,3.54,707.6,27.9,89.2,7.8,6.75,34.3,132.5,88.2,159.6,Rainfed,199.2,4.97,0.85,2.45,8.67,57291,250741,496713,245972,980,8.847,64.4,2.45,49.51994411,0.008846939,380.3,28920.53057,0.077173913
SF10334,Tamil Nadu,Erode,Pulses,Kharif,9.67,947.9,26.8,64.4,5.8,5.59,29.8,115.6,51.1,46.2,Flood,153.7,6.41,0.67,0.3,2.9,61274,653536,177695,-475841,4255,0.682,63.5,0.3,-267.78525,0.000681551,212.9,225357.2414,0.100944882
SF10335,Telangana,Warangal,Cotton,Rabi,8.26,359,19,51.5,9.4,7.7,26.3,40,20.2,95.3,Flood,237.5,3.9,0.74,0.31,2.56,66614,601583,170532,-431051,7092,0.361,30.4,0.31,-252.7683954,0.00036097,155.5,234993.3594,0.128289474
SF10336,Telangana,Nalgonda,Chilli,Kharif,2.64,956.5,27.9,57.9,7.4,7.74,38.6,40,54.1,81.5,Drip,124.5,4.84,0.88,0.6,1.58,96947,190964,153176,-37788,1562,1.012,55.8,0.6,-24.66966104,0.001011524,175.6,120863.2911,0.086738351
SF10337,Telangana,Warangal,Rice,Rabi,9.57,686.3,26.1,70.3,8.6,6.41,22.8,132.2,63.9,79,Rainfed,212.7,5.19,0.71,3.75,35.89,24394,712789,875501,162712,8495,4.225,55.6,3.75,18.58501589,0.004224838,275.1,19860.37894,0.093345324
SF10338,Karnataka,Raichur,Pulses,Kharif,4.49,1050.8,30.7,77.2,7.8,6.2,32.4,179.1,75.8,82.2,Drip,210.9,4.21,0.8,1.16,5.21,66648,285507,347236,61729,1369,3.806,64.6,1.16,17.7772466,0.003805698,337.1,54799.80806,0.065170279
SF10339,Madhya Pradesh,Indore,Wheat,Kharif,13.89,860.8,28.2,95,7.2,6,31.9,149.1,34.1,103.7,Flood,148.7,5.98,0.82,1.95,27.09,19374,1105642,524842,-580800,10158,2.667,61,1.95,-110.6618754,0.002666864,286.9,40813.65818,0.098032787
SF10340,Andhra Pradesh,Guntur,Rice,Kharif,3.65,970.5,25.5,65.1,7.1,7.68,29.8,122.6,56.2,74.4,Sprinkler,209.6,4.03,0.77,1.01,3.69,22047,238220,81353,-156867,5926,0.623,55.1,1.01,-192.8226371,0.00062268,253.2,64558.26558,0.073139746
SF10341,Andhra Pradesh,Guntur,Rice,Rabi,1.28,185.1,23.4,57.1,6.7,7.14,22.8,149.8,70.7,111.1,Sprinkler,162.8,3.66,1,2.37,3.03,24733,88834,74941,-13893,1802,1.681,44.1,2.37,-18.53858369,0.001681465,331.6,29318.15182,0.082993197
SF10342,Andhra Pradesh,Krishna,Groundnut,Rabi,3.06,637,22.9,59.3,8.7,6.58,20.1,105.2,50.3,96.8,Rainfed,217.6,7.05,0.93,1.66,5.08,56471,195594,286873,91279,732,6.94,47.8,1.66,31.81860963,0.006939891,252.3,38502.75591,0.14748954
SF10343,Gujarat,Rajkot,Sugarcane,Rabi,8.49,80,24.4,60.5,7.4,7.25,25.1,79.5,42.5,89.1,Sprinkler,171.5,3.43,0.68,32.8,278.47,3349,465569,932596,467027,16970,16.41,33.7,32.8,50.0781689,0.016409546,211.1,1671.88207,0.101780415
SF10344,Andhra Pradesh,Krishna,Pulses,Kharif,12.85,851.7,27.3,71.8,7.4,6.23,34.7,88.5,75.1,114,Drip,138.1,3.01,0.78,1.38,17.73,66617,695842,1181119,485277,3412,5.196,57.6,1.38,41.08620723,0.005196366,277.6,39246.5877,0.052256944
SF10345,Punjab,Ludhiana,Cotton,Kharif,1.87,562,29.5,59.7,6,6.69,31.1,121.5,56.9,81.7,Drip,159.2,6.21,0.82,2.28,4.26,68312,131840,291009,159169,1077,3.955,37.6,2.28,54.69555924,0.003955432,260.1,30948.35681,0.165159574
SF10346,Andhra Pradesh,Krishna,Maize,Kharif,11.53,768.8,25.6,71.5,7.9,6.71,32.7,120.2,73,97.8,Rainfed,180.9,1.59,0.93,4.72,54.42,20185,722506,1098468,375962,3831,14.205,65.1,4.72,34.22603116,0.014205168,291,13276.47924,0.024423963
SF10347,Karnataka,Raichur,Wheat,Kharif,4.67,557.9,30.4,79.6,7.3,6.58,23.7,116.5,43.2,163.8,Rainfed,84.3,3.58,0.83,2.33,10.88,23233,237291,252775,15484,1361,7.994,68.1,2.33,6.125605776,0.007994122,323.5,21809.83456,0.05256975
SF10348,Maharashtra,Nashik,Rice,Kharif,4.23,907,31.2,66.9,6.8,6.09,34.8,145.6,57,94.3,Drip,172.4,3.36,0.72,2.53,10.7,22463,276134,240354,-35780,5365,1.994,67.3,2.53,-14.88637593,0.001994408,296.9,25806.91589,0.049925706
SF10349,Madhya Pradesh,Indore,Pulses,Rabi,13.23,312.8,23.2,73,7.3,6.44,13.5,130.7,57,122.2,Flood,209.5,2.15,0.83,1.08,14.29,72779,801427,1040012,238585,6611,2.162,49.4,1.08,22.94060069,0.002161549,309.9,56083.06508,0.043522267
SF10350,Telangana,Nalgonda,Maize,Zaid,2.77,146.7,32.6,61.9,8.8,6.83,20.2,135.5,46.6,95.5,Drip,204.5,1.79,0.76,2.74,7.59,21348,185091,162031,-23060,1494,5.08,38.2,2.74,-14.23184452,0.005080321,277.6,24386.16601,0.046858639
SF10351,Maharashtra,Nashik,Rice,Kharif,2.18,822.5,28.9,85,7,7.47,38.4,134.4,57.2,113.1,Rainfed,104.4,5.35,0.94,1.76,3.84,23459,125890,90083,-35807,1787,2.149,55.6,1.76,-39.74889824,0.002148853,304.7,32783.85417,0.096223022
SF10352,Madhya Pradesh,Indore,Rice,Kharif,12.73,909.6,29.3,79.5,7.6,8.31,29.8,40,96.5,72.6,Flood,219.3,4.6,0.97,0.3,3.82,18814,929221,71869,-857352,22531,0.17,68.8,0.3,-1192.93715,0.000169544,209.1,243251.5707,0.066860465
SF10353,Gujarat,Rajkot,Maize,Zaid,5.58,352,27.9,62.3,9.5,7.46,17.8,136.3,49.8,74,Rainfed,125.8,1.74,0.95,1.42,7.92,25935,296682,205405,-91277,1923,4.119,52.3,1.42,-44.43757455,0.004118565,260.1,37459.84848,0.033269598
SF10354,Maharashtra,Nashik,Maize,Kharif,12.95,268.1,25.6,67.9,6.2,7.04,29.7,80.5,16.5,116.6,Rainfed,162.3,4.53,0.99,2.67,34.58,24570,844970,849631,4661,4344,7.96,42.9,2.67,0.548591094,0.007960405,213.6,24435.22267,0.105594406
SF10355,Andhra Pradesh,Guntur,Cotton,Rabi,4.61,345,25.7,50.1,8.6,7.07,35.8,161.8,15,109.6,Drip,228.8,5.55,0.67,1.51,6.96,74230,353949,516641,162692,2933,2.373,24.8,1.51,31.49033855,0.002372997,286.4,50854.74138,0.223790323
SF10356,Maharashtra,Nashik,Cotton,Kharif,5.1,1011.5,26.1,67.8,5.4,6.14,23.1,104.7,40.3,98.1,Sprinkler,127.8,1.9,0.8,1.29,6.58,63004,315919,414566,98647,4344,1.515,64.1,1.29,23.79524611,0.001514733,243.1,48012.00608,0.029641186
SF10357,Telangana,Nalgonda,Maize,Kharif,2.6,897.6,32.5,50.2,8,6.88,33,103.5,70.1,130.3,Sprinkler,175.9,4.42,0.67,4.14,10.76,18324,161663,197166,35503,1707,6.303,48.5,4.14,18.00665429,0.006303456,303.9,15024.44238,0.091134021
SF10358,Telangana,Warangal,Sugarcane,Rabi,14.74,589.1,24.2,54.5,8,6.81,19.1,151.3,80.3,127.8,Sprinkler,187.3,4.43,0.98,84.75,1249.21,3483,972119,4350998,3378879,23936,52.19,43.8,84.75,77.6575627,0.052189589,359.4,778.1870142,0.101141553
SF10359,Andhra Pradesh,Krishna,Maize,Kharif,9.24,958.2,29,54.6,7.6,6.94,32,150.3,66.7,124.4,Drip,156.4,5.87,0.87,4.56,42.13,18442,562151,776961,214810,4826,8.73,53.4,4.56,27.64746236,0.008729797,341.4,13343.24709,0.109925094
SF10360,Karnataka,Raichur,Chilli,Rabi,13.19,221.2,24.3,53.7,7.5,7.3,17.3,89.5,48.1,147.2,Drip,149.4,4.32,0.94,1.24,16.36,96870,739537,1584793,845256,7742,2.113,30.8,1.24,53.33541983,0.002113149,284.8,45203.97311,0.14025974
SF10361,Telangana,Nalgonda,Wheat,Kharif,0.53,717.9,32.9,94.3,6.7,7.49,33.7,122.6,46.1,87.7,Rainfed,160.9,5.75,0.65,1.21,0.64,23493,40202,15036,-25166,177,3.616,37.5,1.21,-167.3716414,0.003615819,256.4,62815.625,0.153333333
SF10362,Telangana,Warangal,Maize,Rabi,12.28,890.2,23.3,54.3,7.6,6.41,20.7,132.8,55.2,97.9,Rainfed,156.2,8.52,0.83,3.77,46.3,22637,753494,1048093,294599,3016,15.351,34.4,3.77,28.10809728,0.015351459,285.9,16274.16847,0.247674419
SF10363,Gujarat,Rajkot,Rice,Kharif,7.76,621.7,31.3,78.7,6.6,8.31,35.2,139.8,29.1,122.7,Flood,290.6,2.17,0.76,0.3,2.33,25024,579940,58306,-521634,14045,0.166,61.6,0.3,-894.6489212,0.000165895,291.6,248901.2876,0.035227273
SF10364,Gujarat,Rajkot,Maize,Kharif,8.95,1180.1,25.4,65.3,6.8,6.49,40.5,87.5,51.9,90.6,Flood,76.2,4.25,1,3.27,29.27,20802,385486,608875,223389,6307,4.641,57.8,3.27,36.68881133,0.004640875,230,13170.00342,0.073529412
SF10365,Andhra Pradesh,Krishna,Maize,Kharif,3.51,638.5,25.7,73,7.8,7.84,37.1,76.1,77.8,129.4,Rainfed,133.7,3.2,0.78,0.88,3.09,23146,193464,71521,-121943,925,3.341,53.5,0.88,-170.4995736,0.003340541,283.3,62609.70874,0.059813084
SF10366,Gujarat,Rajkot,Maize,Kharif,10.31,1149.3,27.9,66.9,7.1,6.96,33.4,97.1,48.5,110.7,Sprinkler,242.3,7.64,0.67,3.62,37.32,17220,785711,642650,-143061,5679,6.572,40.7,3.62,-22.26110636,0.00657158,256.3,21053.34941,0.187714988
SF10367,Telangana,Nalgonda,Rice,Rabi,1.52,361.3,28.8,41.3,8.2,7.07,22.8,113.5,26.2,75,Flood,40,4.3,0.99,3,4.56,20594,71752,93909,22157,2889,1.578,37.3,3,23.59411771,0.001578401,214.7,15735.08772,0.115281501
SF10368,Telangana,Warangal,Maize,Rabi,7.38,758.1,25.8,66.5,7.1,6.03,11.7,111.2,67.4,71.2,Rainfed,177,5.14,0.91,2.69,19.85,24734,538921,490970,-47951,2365,8.393,54.6,2.69,-9.766584516,0.008393235,249.8,27149.67254,0.094139194
SF10369,Punjab,Ludhiana,Maize,Rabi,6.97,494.6,24.4,49.8,6.9,7.48,22.8,159.1,96.1,125.8,Flood,158.8,4.3,0.98,1.68,11.71,20650,408886,241812,-167074,5493,2.132,45.8,1.68,-69.09251815,0.002131804,381,34917.6772,0.093886463
SF10370,Gujarat,Rajkot,Pulses,Zaid,3.64,511.4,29.9,44.5,7.5,7.59,27,128.3,70.1,105,Drip,154,6.07,0.67,0.58,2.11,65636,220371,138492,-81879,1047,2.015,34.5,0.58,-59.12182653,0.002015282,303.4,104441.2322,0.175942029
SF10371,Telangana,Nalgonda,Chilli,Rabi,4.23,454.8,24.8,64.8,9.3,6.68,25.5,91.5,66.9,139.5,Drip,189.7,5.17,0.72,2.43,10.28,97381,256357,1001077,744720,2225,4.62,38.2,2.43,74.39187995,0.004620225,297.9,24937.45136,0.135340314
SF10372,Karnataka,Raichur,Cotton,Kharif,5.54,961.9,30.1,53.9,5.5,6.06,31.3,106.9,34.8,89.8,Drip,305.4,5.17,0.72,1.01,5.6,73541,429603,411830,-17773,3122,1.794,49.9,1.01,-4.315615667,0.001793722,231.5,76714.82143,0.103607214
SF10373,Punjab,Ludhiana,Wheat,Kharif,8.91,830.6,29.6,75.8,6.1,6.44,33.5,124,67.7,149.6,Flood,269.8,1.13,0.81,3.02,26.91,28373,562055,763517,201462,5995,4.489,61.3,3.02,26.38605296,0.004488741,341.3,20886.47343,0.018433931
SF10374,Tamil Nadu,Erode,Cotton,Rabi,7.73,470.5,24.6,63.9,8.1,6.77,15.8,133,43.8,84.1,Drip,148.5,4.46,0.88,2.16,16.7,68296,466151,1140543,674392,4662,3.582,50.7,2.16,59.12902889,0.003582154,260.9,27913.23353,0.087968442
SF10375,Andhra Pradesh,Krishna,Rice,Rabi,10.35,500.9,27.1,41.6,8.5,6.94,26,70.2,84.1,46.3,Rainfed,225.3,2.95,0.88,3,31.05,19328,643304,600134,-43170,8897,3.49,33.3,3,-7.193393475,0.00348994,200.6,20718.32528,0.088588589
SF10376,Tamil Nadu,Erode,Pulses,Zaid,10.74,80,31.4,55,5.7,6.79,20.5,69.8,50.8,121.1,Rainfed,70.7,3.45,0.85,0.72,7.73,80356,580909,621152,40243,2015,3.836,42.8,0.72,6.478768482,0.003836228,241.7,75149.93532,0.080607477
SF10377,Punjab,Ludhiana,Wheat,Kharif,14.29,872.2,27.3,70.9,5.5,6.65,28.6,193.7,45.4,136.4,Flood,229.2,6.28,0.79,3.74,53.44,26616,1033483,1422359,388876,9456,5.651,46.5,3.74,27.34021439,0.005651438,375.5,19339.12799,0.135053763
SF10378,Andhra Pradesh,Guntur,Chilli,Kharif,1.15,780.6,30.9,73.6,6.1,5.84,28.7,40,60.9,129.9,Rainfed,283.6,2.13,0.97,0.79,0.91,114111,70973,103841,32868,409,2.225,70.4,0.79,31.65223756,0.002224939,230.8,77992.30769,0.030255682
SF10379,Telangana,Warangal,Maize,Kharif,10.2,1003,29.8,85,6.2,6.52,36.7,119,58.3,69.1,Flood,343.2,4.15,0.78,4.1,41.82,22998,779375,961776,182401,8738,4.786,61.4,4.1,18.96501888,0.004785992,246.4,18636.41798,0.067589577
SF10380,Andhra Pradesh,Guntur,Wheat,Kharif,11.77,1071.4,29.4,70.6,6.4,6.21,31,126.9,86.7,112.5,Sprinkler,197.5,0.5,0.71,2.52,29.66,20764,708666,615860,-92806,6853,4.328,67.2,2.52,-15.06933394,0.004328032,326.1,23892.98719,0.007440476
SF10381,Madhya Pradesh,Indore,Maize,Rabi,9.56,126.2,27.6,73.5,8,6.72,29.8,167.9,52.4,63,Sprinkler,183.9,8.14,0.93,3.39,32.41,18968,602709,614753,12044,5404,5.997,36.4,3.39,1.959160834,0.005997409,283.3,18596.39,0.223626374
SF10382,Tamil Nadu,Erode,Pulses,Rabi,6.17,537.3,19.5,69.2,6.5,8.26,23.9,161.8,66.7,168.6,Drip,280.7,3.65,0.87,0.3,1.85,83112,483204,153757,-329447,1840,1.005,40,0.3,-214.2647164,0.001005435,397.1,261191.3514,0.09125
SF10383,Tamil Nadu,Erode,Chilli,Rabi,14.63,332,22.1,69.1,8.1,6.83,18.9,96,43.5,134.5,Flood,179.1,4.43,0.85,2.1,30.72,88550,888938,2720256,1831318,12485,2.461,43.8,2.1,67.3215315,0.002460553,274,28936.78385,0.101141553
SF10384,Tamil Nadu,Erode,Chilli,Kharif,7.75,450.4,32.9,58.7,9.1,7.33,31.7,201.9,62.3,142.7,Flood,246.6,3.83,0.95,1.53,11.86,107332,566160,1272958,706798,6393,1.855,39.2,1.53,55.52406285,0.001855154,406.9,47736.93086,0.097704082
SF10385,Maharashtra,Nashik,Cotton,Kharif,9.06,856.6,26.2,64.3,8.1,7.07,39.9,111.7,73.9,44.4,Rainfed,132.2,6.74,0.7,1.5,13.59,70487,543229,957918,414689,3627,3.747,35.5,1.5,43.29065745,0.003746898,230,39972.70052,0.189859155
SF10386,Telangana,Nalgonda,Wheat,Zaid,3.45,537.2,33,55.7,8.4,6.75,15.8,159.3,63,71.9,Sprinkler,269.1,5.02,0.87,2.96,10.21,21001,308439,214420,-94019,1657,6.162,50.5,2.96,-43.84805522,0.006161738,294.2,30209.50049,0.099405941
SF10387,Madhya Pradesh,Indore,Wheat,Kharif,1.24,995.3,28.5,69.5,6.3,5.83,32.2,148.6,78.3,102.6,Flood,156.6,4.3,0.75,1.05,1.3,21490,74716,27937,-46779,903,1.44,70.8,1.05,-167.4446075,0.001439646,329.5,57473.84615,0.060734463
SF10388,Andhra Pradesh,Guntur,Chilli,Zaid,7.95,263.2,27,48.1,8,6.92,21,131.5,53.1,118.8,Drip,149.6,7.79,1,1.95,15.5,92669,496596,1436370,939774,4385,3.535,28.9,1.95,65.42701393,0.003534778,303.4,32038.45161,0.269550173
SF10389,Andhra Pradesh,Guntur,Pulses,Kharif,13.68,797.9,28.1,73.5,8.2,7.82,30.9,131.9,34.3,120,Sprinkler,235.7,8.03,0.78,0.33,4.51,72226,923634,325739,-597895,5379,0.838,42.9,0.33,-183.5503271,0.000838446,286.2,204796.8958,0.187179487
SF10390,Telangana,Warangal,Groundnut,Rabi,2.22,668,23,44.4,6,6.58,20.9,153.9,78.7,61.3,Flood,95.9,6.41,0.67,2.36,5.24,59022,132630,309275,176645,1343,3.902,36.6,2.36,57.11583542,0.003901713,293.9,25311.0687,0.175136612
SF10391,Telangana,Warangal,Chilli,Rabi,11.2,506,22.8,58.3,8.2,6.12,25,151.9,79.1,97.5,Drip,169.2,4.88,0.69,1.71,19.15,89959,812218,1722715,910497,6816,2.81,32.2,1.71,52.85244512,0.002809566,328.5,42413.47258,0.151552795
SF10392,Telangana,Warangal,Cotton,Rabi,11.29,419.2,20.9,32.1,6.6,6.92,16.4,157.5,41.6,106.2,Drip,188,6.03,0.71,1.44,16.26,71823,861316,1167842,306526,7174,2.267,19.8,1.44,26.24721495,0.002266518,305.3,52971.46371,0.304545455
SF10393,Andhra Pradesh,Krishna,Rice,Rabi,4.56,143.6,22.9,59.9,7.9,5.92,20.8,138.3,41.7,100.8,Flood,247.7,6.31,0.69,1.35,6.16,21354,351602,131541,-220061,8987,0.685,24,1.35,-167.2946078,0.000685435,280.8,57078.24675,0.262916667
SF10394,Maharashtra,Nashik,Cotton,Zaid,3.63,505.2,28.6,52.6,4.9,8.03,21.1,82.3,57,62.7,Sprinkler,174.3,7.2,0.8,0.3,1.09,79549,267215,86708,-180507,2833,0.385,17.8,0.3,-208.1780228,0.000384751,202,245151.3761,0.404494382
SF10395,Telangana,Nalgonda,Cotton,Kharif,8.39,620.2,26.7,70.7,6.9,5.92,30.2,66.4,68,125.3,Drip,226.5,5.32,0.95,0.96,8.05,67373,552210,542353,-9857,6223,1.294,52.4,0.96,-1.817450996,0.001293588,259.7,68597.51553,0.101526718
SF10396,Maharashtra,Nashik,Rice,Zaid,2.2,80,33.9,52.3,7.5,6.49,16,119.6,96.6,115.8,Flood,243.6,4.71,0.7,2.07,4.55,21174,154319,96342,-57977,4502,1.011,43.1,2.07,-60.17832306,0.001010662,332,33916.26374,0.109280742
SF10397,Tamil Nadu,Erode,Cotton,Zaid,3.48,256.7,31,58.6,8.4,5.75,25.2,118.9,35.9,142,Drip,104.8,4.78,0.9,0.43,1.5,68030,236379,102045,-134334,2326,0.645,30.4,0.43,-131.6419227,0.000644884,296.8,157586,0.157236842
SF10398,Andhra Pradesh,Guntur,Wheat,Kharif,5.56,855.5,24.4,84.3,6.5,7.36,35.1,163.2,67,147.4,Drip,298.8,6.1,0.89,2.18,12.12,21494,469824,260507,-209317,2695,4.497,63.2,2.18,-80.34985624,0.004497217,377.6,38764.35644,0.096518987
SF10399,Karnataka,Raichur,Pulses,Kharif,14.75,888.7,27.1,69.7,5.4,7.14,24.9,118.3,57.3,110.4,Sprinkler,204.5,6.85,0.85,1.32,19.47,68200,1133339,1327854,194515,4617,4.217,41.2,1.32,14.64882434,0.004217024,286,58209.5018,0.166262136
SF10400,Tamil Nadu,Erode,Pulses,Kharif,8.67,879.2,26.5,69.9,7.3,6.52,35.8,165.1,41.8,73,Flood,136.6,2.36,0.81,1.47,12.74,70352,620548,896284,275736,4195,3.037,59.5,1.47,30.76435594,0.003036949,279.9,48708.63422,0.039663866
SF10401,Tamil Nadu,Erode,Pulses,Zaid,8.91,521.4,32,43.7,8.6,6.03,21.1,93.1,58,73.4,Rainfed,176.3,2.79,0.87,0.66,5.88,68052,420584,400146,-20438,2007,2.93,39.3,0.66,-5.107635713,0.002929746,224.5,71527.89116,0.070992366
SF10402,Telangana,Warangal,Groundnut,Rabi,1.07,378.6,18.3,57.4,7.6,6.57,30.6,98.2,69.9,100.5,Drip,240.6,5.22,0.66,1.9,2.03,55920,82155,113518,31363,500,4.06,31.9,1.9,27.62821755,0.00406,268.6,40470.44335,0.163636364
SF10403,Telangana,Warangal,Chilli,Kharif,7.78,719,27.3,86.9,7.8,7.58,36.3,128.1,75.2,109.4,Drip,163.7,2.44,0.83,1.43,11.13,106697,466547,1187538,720991,4446,2.503,79.1,1.43,60.71308876,0.002503374,312.7,41917.96945,0.030847029
SF10404,Tamil Nadu,Erode,Pulses,Kharif,3.24,997.5,27.2,75,6,7.45,33.2,123.9,43.4,84.9,Flood,219,5.99,0.77,0.64,2.07,62947,179285,130300,-48985,1540,1.344,56.7,0.64,-37.59401381,0.001344156,252.2,86611.11111,0.105643739
SF10405,Madhya Pradesh,Indore,Groundnut,Kharif,1.25,982.9,28.7,69,7.4,7.58,36.5,63.5,49.1,85.9,Drip,282.5,8.04,0.81,0.71,0.89,56780,88048,50534,-37514,539,1.651,43.3,0.71,-74.2351684,0.001651206,198.5,98930.33708,0.185681293
SF10406,Telangana,Warangal,Rice,Rabi,11.27,357.4,25.8,58.7,8.1,6.22,20.3,98.6,50,111.7,Rainfed,143.8,7.18,0.71,2.46,27.72,17765,730400,492446,-237954,7899,3.509,25.6,2.46,-48.32083112,0.003509305,260.3,26349.20635,0.28046875
SF10407,Andhra Pradesh,Guntur,Wheat,Rabi,6.03,524.3,28.5,39.3,7.1,6.3,25.8,54.5,62.9,130.7,Rainfed,250,1.08,0.69,2.26,13.63,26194,381283,357024,-24259,1820,7.489,45.4,2.26,-6.794781303,0.007489011,248.1,27973.80778,0.023788546
SF10408,Karnataka,Raichur,Wheat,Kharif,14.01,1153.3,29.9,83.9,6.4,7.18,30.5,102.8,42.8,129.7,Drip,179.1,2.85,0.99,1.96,27.46,23786,996586,653164,-343422,6822,4.025,81.1,1.96,-52.57821925,0.004025213,275.3,36292.27968,0.0351418
SF10409,Karnataka,Raichur,Wheat,Kharif,7.12,612.6015666,28.7,67.9,8.1,6.67,23.8,134.8,31.8,110,Drip,246.6,5.94,0.68,3.55,25.28,22480,479043,568294,89251,2902,8.711,42.8,3.55,15.70507519,0.008711234,276.6,18949.48576,0.138785047
SF10410,Karnataka,Raichur,Chilli,Rabi,5.83,408.5,24.5,56.1,8.7,7.19,24.8,107.9,59.1,143.5,Rainfed,102.6,8.25,0.66,1.82,10.61,88133,306404,935091,628687,2117,5.012,38.8,1.82,67.23270783,0.005011809,310.5,28878.79359,0.212628866
SF10411,Karnataka,Raichur,Chilli,Zaid,0.83,494.4,31.3,55.6,6.7,6.89,27.3,160.8,68.9,93.9,Rainfed,124.5,4.92,0.74,1.74,1.44,98537,51450,141893,90443,280,5.143,34.6,1.74,63.74028317,0.005142857,323.6,35729.16667,0.142196532
SF10412,Madhya Pradesh,Indore,Groundnut,Kharif,8.23,690.9,28.8,55.1,7.4,5.98,37.3,124.9,48,114.9,Drip,242.8,0.5,0.73,1.56,12.84,46461,504340,596559,92219,4188,3.066,48,1.56,15.45848776,0.003065903,287.8,39278.8162,0.010416667
SF10413,Punjab,Ludhiana,Rice,Rabi,3.87,291,25.5,67.9,7.2,6.54,31.8,125.2,68.1,141,Rainfed,219.4,1.36,0.96,2.76,10.68,19271,208303,205814,-2489,3402,3.139,44.4,2.76,-1.209344359,0.00313933,334.3,19504.02622,0.030630631
SF10414,Tamil Nadu,Erode,Chilli,Kharif,12.2,1117.2,25.2,62.9,7.5,6.68,30.5,137.6,57.7,133,Drip,214.4,5.63,0.7,2.53,30.87,114738,852962,3541962,2689000,5906,5.227,56.2,2.53,75.91837518,0.005226888,328.3,27630.77421,0.100177936
SF10415,Telangana,Nalgonda,Cotton,Rabi,13.67,370.2,23.4,50.5,6.6,7.18,26.5,137.9,56.5,130.2,Rainfed,225.5,5.35,0.7,1.04,14.22,74137,784240,1054228,269988,5057,2.812,26.4,1.04,25.61001984,0.002811944,324.6,55150.49226,0.202651515
SF10416,Madhya Pradesh,Indore,Groundnut,Kharif,14.89,986.9,30.9,66.4,5.4,8.1,34.5,120,83.3,136,Rainfed,229.2,1.18,0.91,0.3,4.47,55565,934981,248376,-686605,4230,1.057,60.7,0.3,-276.4377396,0.001056738,339.3,209168.0089,0.019439868
SF10417,Tamil Nadu,Erode,Rice,Kharif,12.33,814.2,26.7,58.6,6.8,6.14,24.7,92.4,40.6,129.8,Flood,155.5,7.8,0.8,2.25,27.74,22047,890657,611584,-279073,24144,1.149,35.8,2.25,-45.63118067,0.00114894,262.8,32107.31795,0.217877095
SF10418,Tamil Nadu,Erode,Pulses,Kharif,2.9,801,28.6,63.1,6.3,7.06,32.1,118.6,57.8,92.4,Drip,127.9,6.92,0.7,1.35,3.92,64237,161769,251809,90040,888,4.414,40.4,1.35,35.75726046,0.004414414,268.8,41267.60204,0.171287129
SF10419,Madhya Pradesh,Indore,Pulses,Rabi,11.5,415.8,18.8,48.9,7.9,6.15,23.5,138.4,62.1,106.6,Rainfed,211.4,8.26,0.8,0.69,7.94,80196,634370,636756,2386,2211,3.591,30,0.69,0.374711821,0.003591135,307.1,79895.46599,0.275333333
SF10420,Punjab,Ludhiana,Rice,Kharif,13.99,888.2,31.4,76.9,4.1,6.33,31.3,126.6,41.8,97.4,Sprinkler,231.7,6.81,0.68,2.61,36.51,23950,1141031,874414,-266617,18813,1.941,62.8,2.61,-30.4909345,0.001940679,265.8,31252.56094,0.10843949
SF10421,Andhra Pradesh,Krishna,Wheat,Rabi,5.15,682.2,21.9,55.5,7.8,6.26,25,127.1,46.8,75.5,Drip,168.4,4.08,0.86,2.52,12.98,28283,337325,367113,29788,2689,4.827,46.4,2.52,8.114122899,0.004827073,249.4,25988.05855,0.087931034
SF10422,Punjab,Ludhiana,Maize,Rabi,8.28,80,21.6,53.8,5.6,6.35,20.5,96.1,47.9,159.6,Drip,148.4,3.61,0.73,2.61,21.61,22977,536063,496533,-39530,4442,4.865,33.4,2.61,-7.961202981,0.004864926,303.6,24806.24711,0.108083832
SF10423,Karnataka,Raichur,Chilli,Rabi,0.95,514.7,21.2,51.1,6.4,7.1,22.9,109.4,72.6,116.4,Rainfed,271,3.7,0.98,1.8,1.71,112567,58865,192490,133625,341,5.015,48.9,1.8,69.41919061,0.005014663,298.4,34423.97661,0.075664622
SF10424,Telangana,Nalgonda,Pulses,Rabi,3.35,425.6,29,75.7,7.4,6.77,28.5,108,40.4,106.3,Sprinkler,247.8,6.15,0.9,1.31,4.39,72404,273969,317854,43885,1228,3.575,27.6,1.31,13.80665337,0.003574919,254.7,62407.51708,0.222826087
SF10425,Andhra Pradesh,Guntur,Rice,Zaid,11.56,326.4,26.5,47.9,7.4,6.44,21.5,120.8,43.6,97.8,Flood,216.8,7.32,0.72,2.46,28.44,23155,815618,658528,-157090,24934,1.141,31.4,2.46,-23.8547184,0.001140611,262.2,28678.55134,0.233121019
SF10426,Tamil Nadu,Erode,Wheat,Kharif,12.17,770.4,24.9,71.9,6.6,7.07,24.1,94.3,60.1,123.2,Flood,207.2,6.93,0.89,2.71,32.98,24613,983846,811737,-172109,8688,3.796,41.9,2.71,-21.20255699,0.003796041,277.6,29831.59491,0.165393795
SF10427,Karnataka,Raichur,Rice,Kharif,12.91,750.6,27.8,70.7,5,5.97,37.8,98.5,49.6,60.8,Rainfed,231.7,5.44,0.95,1.85,23.88,23268,897964,555640,-342324,12178,1.961,54.2,1.85,-61.60895544,0.001960913,208.9,37603.18258,0.100369004
SF10428,Telangana,Warangal,Maize,Kharif,3.2,877.4,26.6,70.1,6.2,7.01,33.7,107.4,48.3,95.3,Flood,170.5,7.36,0.7,4.08,13.06,19036,252472,248610,-3862,2145,6.089,43.3,4.08,-1.55343711,0.006088578,251,19331.69985,0.169976905
SF10429,Madhya Pradesh,Indore,Wheat,Rabi,13.42,548.8,28.3,42.5,5.9,7.11,25.6,106.4,88.9,114.3,Flood,151.8,6.31,0.81,2.46,33.01,26029,750453,859217,108764,8950,3.688,39.2,2.46,12.65850187,0.003688268,309.6,22734.11088,0.160969388
SF10430,Andhra Pradesh,Krishna,Cotton,Kharif,8.29,601.9,25.4,82.9,7.4,7.65,39.3,156.7,32.1,105.4,Sprinkler,205.9,1.84,0.75,0.79,6.55,71940,571954,471207,-100747,6770,0.968,59.3,0.79,-21.38062465,0.000967504,294.2,87321.22137,0.031028668
SF10431,Andhra Pradesh,Guntur,Groundnut,Zaid,14.9,388.2,33.7,60.7,8.1,6.49,16.3,155.6,44.8,113.8,Rainfed,178.7,5.65,0.69,1.26,18.77,53111,1019506,996893,-22613,4302,4.363,33.2,1.26,-2.268347756,0.004363087,314.2,54315.71657,0.170180723
SF10432,Andhra Pradesh,Guntur,Cotton,Kharif,11.03,750.2,25.4,71.4,5.8,6.95,30,113.1,68.7,73.2,Flood,200.3,3.65,0.8,1.74,19.19,79898,593487,1533243,939756,9921,1.934,60.3,1.74,61.29204568,0.001934281,255,30926.889,0.06053068
SF10433,Madhya Pradesh,Indore,Rice,Zaid,7.7,692.6,27.4,42.6,9.1,5.46,9.5,166.4,55.5,122.3,Drip,195.4,5.93,0.78,0.73,5.62,22388,566270,125821,-440449,10787,0.521,28.4,0.73,-350.0600059,0.000520997,344.2,100759.7865,0.208802817
SF10434,Maharashtra,Nashik,Rice,Zaid,14.79,453.3,31.7,55.1,9.5,6.42,21.6,94.9,76.2,155.2,Rainfed,148.1,8.67,0.88,2.59,38.31,19164,1005973,734173,-271800,13024,2.941,48.6,2.59,-37.02124704,0.002941493,326.3,26258.7575,0.178395062
SF10435,Gujarat,Rajkot,Cotton,Rabi,1.79,80,22.5,75,7,6.31,27.9,89.7,68.2,92.7,Sprinkler,224.3,6.24,0.8,0.99,1.77,78391,118657,138752,20095,1485,1.192,38.6,0.99,14.48267412,0.001191919,250.6,67037.85311,0.161658031
SF10436,Telangana,Warangal,Groundnut,Kharif,1.66,842,28,77.5,6.4,7.7,26.7,74.2,56.6,39.4,Sprinkler,72.7,6.77,0.87,0.6,1,56045,94790,56045,-38745,853,1.172,43.6,0.6,-69.13194754,0.001172333,170.2,94790,0.155275229
SF10437,Gujarat,Rajkot,Wheat,Kharif,2.79,1058.5,29.8,82.7,7.5,7.11,23.8,189.1,75,96.9,Rainfed,156.6,0.85,0.7,3.04,8.48,22229,150875,188502,37627,833,10.18,83.2,3.04,19.96106142,0.010180072,361,17791.86321,0.010216346
SF10438,Telangana,Warangal,Sugarcane,Rabi,13.47,395.2,23,70.3,7.4,6.79,18.9,130.8,42.7,60.7,Rainfed,112.8,4.21,0.79,46.59,627.57,3093,716200,1941074,1224874,13394,46.855,44.7,46.59,63.10290077,0.046854562,234.2,1141.227273,0.094183445
SF10439,Telangana,Nalgonda,Groundnut,Kharif,6.02,797.8,31.1,84.1,6.8,6.07,26.8,96.7,62.3,95.2,Sprinkler,51.5,5.58,0.93,1.25,7.52,55790,252308,419541,167233,2580,2.915,44.1,1.25,39.86094327,0.002914729,254.2,33551.59574,0.126530612
SF10440,Punjab,Ludhiana,Maize,Zaid,11.9,180.6,33,55.1,10.1,6.48,20.3,112.5,63.3,92.4,Rainfed,184.4,5.89,0.83,1.87,22.25,19000,829408,422750,-406658,4084,5.448,32.6,1.87,-96.19349497,0.00544809,268.2,37276.76404,0.180674847
SF10441,Madhya Pradesh,Indore,Chilli,Kharif,12.51,899.7,24.1,68.1,6.6,7.57,27,127,55.5,86.2,Sprinkler,234,4.66,0.87,0.98,12.26,99972,789444,1225657,436213,6322,1.939,50.3,0.98,35.59013656,0.00193926,268.7,64391.84339,0.092644135
SF10442,Karnataka,Raichur,Cotton,Kharif,3.5,725.8,28.7,73.8,6.5,6.31,28,103.9,65.3,109.5,Flood,174.7,3.63,0.78,1.87,6.54,64270,196330,420326,223996,3638,1.798,50.5,1.87,53.29101697,0.001797691,278.7,30019.87768,0.071881188
SF10443,Tamil Nadu,Erode,Pulses,Zaid,13.75,353.4,32,38.8,10.3,7.41,12.5,139.4,82.8,126.1,Drip,238.6,2.55,0.9,0.65,8.94,70790,826934,632863,-194071,4400,2.032,41.1,0.65,-30.66556269,0.002031818,348.3,92498.21029,0.062043796
SF10444,Madhya Pradesh,Indore,Cotton,Kharif,5.22,1042.2,32,82.8,6.1,6.34,36.1,96.8,67.1,68.4,Rainfed,188.9,5.66,0.86,1.03,5.38,74440,404297,400487,-3810,2149,2.503,58.2,1.03,-0.951341741,0.00250349,232.3,75148.14126,0.097250859
SF10445,Andhra Pradesh,Krishna,Wheat,Kharif,8.21,566.1,27,62.7,7,5.39,29.2,93.6,75.2,109.2,Drip,114.9,6.23,0.8,0.49,4.02,23285,521072,93606,-427466,3426,1.173,55,0.49,-456.665171,0.00117338,278,129619.9005,0.113272727
SF10446,Telangana,Nalgonda,Rice,Kharif,3.94,807.7,24.2,70.3,7.4,6.81,33.6,104.8,41.7,143.7,Sprinkler,202,4.42,0.73,3.7,14.58,19052,249210,277778,28568,5343,2.729,55.6,3.7,10.28447177,0.002728804,290.2,17092.59259,0.079496403
SF10447,Andhra Pradesh,Krishna,Rice,Kharif,11.01,1089.5,25.8,70,5.2,5.99,39.4,147.2,31.7,114,Sprinkler,106,6.64,0.93,2.08,22.9,20782,658968,475908,-183060,16496,1.388,47.1,2.08,-38.46541769,0.001388215,292.9,28775.8952,0.140976645
SF10448,Andhra Pradesh,Krishna,Pulses,Zaid,7.59,530.4,30.8,61.6,4.7,6.9,21.6,120.3,56.6,97.9,Flood,225.1,3.81,0.76,1.05,7.97,72546,524863,578192,53329,3560,2.239,49.4,1.05,9.223406758,0.002238764,274.8,65854.83061,0.077125506
SF10449,Telangana,Nalgonda,Chilli,Kharif,3.02,827,25.3,66.3,6.9,7.36,30.7,126.4,54.8,126.1,Flood,101.6,2.43,0.68,1.62,4.89,86938,175184,425127,249943,2308,2.119,58.9,1.62,58.79254905,0.002118718,307.3,35824.94888,0.041256367
SF10450,Telangana,Nalgonda,Pulses,Rabi,6.5,461.4,18.7,62.4,6.4,7.05,21.9,130.1,64.4,132.3,Rainfed,112.3,7.52,0.76,1.11,7.22,64918,374518,468708,94190,1325,5.449,32.9,1.11,20.09566724,0.005449057,326.8,51872.29917,0.228571429
SF10451,Madhya Pradesh,Indore,Rice,Kharif,11.68,871.6,28.5,76.2,5.4,6.54,31.1,139,52.4,81.1,Drip,197.7,2.89,0.84,4.08,47.65,23823,682376,1135166,452790,16083,2.963,51.1,4.08,39.8875583,0.002962756,272.5,14320.58762,0.056555773
SF10452,Gujarat,Rajkot,Groundnut,Kharif,1.14,1123,23.9,63,7.4,6.61,29.4,154.5,53.3,119.7,Rainfed,222.9,6.34,0.86,1.62,1.85,52605,90760,97319,6559,294,6.293,38.6,1.62,6.739691119,0.006292517,327.5,49059.45946,0.164248705
SF10453,Karnataka,Raichur,Sugarcane,Rabi,3.02,512.2,21.1,56,8.6,6.52,26.3,126.9,64.1,58.3,Sprinkler,222.7,3.78,0.77,60.35,182.26,3002,193810,547145,353335,5425,33.596,49.5,60.35,64.57794552,0.033596313,249.3,1063.371008,0.076363636
SF10454,Telangana,Nalgonda,Chilli,Kharif,3.55,873.6,25.7,69.6,5.2,6.71,35.4,93.9,82.9,65.5,Flood,172.1,6.24,0.83,2.54,9.02,108184,235637,975820,740183,2768,3.259,47,2.54,75.85241131,0.003258671,242.3,26123.83592,0.132765957
SF10455,Andhra Pradesh,Guntur,Maize,Kharif,3.98,616.4,25.6,72.7,9.5,5.85,34.5,152,46.2,129.5,Drip,166.2,4.5,0.77,1.9,7.56,24066,213465,181939,-31526,2032,3.72,49,1.9,-17.32778569,0.003720472,327.7,28236.11111,0.091836735
SF10456,Gujarat,Rajkot,Rice,Kharif,13.66,673.9,30,58.2,6.8,6.23,39.7,172.8,45.7,85.7,Drip,141.5,3.66,0.78,3.61,49.31,19455,680610,959326,278716,19776,2.493,47,3.61,29.05331451,0.002493426,304.2,13802.67694,0.07787234
SF10457,Karnataka,Raichur,Cotton,Zaid,2.16,174.1,33.4,59.3,6.7,6.43,16.4,51.2,74.1,120.6,Rainfed,159.1,5.47,0.73,0.97,2.1,76123,135355,159858,24503,755,2.781,30.5,0.97,15.32797858,0.002781457,245.9,64454.7619,0.179344262
SF10458,Andhra Pradesh,Guntur,Groundnut,Kharif,1.63,902.4,28.6,71,7.3,7.24,27.5,126.2,65.2,118.9,Flood,99.4,6.14,0.71,1.34,2.18,51010,100392,111202,10810,1066,2.045,63.7,1.34,9.721048183,0.002045028,310.3,46051.37615,0.096389325
SF10459,Andhra Pradesh,Guntur,Pulses,Kharif,3.88,827.4,28.5,62.7,6.6,6.7,28.3,121.5,42.9,104.5,Rainfed,184.9,5.06,0.88,1.31,5.08,76542,267967,388833,120866,726,6.997,46.7,1.31,31.08429583,0.006997245,268.9,52749.40945,0.108351178
SF10460,Tamil Nadu,Erode,Sugarcane,Rabi,7.39,315.2,23.7,71.6,7.7,6.46,16.2,100.7,40.8,90.5,Sprinkler,90.1,5.47,0.82,49.71,367.36,3628,367881,1332782,964901,15146,24.255,54.3,49.71,72.39751137,0.024254589,232,1001.418227,0.100736648
SF10461,Gujarat,Rajkot,Maize,Rabi,9.09,191.9,20.8,67.1,7.4,6.52,27.4,197.7,58.5,110.8,Flood,214.3,7.65,0.74,3.15,28.63,19272,690390,551757,-138633,6339,4.516,35.1,3.15,-25.1257347,0.004516485,367,24114.21586,0.217948718
SF10462,Maharashtra,Nashik,Chilli,Zaid,10.31,207.8,34.9,41.3,9,7.24,17.7,183.3,58.5,37.7,Drip,102.7,8.12,0.74,1.2,12.37,88865,506899,1099260,592361,5738,2.156,38.9,1.2,53.88725142,0.002155803,279.5,40978.09216,0.20874036
SF10463,Karnataka,Raichur,Groundnut,Kharif,5.04,983.7,28.6,66.6,5.7,6.98,24.6,141,60,53.4,Flood,125.7,5.49,0.96,1.61,8.11,59868,335375,485529,150154,3661,2.215,56.3,1.61,30.92585613,0.002215242,254.4,41353.26757,0.097513321
SF10464,Andhra Pradesh,Guntur,Rice,Kharif,14.67,401.5,29.3,63,7.1,6.71,28,74.2,81.3,93.7,Drip,187.9,5.69,0.75,3.52,51.64,20280,985460,1047259,61799,17502,2.951,39.7,3.52,5.901023529,0.00295052,249.2,19083.26878,0.143324937
SF10465,Gujarat,Rajkot,Wheat,Rabi,14.12,495.9,23.4,54,9.1,6.61,27,126.9,67,67.2,Drip,250.7,3.41,0.91,3.17,44.76,24211,855141,1083684,228543,6110,7.326,53.7,3.17,21.08945043,0.007325696,261.1,19105.02681,0.063500931
SF10466,Telangana,Warangal,Wheat,Rabi,2.97,457.5,24.7,69.7,8,5.86,25.2,102.4,43,140.8,Sprinkler,157.2,5.6,0.98,1.48,4.4,23413,180000,103017,-76983,1685,2.611,47,1.48,-74.72844288,0.002611276,286.2,40909.09091,0.119148936
SF10467,Maharashtra,Nashik,Maize,Rabi,11.4,426.1,23.8,62.3,6.8,7.2,22.8,147.5,61.8,168.9,Flood,124.6,4.79,0.82,3.71,42.29,20990,787157,887667,100510,8263,5.118,51.6,3.71,11.3229398,0.005117996,378.2,18613.31284,0.092829457
SF10468,Telangana,Warangal,Maize,Kharif,4.08,935.3,28.5,76.2,6.4,6.02,26.4,99.9,82.2,63.5,Flood,154.5,7.7,0.68,2.37,9.67,20838,295548,201503,-94045,2990,3.234,50.3,2.37,-46.67176171,0.003234114,245.6,30563.39193,0.153081511
SF10469,Telangana,Nalgonda,Rice,Kharif,10.3,979.6,33,62.1,5.1,6.1,33.9,103.6,68.4,138.9,Rainfed,176,6.12,0.71,1.59,16.38,20110,662505,329402,-333103,9131,1.794,46.5,1.59,-101.1235512,0.001793889,310.9,40445.9707,0.131612903
SF10470,Maharashtra,Nashik,Wheat,Rabi,13.57,80,25.1,55.6,7,6.06,23.9,136.6,60.9,34.6,Drip,178.6,4,0.7,1.38,18.73,24996,829621,468175,-361446,5894,3.178,30.8,1.38,-77.20318257,0.003177808,232.1,44293.69995,0.12987013
SF10471,Telangana,Warangal,Maize,Kharif,2.33,1045.3,30.6,80.7,5,7.47,29.7,87.8,58.3,99.9,Rainfed,93.1,7.54,0.85,1.47,3.43,24344,148397,83500,-64897,857,4.002,66.1,1.47,-77.72095808,0.004002334,246,43264.43149,0.114069592
SF10472,Andhra Pradesh,Krishna,Wheat,Kharif,3.13,766.5,26.9,73.9,8.6,7.26,26.4,137.4,52.9,119.2,Rainfed,194.9,2.1,0.73,2.06,6.45,28396,183003,183154,151,1070,6.028,49.9,2.06,0.082444282,0.006028037,309.5,28372.55814,0.042084168
SF10473,Maharashtra,Nashik,Chilli,Kharif,11.52,914.7,29.8,82.8,7.5,7.26,24.6,113,62.7,136.9,Drip,250.7,4.54,0.98,1.7,19.58,100321,834625,1964285,1129660,6285,3.115,78,1.7,57.50998455,0.003115354,312.6,42626.40449,0.058205128
SF10474,Telangana,Nalgonda,Wheat,Kharif,11.96,712.7,32.8,71.9,7.2,7.1,30.6,111.8,85.5,118.9,Flood,132.7,2.92,0.8,3.22,38.51,18783,788679,723333,-65346,7719,4.989,65.6,3.22,-9.03401338,0.004988988,316.2,20479.84939,0.044512195
SF10475,Maharashtra,Nashik,Groundnut,Zaid,14.85,80,27.9,57.7,7.1,7.08,25.8,90.8,60.7,128.7,Sprinkler,155.2,5.4,0.83,1.01,15,50798,978661,761970,-216691,7130,2.104,37.3,1.01,-28.43825872,0.002103787,280.2,65244.06667,0.144772118
SF10476,Gujarat,Rajkot,Pulses,Zaid,13.77,157.7,31.9,47.6,7.7,5.89,18.7,118.1,65.1,115.4,Rainfed,175.9,3.6,0.98,0.39,5.37,69972,785441,375750,-409691,2790,1.925,43,0.39,-109.0328676,0.001924731,298.6,146264.6182,0.08372093
SF10477,Telangana,Warangal,Cotton,Kharif,5.56,482.8,26,59.6,7.1,6.67,42.1,135.7,78.6,107.8,Rainfed,162.9,2.73,0.96,1.68,9.34,76530,404523,714790,310267,2230,4.188,45.7,1.68,43.40673485,0.004188341,322.1,43310.8137,0.059737418
SF10478,Karnataka,Raichur,Chilli,Kharif,9.86,872.1,29.2,65.5,7.6,6.71,35.3,82.8,60.3,126.4,Flood,130,4.92,0.8,2.88,28.4,107122,626835,3042265,2415430,7076,4.014,48.2,2.88,79.39577913,0.004013567,269.5,22071.65493,0.102074689
SF10479,Andhra Pradesh,Guntur,Pulses,Rabi,14.63,590,29,60.6,9.5,6.78,21,150.3,69.9,91,Rainfed,95.2,4.52,0.96,1.2,17.56,66216,869084,1162753,293669,3264,5.38,49.6,1.2,25.25635281,0.005379902,311.2,49492.25513,0.091129032
SF10480,Andhra Pradesh,Krishna,Rice,Zaid,13.64,100.9,31.1,47.9,9.2,6.64,19,112.2,33.7,67.4,Rainfed,67.8,5.64,0.67,2.03,27.69,19178,976614,531039,-445575,11253,2.461,39.3,2.03,-83.90626677,0.002460677,213.3,35269.5558,0.14351145
SF10481,Punjab,Ludhiana,Rice,Kharif,12.91,1046.7,27.9,83.5,6,7.79,32.2,152.8,80,115.3,Rainfed,180.5,6.45,0.9,0.95,12.26,19552,875412,239708,-635704,9885,1.24,45.5,0.95,-265.1993258,0.001240263,348.1,71403.91517,0.141758242
SF10482,Telangana,Nalgonda,Cotton,Kharif,10.7,529.5,29.6,67.3,6.6,6.41,34.2,158.3,90.8,122,Drip,164,8.91,0.9,2.18,23.33,74906,861543,1747557,886014,5355,4.357,37.4,2.18,50.70014884,0.004356676,371.1,36928.54694,0.238235294
SF10483,Gujarat,Rajkot,Maize,Rabi,11.25,528.2,20.1,63.1,8.7,5.2,23,74.1,65.4,122.9,Drip,239,1.65,0.84,0.3,3.38,20680,675097,69898,-605199,6058,0.558,43.4,0.3,-865.8316404,0.00055794,262.4,199732.8402,0.038018433
SF10484,Tamil Nadu,Erode,Rice,Kharif,12.01,1049.4,28.6,80.7,6,6.93,33.6,101,25.2,108.8,Drip,248.7,6.91,0.71,3.01,36.15,21691,960213,784130,-176083,14203,2.545,62.1,3.01,-22.45584278,0.002545237,235,26561.90871,0.111272142
SF10485,Telangana,Warangal,Rice,Kharif,2.57,519.2,31,69.6,4.4,7.28,27.7,87.3,46.4,123.5,Rainfed,292.3,5.73,0.66,1.83,4.7,18249,201659,85770,-115889,2332,2.015,46.2,1.83,-135.1160079,0.002015437,257.2,42906.17021,0.124025974
SF10486,Andhra Pradesh,Guntur,Wheat,Rabi,12.56,502.3,27.7,76.1,9.2,7.66,30.6,88.4,83.5,111.3,Rainfed,176.9,3.24,0.75,0.85,10.68,26319,807350,281087,-526263,3646,2.929,55.9,0.85,-187.2242402,0.002929238,283.2,75594.56929,0.057960644
SF10487,Andhra Pradesh,Guntur,Sugarcane,Zaid,8.95,252.9,31.4,51.1,7.4,6.51,21,93.6,63.4,84.8,Flood,166.8,2.38,0.93,49.8,445.71,2762,621204,1231051,609847,18738,23.786,52.3,49.8,49.53872748,0.023786423,241.8,1393.740324,0.045506692
SF10488,Andhra Pradesh,Krishna,Maize,Rabi,1.94,397.8,21.1,59.7,7.1,6.79,18.5,152.2,56.2,92,Drip,249,2.8,0.73,3.72,7.22,21992,127790,158782,30992,971,7.436,44,3.72,19.51858523,0.007435633,300.4,17699.44598,0.063636364
SF10489,Madhya Pradesh,Indore,Chilli,Kharif,5.19,874,28.5,70,7.1,7.26,31.8,117.6,89,90.4,Sprinkler,292,9.58,0.76,1.74,9.03,106242,401120,959365,558245,3752,2.407,37.2,1.74,58.18901044,0.002406716,297,44420.81949,0.257526882
SF10490,Gujarat,Rajkot,Sugarcane,Kharif,2.24,815.4,26.4,93.4,6.6,6.56,41.5,55.4,55.3,132.7,Drip,168.5,7.35,0.67,66.68,149.36,2972,131684,443898,312214,3626,41.191,43.9,66.68,70.33462642,0.041191395,243.4,881.6550616,0.167425968
SF10491,Tamil Nadu,Erode,Pulses,Rabi,11.01,400.9,21.3,51.4,7,6.44,33.3,117.6,47.7,141.3,Rainfed,196.3,1.23,0.84,1.02,11.23,70499,607232,791704,184472,2520,4.456,39,1.02,23.30062751,0.004456349,306.6,54072.30632,0.031538462
SF10492,Madhya Pradesh,Indore,Maize,Zaid,7.34,80,32.2,51,6.5,6.6,20.3,98.6,54.8,75.6,Rainfed,128,3.47,0.71,2.33,17.1,20212,481663,345625,-136038,2060,8.301,34.7,2.33,-39.36,0.008300971,229,28167.4269,0.1
SF10493,Telangana,Warangal,Maize,Kharif,5.91,785,31.9,79.9,8.4,6.42,23.2,120.7,28.6,109.1,Drip,259.4,5.3,0.94,4.48,26.48,23060,381893,610629,228736,3393,7.804,56.8,4.48,37.45907908,0.007804303,258.4,14421.94109,0.093309859
SF10494,Andhra Pradesh,Krishna,Sugarcane,Rabi,4.3,797.1,26.3,44.6,9.2,6.43,24.6,104.7,84.1,77.3,Rainfed,199.3,7.21,0.72,46.28,199,3433,292191,683167,390976,4333,45.927,47.6,46.28,57.2299306,0.04592661,266.1,1468.296482,0.151470588
SF10495,Tamil Nadu,Erode,Maize,Kharif,9.58,843.3,24.3,70.9,7.8,5.48,17.6,137.6,65.4,113.5,Drip,61.8,7.04,0.92,0.79,7.57,20945,528986,158554,-370432,4447,1.702,49.4,0.79,-233.6314442,0.001702271,316.5,69879.26024,0.142510121
SF10496,Telangana,Warangal,Groundnut,Kharif,2.61,796.6,24.2,71.8,6.5,7.31,27,155.6,76.8,128.2,Rainfed,222.7,5.99,0.9,1.35,3.52,54099,209221,190428,-18793,636,5.535,49.1,1.35,-9.868821812,0.005534591,360.6,59437.78409,0.121995927
SF10497,Gujarat,Rajkot,Pulses,Zaid,0.51,575.9673418,31.2,68.7,8,5.39,22.1,103.4,54.2,80.9,Flood,191.9,8.24,0.75,0.3,0.15,79617,41910,11943,-29967,232,0.647,40.3,0.3,-250.9168551,0.000646552,238.5,279400,0.204466501
SF10498,Maharashtra,Nashik,Rice,Kharif,12.44,1122.2,30.2,62.3,7.5,7.48,30.3,162.4,53.5,62.4,Drip,154.4,3.1,0.94,1.46,18.16,24070,879647,437111,-442536,18560,0.978,66.6,1.46,-101.2411035,0.000978448,278.3,48438.71145,0.046546547
SF10499,Andhra Pradesh,Krishna,Maize,Zaid,8.23,249.9,28.2,50.8,7.6,6.77,24.5,160.4,41.1,143.7,Sprinkler,236.9,3.67,0.96,3.43,28.23,23175,714788,654230,-60558,3747,7.534,45,3.43,-9.256377726,0.007534027,345.2,25320.15586,0.081555556
SF10500,Punjab,Ludhiana,Pulses,Rabi,14.85,363.6,22,46.2,5.4,7.46,15.7,110.6,75,172.2,Rainfed,113.4,7.64,0.65,0.51,7.57,67608,835560,511793,-323767,3442,2.199,35.1,0.51,-63.26131854,0.002199303,357.8,110377.8071,0.217663818
SF10501,Telangana,Nalgonda,Chilli,Zaid,4.5,340.7,32.1,41.6,8.7,5.29,20.1,112.8,57.7,115.9,Flood,155.5,6.22,0.87,0.3,1.35,102732,260067,138688,-121379,4027,0.335,43.2,0.3,-87.51946816,0.000335237,286.4,192642.2222,0.143981481
SF10502,Andhra Pradesh,Guntur,Groundnut,Zaid,14.52,170.1,29.6,44.3,8.6,6.55,11.7,104,61,97,Flood,204.1,3.44,0.86,1.22,17.71,55722,800432,986837,186405,7715,2.296,52.7,1.22,18.88913772,0.002295528,262,45196.61208,0.065275142
SF10503,Telangana,Nalgonda,Sugarcane,Rabi,14.39,543.4,18.1,60.5,8.3,7.16,22.6,122.8,66.5,110.9,Drip,250.5,1.88,0.75,41.94,603.52,3085,1041379,1861859,820480,28185,21.413,37.4,41.94,44.06778387,0.021412808,300.2,1725.508682,0.05026738
SF10504,Punjab,Ludhiana,Sugarcane,Kharif,3.09,769.4,27.3,72.7,5.8,6.06,25.7,115.8,57.1,129.8,Drip,246.4,6.25,0.68,59.1,182.62,3664,222032,669120,447088,4647,39.298,44.7,59.1,66.81731229,0.039298472,302.7,1215.814259,0.139821029
SF10505,Andhra Pradesh,Krishna,Pulses,Rabi,9.21,406,25.2,60,6.9,6.8,21.7,124,38.1,66.6,Flood,257.5,8.14,0.67,1.05,9.67,69958,718776,676494,-42282,3854,2.509,24.6,1.05,-6.250166299,0.002509081,228.7,74330.50672,0.330894309
SF10506,Andhra Pradesh,Guntur,Rice,Zaid,0.93,102.2,29.1,63,8.6,6.49,19.8,117.5,49,32.6,Flood,241.5,4.32,0.81,2.26,2.1,19585,74717,41128,-33589,1647,1.275,29.7,2.26,-81.66942229,0.001275046,199.1,35579.52381,0.145454545
SF10507,Andhra Pradesh,Krishna,Maize,Kharif,14.05,1191.4,28.8,63.6,6.9,7.13,34.5,88,41,122.1,Flood,196.5,4.03,0.69,2.46,34.56,22589,995104,780676,-214428,8880,3.892,65.6,2.46,-27.46696453,0.003891892,251.1,28793.51852,0.061432927
SF10508,Andhra Pradesh,Krishna,Wheat,Kharif,13.87,702.2,25.6,81.2,6,6.73,26.4,76.9,64.1,131.9,Rainfed,206.3,7.7,0.77,3.05,42.3,26229,1008988,1109487,100499,4413,9.585,49,3.05,9.058150298,0.009585316,272.9,23853.14421,0.157142857
SF10509,Andhra Pradesh,Krishna,Groundnut,Zaid,2.88,207.1,27.7,52.8,8.3,6.3,19.1,126.8,53.2,165.5,Drip,129.7,4.6,0.97,1.51,4.35,50155,187560,218174,30614,1295,3.359,45.9,1.51,14.03191948,0.003359073,345.5,43117.24138,0.100217865
SF10510,Telangana,Nalgonda,Groundnut,Kharif,13.51,764.1,30.9,73.6,7.1,5.8,26,140.1,37.4,90.8,Drip,145.1,6.15,0.67,0.77,10.4,51213,871460,532615,-338845,6046,1.72,61.7,0.77,-63.61912451,0.001720146,268.3,83794.23077,0.099675851
SF10511,Andhra Pradesh,Krishna,Pulses,Kharif,2.32,766.8,27.2,70.1,6.8,6.46,36.3,98.1,52.3,118.4,Drip,164.7,3.65,0.73,1.76,4.08,62800,163437,256224,92787,791,5.158,44.8,1.76,36.21323529,0.005158028,268.8,40058.08824,0.081473214
SF10512,Andhra Pradesh,Krishna,Chilli,Zaid,3.1,583,32.5,50.8,8.5,7.12,14.7,187.9,19.6,103.5,Flood,162.5,4.61,0.7,1.69,5.24,120614,227218,632017,404799,2695,1.944,48.7,1.69,64.04875185,0.001944341,311,43362.21374,0.094661191
SF10513,Maharashtra,Nashik,Wheat,Rabi,6.8,581.1,26.5,40.3,5.3,6.7,23.7,77.5,53.9,50.8,Flood,266.9,5.99,0.88,2.96,20.13,22066,637468,444189,-193279,4884,4.122,42.5,2.96,-43.51278397,0.004121622,182.2,31667.56085,0.140941176
SF10514,Maharashtra,Nashik,Wheat,Kharif,10.33,1029.2,24.7,83.4,6.5,6.62,29.2,89.8,49.9,138.9,Flood,198,5.41,0.94,2.89,29.85,24538,791867,732459,-59408,7116,4.195,52.6,2.89,-8.110761148,0.004194772,278.6,26528.20771,0.102851711
SF10515,Telangana,Nalgonda,Maize,Kharif,3.5,691.7,27.6,73.1,6.4,6.94,28.6,110.3,66.1,128,Sprinkler,196.1,4.6,0.97,4.76,16.66,21514,252754,358423,105669,2387,6.979,53.2,4.76,29.48164599,0.006979472,304.4,15171.30852,0.086466165
SF10516,Maharashtra,Nashik,Pulses,Rabi,12.96,275.1,27.8,61.7,7.3,7.71,15.2,116.3,72.2,110.5,Drip,101.2,8.49,0.65,0.38,4.92,65532,747959,322417,-425542,3842,1.281,21.4,0.38,-131.984976,0.001280583,299,152024.187,0.396728972
SF10517,Maharashtra,Nashik,Rice,Rabi,11.48,105,24.3,47.8,8.7,6.48,14.8,112.8,43.5,119.9,Drip,222.7,5.98,0.96,2.65,30.42,20981,790176,638242,-151934,13769,2.209,30.6,2.65,-23.80507707,0.002209311,276.2,25975.54241,0.195424837
SF10518,Maharashtra,Nashik,Maize,Kharif,6.08,1032.8,28.4,72.3,7.6,5.94,35.1,87.1,38.2,74.6,Drip,183.9,2.53,0.89,1.82,11.07,21114,430477,233732,-196745,3623,3.055,61.7,1.82,-84.17546592,0.003055479,199.9,38886.8112,0.041004862
SF10519,Andhra Pradesh,Guntur,Pulses,Kharif,5.58,982.5,24.8,60.8,6.6,6.97,28.9,91.5,69.1,141.5,Flood,142.7,2.75,0.78,1.27,7.09,72459,385646,513734,128088,2524,2.809,52.3,1.27,24.9327473,0.002809033,302.1,54392.94781,0.052581262
SF10520,Andhra Pradesh,Guntur,Groundnut,Kharif,8.45,1098.3,23.8,70.2,6.5,6.89,36.8,128.1,51.1,81.2,Sprinkler,270.7,5.21,0.82,1.37,11.58,59909,591631,693746,102115,4509,2.568,63.3,1.37,14.71936415,0.002568197,260.4,51090.75993,0.082306477
SF10521,Punjab,Ludhiana,Pulses,Rabi,14.01,571.6019185,25.7,59.2,8.5,6.81,32.9,130.2,57.4,78.2,Flood,150.1,5.25,0.9,1.2,16.81,76792,965560,1290874,325314,6528,2.575,40.1,1.2,25.20106532,0.002575061,265.8,57439.61927,0.130922693
SF10522,Tamil Nadu,Erode,Cotton,Rabi,14.03,447.2,20.9,62.8,7,6.39,28.1,118.5,75.1,93.1,Drip,278.2,5.85,0.98,1.45,20.34,69752,1184003,1418756,234753,9145,2.224,36.1,1.45,16.54639698,0.002224166,286.7,58210.5703,0.162049861
SF10523,Madhya Pradesh,Indore,Pulses,Rabi,11.52,472.7,26.9,55.8,7.5,6.43,20.6,120.6,68.6,98,Rainfed,308.8,3.19,0.98,1.36,15.67,62394,740423,977714,237291,2258,6.94,48.3,1.36,24.26998079,0.00693977,287.2,47250.98915,0.066045549
SF10524,Andhra Pradesh,Guntur,Wheat,Kharif,8.74,732.7,31.7,64.5,7.6,7.44,33.2,130.5,40,110.6,Flood,191.6,5.9,0.67,1.48,12.94,25177,587094,325790,-261304,6573,1.969,47.2,1.48,-80.20626784,0.00196866,281.1,45370.47913,0.125
SF10525,Punjab,Ludhiana,Rice,Rabi,8.75,291.4,21.6,59.2,6.9,5.39,28.1,92.6,49.2,129.3,Flood,81.6,4.2,0.98,0.34,2.98,27459,565968,81828,-484140,16860,0.177,49.4,0.34,-591.655668,0.00017675,271.1,189922.1477,0.085020243
SF10526,Telangana,Warangal,Sugarcane,Rabi,4.59,580.1,26.7,53.6,9.4,6.03,25.7,148.9,51.3,134.7,Flood,168.4,7.62,0.87,50.25,230.65,3564,301913,822037,520124,9814,23.502,19.7,50.25,63.27257776,0.02350214,334.9,1308.965966,0.38680203
SF10527,Madhya Pradesh,Indore,Cotton,Kharif,6.96,1174.6,26.4,79,5.7,6.04,31.1,178.6,63.4,84.5,Sprinkler,191.6,7.75,0.85,1.18,8.21,72186,474814,592647,117833,4810,1.707,48.8,1.18,19.88249329,0.001706861,326.5,57833.61754,0.158811475
SF10528,Madhya Pradesh,Indore,Cotton,Kharif,6.35,1213.7,26.3,73.6,7.1,6.33,30.4,149.3,41.8,98.8,Drip,143,5.63,0.69,1.17,7.43,69828,441813,518822,77009,4491,1.654,52.7,1.17,14.84304829,0.00165442,289.9,59463.39166,0.10683112
SF10529,Karnataka,Raichur,Sugarcane,Rabi,11.32,297.2,17.8,64.4,6.4,5.55,22.5,144,41.6,130.7,Rainfed,195.8,5.92,0.94,7.89,89.31,3559,826201,317854,-508347,11664,7.657,36.9,7.89,-159.9309746,0.007656893,316.3,9250.934946,0.160433604
SF10530,Madhya Pradesh,Indore,Groundnut,Rabi,9.57,185.3,23.9,56.2,7.9,5.99,25.3,150.3,60.8,108.5,Rainfed,180.6,6.68,0.72,0.77,7.37,55386,527492,408195,-119297,2408,3.061,31.9,0.77,-29.22549272,0.003060631,319.6,71572.86296,0.209404389
SF10531,Telangana,Nalgonda,Maize,Kharif,8.29,1012.8,31.4,85.9,6.6,6.63,31.2,123.5,59.5,73.3,Flood,179.7,4.21,0.97,3.26,27.03,20140,501705,544384,42679,6365,4.247,62.5,3.26,7.839870386,0.004246661,256.3,18561.04329,0.06736
SF10532,Maharashtra,Nashik,Wheat,Rabi,4.25,162.8,24.1,65.4,8.1,6.9,26.6,149,54.2,115.3,Flood,69.8,4.06,0.89,2.44,10.37,23504,245593,243736,-1857,3104,3.341,31.7,2.44,-0.761889914,0.003340851,318.5,23683.02797,0.12807571
SF10533,Telangana,Warangal,Rice,Kharif,8.53,635.6,29.2,57.5,5.9,6.18,34.4,111.3,45.6,133.1,Rainfed,254,7.36,0.88,2.73,23.29,24424,681956,568835,-113121,6494,3.586,41.5,2.73,-19.88643455,0.003586387,290,29281.06483,0.177349398
SF10534,Madhya Pradesh,Indore,Maize,Zaid,14.64,465.9,30.3,44,8.9,6.67,23.1,114.8,43.6,114.6,Drip,208.7,4.13,1,3.73,54.61,24003,945613,1310804,365191,7816,6.987,49.6,3.73,27.86007672,0.00698695,273,17315.74803,0.083266129
SF10535,Madhya Pradesh,Indore,Maize,Kharif,4.29,860.6,23.4,81,6.8,7.29,42,108.1,61.2,104.7,Drip,153.6,6.36,0.95,3.19,13.69,19543,273094,267544,-5550,2471,5.54,47.7,3.19,-2.074425141,0.005540267,274,19948.42951,0.133333333
SF10536,Karnataka,Raichur,Maize,Rabi,11.98,216,26.4,53.8,7.1,6.42,13.5,136.6,24.1,66.7,Drip,256.2,6.4,0.85,3.22,38.58,21902,824266,844979,20713,5469,7.054,32.8,3.22,2.451303524,0.007054306,227.4,21365.11146,0.195121951
SF10537,Telangana,Warangal,Cotton,Kharif,12.66,670,22.7,84,6.3,6.33,31.1,89.9,67.6,103.6,Flood,138.6,5.4,0.99,1.59,20.13,67283,864030,1354407,490377,11316,1.779,36.6,1.59,36.20602965,0.001778897,261.1,42922.50373,0.147540984
SF10538,Madhya Pradesh,Indore,Sugarcane,Zaid,6.94,322.1,30.4,57.3,6.5,6.7,9,111.9,68.2,115,Flood,164.5,4.9,0.88,51.39,356.65,3635,470888,1296423,825535,16650,21.42,51.3,51.39,63.67790451,0.02142042,295.1,1320.308426,0.095516569
SF10539,Madhya Pradesh,Indore,Chilli,Rabi,14.65,232.5,24.3,59.2,9,5.51,31.9,114.4,60.1,93.8,Rainfed,267.4,2.83,0.98,0.3,4.39,112312,1010495,493050,-517445,4727,0.929,44.3,0.3,-104.9477741,0.000928707,268.3,230181.0934,0.063882619
SF10540,Telangana,Warangal,Groundnut,Kharif,0.89,1093,33,69.9,8.8,6.25,30.7,70.5,58.5,136.9,Flood,274.7,5.51,0.72,1.16,1.03,50525,77878,52041,-25837,574,1.794,59,1.16,-49.6473934,0.001794425,265.9,75609.70874,0.093389831
SF10541,Gujarat,Rajkot,Chilli,Kharif,6.19,579.5,31.2,51.1,5.1,7.92,30,116.7,56.1,124,Flood,178.7,6.3,0.89,0.45,2.79,124463,443163,347252,-95911,4666,0.598,52.1,0.45,-27.61999931,0.000597943,296.8,158839.7849,0.120921305
SF10542,Karnataka,Raichur,Maize,Kharif,1.31,874.6,25,58.8,7.1,6.07,24.6,136,70,129,Rainfed,180.3,2.99,0.69,2.69,3.52,19833,85470,69812,-15658,424,8.302,69.3,2.69,-22.4288088,0.008301887,335,24281.25,0.043145743
SF10543,Telangana,Warangal,Pulses,Rabi,11.46,277.3,26,57.7,7.5,7.18,17.6,88.3,48.8,54.7,Flood,180.2,7.92,0.71,0.88,10.08,76378,783107,769890,-13217,5269,1.913,38.3,0.88,-1.716738755,0.001913076,191.8,77689.18651,0.206788512
SF10544,Tamil Nadu,Erode,Cotton,Rabi,4.34,312.4,17.9,51.2,7.3,6.16,29.1,99.4,50.4,143.8,Flood,140,2.9,0.88,0.89,3.86,69522,215728,268355,52627,4219,0.915,40.7,0.89,19.61096309,0.000914909,293.6,55888.0829,0.071253071
SF10545,Gujarat,Rajkot,Wheat,Rabi,13.33,543,27.9,71.5,7.4,6.79,12.9,89.5,39,106.2,Rainfed,160.9,2.95,0.89,2.72,36.26,25952,856093,941020,84927,4432,8.181,57.6,2.72,9.024994155,0.008181408,234.7,23609.84556,0.051215278
SF10546,Punjab,Ludhiana,Pulses,Zaid,9.73,462.6,31.8,64.7,7.5,7.68,8,81.5,69,98.4,Drip,214.3,7.45,0.68,0.32,3.11,67344,721077,209440,-511637,2584,1.204,36.8,0.32,-244.2881016,0.00120356,248.9,231857.5563,0.202445652
SF10547,Telangana,Nalgonda,Cotton,Rabi,1.52,417.5,23,67.5,8.5,6.54,26,136.5,44.5,105.1,Sprinkler,176.4,2.6,0.86,1.71,2.6,70381,134546,182991,48445,1032,2.519,43.6,1.71,26.47397959,0.00251938,286.1,51748.46154,0.059633028
SF10548,Karnataka,Raichur,Rice,Rabi,5.77,693.8,23,67,7.8,6.27,19.3,111.7,61.4,124.7,Flood,187.7,8.73,0.83,3.43,19.79,21813,452854,431679,-21175,10829,1.828,39.8,3.43,-4.905265255,0.0018275,297.8,22882.9712,0.219346734
SF10549,Andhra Pradesh,Krishna,Rice,Kharif,10.37,986.3,23.5,78.8,5.8,6.78,24.6,83.6,54.6,133.7,Rainfed,189.7,4.37,0.76,3.1,32.15,22197,715386,713634,-1752,7874,4.083,56.6,3.1,-0.245503998,0.004083058,271.9,22251.50855,0.077208481
SF10550,Punjab,Ludhiana,Sugarcane,Zaid,14.61,283.1,28.1,38.2,6.5,7.76,18.3,114.1,52.7,82.3,Sprinkler,124.6,5.97,0.83,10.97,160.27,3566,882469,571523,-310946,30041,5.335,21.1,10.97,-54.40655932,0.005335042,249.1,5506.139639,0.282938389
SF10551,Maharashtra,Nashik,Wheat,Rabi,13.83,115.2,22.5,58.7,7.8,7.03,15.8,119.4,65.4,125.4,Flood,126.9,6.43,0.72,1.94,26.83,26943,1007796,722881,-284915,8020,3.345,38.4,1.94,-39.41381777,0.003345387,310.2,37562.28103,0.167447917
SF10552,Tamil Nadu,Erode,Maize,Kharif,11.24,1064.3,29.3,69.1,7.1,7.36,38.7,133,76.5,85.5,Sprinkler,194.7,3.82,0.87,1.97,22.14,22247,747285,492549,-254736,6391,3.464,65.9,1.97,-51.71790015,0.003464247,295,33752.71003,0.057966616
SF10553,Andhra Pradesh,Guntur,Sugarcane,Kharif,4.74,1059.5,24.6,86.6,6.9,5.75,33.3,127.5,43.9,113.5,Rainfed,101.2,5.05,0.7,18.14,85.98,3071,271647,264045,-7602,4089,21.027,57.1,18.14,-2.879054707,0.021027146,284.9,3159.420796,0.088441331
SF10554,Andhra Pradesh,Guntur,Pulses,Kharif,13.52,867.1,28.3,69.5,5.4,7.14,24.6,143,24.7,107.6,Flood,165,3.54,0.96,1.24,16.76,75525,886313,1265799,379486,6602,2.539,49,1.24,29.97995732,0.002538625,275.3,52882.63723,0.072244898
SF10555,Telangana,Warangal,Groundnut,Rabi,9.42,350.9,21.1,58.3,6.8,7.05,24.7,152.6,28.1,129.5,Flood,188.7,7.01,0.98,1.38,13,56790,718902,738270,19368,6888,1.887,29.7,1.38,2.623430452,0.00188734,310.2,55300.15385,0.236026936
SF10556,Maharashtra,Nashik,Chilli,Rabi,7.94,456.8,25.3,47.7,7.6,7.1,12.9,108,75.8,96.5,Flood,228.2,8.51,0.87,1.9697733,15.64,92892,619157,1452831,833674,6146,2.545,34.4,1.9697733,57.3827238,0.002544745,280.3,39588.04348,0.247383721
SF10557,Punjab,Ludhiana,Pulses,Kharif,9.21,1123.4,32.5,70.5,7.5,5.85,41,92.7,77.6,85.2,Flood,305.6,5.59,0.85,0.39,3.59,64138,690449,230255,-460194,4732,0.759,48.3,0.39,-199.8627609,0.000758664,255.5,192325.6267,0.11573499
SF10558,Karnataka,Raichur,Wheat,Rabi,3.98,541.4,22.9,56.5,8.1,5.99,20.3,117.4,69.2,94.2,Rainfed,162.8,7.7,0.82,1.61,6.41,29308,221790,187864,-33926,1339,4.787,36.8,1.61,-18.0588085,0.004787155,280.8,34600.62402,0.20923913
SF10559,Telangana,Nalgonda,Cotton,Kharif,2.49,886.7,28,69.5,6,7,20.9,91.8,53.7,128.6,Sprinkler,163.8,7.19,0.93,1.56,3.88,70476,185216,273447,88231,1862,2.084,49.8,1.56,32.26621612,0.002083781,274.1,47736.08247,0.14437751
SF10560,Telangana,Nalgonda,Groundnut,Rabi,6.76,477.8,24.3,49.8,6.8,6.51,22.9,131.4,58.2,66.6,Sprinkler,237.5,3.92,0.76,1.84,12.44,61389,514036,763679,249643,3322,3.745,48.8,1.84,32.68952007,0.003744732,256.2,41321.22186,0.080327869
SF10561,Gujarat,Rajkot,Rice,Zaid,3.7,704.8,27.8,56.8,6.8,6.78,22.1,121.5,15,105.8,Sprinkler,193.4,7.78,0.67,4.08,15.1,23470,281585,354397,72812,4720,3.199,30.6,4.08,20.54532064,0.003199153,242.3,18648.01325,0.254248366
SF10562,Telangana,Nalgonda,Pulses,Kharif,4.97,804.1,30.3,78.7,6.5,7.2,28.3,141.6,70.2,125.7,Flood,241.4,6.62,0.73,1.03,5.12,64201,379662,328709,-50953,2350,2.179,32.3,1.03,-15.5009446,0.002178723,337.5,74152.73438,0.20495356
SF10563,Telangana,Nalgonda,Groundnut,Rabi,10.91,189.4,21.3,64.4,7,5.86,21.9,167.2,80.8,79.5,Flood,111.9,7.39,0.85,0.64,6.98,61537,803096,429528,-373568,8260,0.845,21.8,0.64,-86.97174573,0.000845036,327.5,115056.7335,0.338990826
SF10564,Punjab,Ludhiana,Chilli,Rabi,11.89,179,23.9,48.1,7.4,7.93,37.7,45.2,39.1,105.3,Flood,230.7,5.02,0.71,0.3,3.57,79262,838891,282965,-555926,9980,0.358,49.2,0.3,-196.4645804,0.000357715,189.6,234983.4734,0.10203252
SF10565,Telangana,Warangal,Rice,Kharif,13.93,870,26.5,58.9,7.9,5.29,24.3,130.2,43.5,112.4,Flood,143,6.1,0.66,0.36,5.01,22303,863751,111738,-752013,22816,0.22,47.1,0.36,-673.0145519,0.000219583,286.1,172405.3892,0.129511677
SF10566,Andhra Pradesh,Krishna,Groundnut,Kharif,2.08,701.5,29.4,78.7,6.5,6.94,29.7,82.7,59.9,90.2,Rainfed,199.2,5.84,0.99,1.74,3.62,55854,153818,202191,48373,687,5.269,53.9,1.74,23.92440811,0.005269287,232.8,42491.16022,0.108348794
SF10567,Telangana,Nalgonda,Cotton,Rabi,6.56,642.8,21.1,59.2,8,6.32,15.5,124.6,46.1,102.4,Flood,50.6,3.01,0.81,1.47,9.64,69114,247752,666259,418507,6810,1.416,41.4,1.47,62.81446104,0.001415565,273.1,25700.41494,0.072705314
SF10568,Telangana,Nalgonda,Pulses,Kharif,11.19,682.6,28.1,82.7,8.6,7.91,35.6,117.5,22.8,104.3,Sprinkler,136.1,4.54,0.86,0.3,3.36,66121,579591,222167,-357424,4161,0.807,52.9,0.3,-160.8807789,0.000807498,244.6,172497.3214,0.085822306
SF10569,Gujarat,Rajkot,Cotton,Zaid,11.47,240.1,29.6,63.6,7.1,6.17,24.1,183.1,73.4,66.5,Flood,257.7,7,0.91,1.03,11.81,78561,859819,927805,67986,10825,1.091,35.1,1.03,7.327617333,0.001090993,323,72804.31837,0.199430199
SF10570,Madhya Pradesh,Indore,Rice,Zaid,9.72,174.2,32.4,44.9,8.8,7.63,24.4,88.9,61.8,100.1,Rainfed,215.5,4.44,0.97,0.74,7.19,23579,586001,169533,-416468,5825,1.234,33.7,0.74,-245.656008,0.001234335,250.8,81502.22531,0.131750742
SF10571,Karnataka,Raichur,Cotton,Zaid,3.58,341.2,28.6,49.2,9.8,6.84,18.2,120.7,81.8,102.2,Flood,85.6,5.15,0.91,1.28,4.58,68158,176258,312164,135906,3297,1.389,31.7,1.28,43.53673069,0.001389142,304.7,38484.27948,0.162460568
SF10572,Madhya Pradesh,Indore,Rice,Kharif,7.06,947.6,29.7,68,8.2,6.9,33.9,103.5,89.3,101.3,Rainfed,230.4,6.41,0.86,3.21,22.66,22116,458812,501149,42337,5240,4.324,55.9,3.21,8.447986527,0.004324427,294.1,20247.66108,0.114669052
SF10573,Tamil Nadu,Erode,Groundnut,Kharif,7.72,979.4,26.1,72.5,5.3,5.82,37.8,134.5,57.3,87.4,Sprinkler,116.2,5.84,0.68,0.85,6.56,51712,391543,339231,-52312,3880,1.691,45,0.85,-15.42076048,0.001690722,279.2,59686.43293,0.129777778
SF10574,Karnataka,Raichur,Sugarcane,Rabi,6.8,401.8,26.3,60.9,8.2,7.16,26.4,125.5,80.2,138.9,Flood,188.2,8.75,0.9,63.19,429.69,3632,378817,1560634,1181817,14435,29.767,26.1,63.19,75.72672388,0.029767232,344.6,881.6053434,0.335249042
SF10575,Andhra Pradesh,Krishna,Maize,Rabi,2.14,558.3,25.4,74.1,8.2,6.95,23.5,142.2,53.2,148.3,Flood,188.3,2.05,0.89,3.75,8.02,23310,111009,186946,75937,1550,5.174,57.6,3.75,40.61975116,0.005174194,343.7,13841.5212,0.035590278
SF10576,Telangana,Nalgonda,Maize,Rabi,10.41,518.2,22.7,65.5,9.3,7.18,25.4,147.9,37.9,70.1,Sprinkler,225.8,6.27,0.86,3.11,32.38,19997,696662,647503,-49159,5768,5.614,51.5,3.11,-7.592088376,0.005613731,255.9,21515.19456,0.121747573
SF10577,Telangana,Nalgonda,Cotton,Rabi,12.93,430.3,23,48.4,5,7.56,22.4,116.6,80.2,110.8,Rainfed,239.3,5.45,0.68,0.7,9.05,61110,836190,553046,-283144,4398,2.058,32.2,0.7,-51.19718794,0.002057754,307.6,92396.68508,0.169254658
SF10578,Telangana,Warangal,Maize,Zaid,8.48,389,30.8,52.4,9,7.28,23.2,127.6,52.9,92.3,Flood,227.3,6.93,0.77,2.27,19.25,22606,684496,435166,-249330,6078,3.167,23.8,2.27,-57.29537694,0.00316716,272.8,35558.23377,0.291176471
SF10579,Madhya Pradesh,Indore,Wheat,Kharif,13.96,958,28.8,86.8,6.5,6.62,39.2,176.6,52,107.6,Drip,213.8,8.72,0.81,3.79,52.91,21764,941600,1151533,209933,7803,6.781,50.4,3.79,18.23074111,0.006780725,336.2,17796.2578,0.173015873
SF10580,Madhya Pradesh,Indore,Cotton,Kharif,12.42,1020,23.7,76.9,6.7,7.37,24,138.2,29.8,101.8,Sprinkler,89.9,5.37,0.7,0.92,11.43,66488,784988,759958,-25030,8701,1.314,55.7,0.92,-3.293603068,0.001313642,269.8,68677.86527,0.096409336
SF10581,Gujarat,Rajkot,Wheat,Zaid,7.65,208.2,27.1,50.8,9.1,6.82,13.9,133.2,46.1,106.2,Drip,265.9,3.77,0.9,2.58,19.74,21025,569703,415033,-154670,3998,4.937,53.3,2.58,-37.26691612,0.004937469,285.5,28860.33435,0.070731707
SF10582,Andhra Pradesh,Guntur,Maize,Kharif,11.45,955.9,29.8,81.6,6.7,6.47,22.8,190.6,71.9,112.6,Flood,87.1,3.67,1,4.33,49.58,21569,631145,1069391,438246,8811,5.627,57.1,4.33,40.98089473,0.005627057,375.1,12729.83058,0.064273205
SF10583,Madhya Pradesh,Indore,Chilli,Zaid,4.67,429.7,35.9,56.7,9.3,7.01,26.4,152.2,56.6,119.7,Rainfed,224,4.05,0.99,1.29,6.02,94946,274253,571575,297322,1092,5.513,44.7,1.29,52.01802038,0.005512821,328.5,45556.97674,0.090604027
SF10584,Telangana,Nalgonda,Maize,Kharif,3.58,1015.9,29,70.5,5.3,6.41,46.4,184.7,63.9,86.4,Rainfed,40,6.93,0.95,3.19,11.42,24516,202153,279973,77820,1224,9.33,41.2,3.19,27.79553743,0.009330065,335,17701.66375,0.168203883
SF10585,Punjab,Ludhiana,Sugarcane,Rabi,14.03,290.1,23.5,68.2,6.2,8.24,21,111.3,62.9,125.1,Rainfed,231.1,5.47,0.69,2.46,34.51,3974,672861,137143,-535718,14608,2.362,35.5,2.46,-390.6273014,0.002362404,299.3,19497.56592,0.154084507
SF10586,Telangana,Warangal,Cotton,Zaid,13.96,496.6,39.7,54.4,9.4,8.01,14.9,122.5,57.2,117.8,Sprinkler,226.4,6.04,0.98,0.3,4.19,47327,1094030,198300,-895730,10015,0.418,41.6,0.3,-451.7044881,0.000418372,297.5,261105.0119,0.145192308
SF10587,Madhya Pradesh,Indore,Wheat,Zaid,2.56,80,33.7,48.9,7.3,6.54,19.1,106.8,86.5,86.3,Drip,232.3,5.72,0.88,1.77,4.53,22841,148493,103470,-45023,1136,3.988,41.1,1.77,-43.51309558,0.003987676,279.6,32779.9117,0.139172749
SF10588,Tamil Nadu,Erode,Chilli,Kharif,11.59,666.3,27.4,63.1,6.6,6.3,31,153.3,57.8,105.2,Rainfed,196.6,5.75,0.71,2.33,27,97135,766263,2622645,1856382,3511,7.69,48.8,2.33,70.78281658,0.007690117,316.3,28380.11111,0.117827869
SF10589,Tamil Nadu,Erode,Groundnut,Kharif,3.36,1108.6,27.6,59.8,7.5,6.53,30.7,72.4,51.9,129.2,Flood,165.2,7.28,0.75,1.54,5.17,63900,219340,330363,111023,2096,2.467,40.7,1.54,33.60636633,0.002466603,253.5,42425.53191,0.178869779
SF10590,Maharashtra,Nashik,Groundnut,Rabi,2.73,634.5,25.3,63.6,6.2,6.13,16.7,115,60.8,90.4,Flood,198.9,4.83,0.98,1.33,3.63,52527,182519,190673,8154,2053,1.768,51.5,1.33,4.276431377,0.001768144,266.2,50280.71625,0.093786408
SF10591,Karnataka,Raichur,Maize,Kharif,4.92,871,30,74.4,7,7.89,28.1,123.6,31.8,92.6,Flood,199.3,8.51,0.74,0.67,3.3,22511,391183,74286,-316897,3979,0.829,51.5,0.67,-426.5904747,0.000829354,248,118540.303,0.165242718
SF10592,Karnataka,Raichur,Wheat,Kharif,13.89,855.1,30.8,72,5.5,5.75,31.1,96.7,36.1,129.1,Drip,217.2,6,0.95,0.98,13.61,20851,796467,283782,-512685,6942,1.961,52.7,0.98,-180.6615642,0.00196053,261.9,58520.72006,0.113851992
SF10593,Gujarat,Rajkot,Maize,Kharif,7.68,977.8,32.8,65.7,6.8,7.08,27.2,152.2,26.1,119.9,Flood,269.1,4.32,0.87,3.22,24.73,21525,612476,532313,-80163,6717,3.682,52.1,3.22,-15.05937296,0.003681703,298.2,24766.5184,0.082917466
SF10594,Andhra Pradesh,Krishna,Rice,Kharif,1.5,753.4,30,79.9,8.1,6.02,34.7,112.6,67.2,107.4,Sprinkler,126.9,1.62,0.92,2.42,3.63,22864,90422,82996,-7426,2406,1.509,76.8,2.42,-8.947419153,0.001508728,287.2,24909.64187,0.02109375
SF10595,Punjab,Ludhiana,Chilli,Zaid,7.24,571.6019185,33.4,45.9,8.2,6.72,16.4,158.3,73.5,80.8,Rainfed,317.6,1.59,0.96,1.38,9.99,94804,527158,947092,419934,2581,3.871,43.3,1.38,44.33930389,0.003870593,312.6,52768.56857,0.036720554
SF10596,Andhra Pradesh,Krishna,Cotton,Rabi,7.14,444.2,17.6,56.6,7.2,8.09,28.3,84.8,51.5,49,Sprinkler,201.3,5.42,0.74,0.3,2.14,59242,540148,126778,-413370,4784,0.447,41.1,0.3,-326.0581489,0.000447324,185.3,252405.6075,0.131873479
SF10597,Andhra Pradesh,Krishna,Rice,Zaid,13.96,89.9,28.5,43.4,9.5,6.83,15.9,79.3,35.5,142.1,Rainfed,222.5,4.67,0.91,1.81,25.27,24312,877099,614364,-262735,9860,2.563,37.9,1.81,-42.76536386,0.00256288,256.9,34709.1017,0.123218997
SF10598,Madhya Pradesh,Indore,Chilli,Kharif,3.37,619.4,28.3,72.9,6.8,6.93,35.1,124.8,69.6,64.1,Flood,245,2.46,0.84,2.54,8.56,82446,224847,705738,480891,2803,3.054,65.8,2.54,68.14015966,0.003053871,258.5,26267.1729,0.037386018
SF10599,Punjab,Ludhiana,Maize,Kharif,1.45,1296.3,26.4,83.4,7.5,5.98,38.5,108.7,60,162,Drip,343.9,7.11,0.71,1.85,2.68,22721,93098,60892,-32206,663,4.042,60.7,1.85,-52.89036327,0.004042232,330.7,34738.0597,0.117133443
SF10600,Madhya Pradesh,Indore,Pulses,Rabi,14.87,305.8,24.9,61.1,5.9,6.25,26.9,72.3,46.6,120.5,Sprinkler,187.2,6.93,0.78,0.97,14.42,71734,1273058,1034404,-238654,5263,2.74,38.6,0.97,-23.07164319,0.002739882,239.4,88284.18863,0.179533679
SF10601,Madhya Pradesh,Indore,Maize,Kharif,10.78,791.3,28.9,71.9,7.1,7.45,40.2,121.7,15,170.2,Drip,274.3,3.12,0.76,2.9,31.26,20125,834937,629108,-205829,6579,4.751,67.8,2.9,-32.7175938,0.004751482,306.9,26709.43698,0.046017699
SF10602,Madhya Pradesh,Indore,Pulses,Rabi,13.28,272.9,23.4,51.6,8.5,6.15,24.7,111.7,49,114.8,Drip,307.2,0.97,0.92,0.92,12.22,62635,947941,765400,-182541,4048,3.019,38.8,0.92,-23.84909851,0.003018775,275.5,77572.91326,0.025
SF10603,Tamil Nadu,Erode,Wheat,Zaid,13.62,247.3,28.8,55.6,8.5,6.29,20.4,92.2,59,106.9,Sprinkler,275.9,5.5,0.84,1.94,26.42,23595,950360,623380,-326980,8074,3.272,49,1.94,-52.45275755,0.003272232,258.1,35971.23391,0.112244898
SF10604,Madhya Pradesh,Indore,Rice,Kharif,14.88,973.8,24.5,80.2,7.7,6.23,38.3,104.2,66.3,111.6,Sprinkler,138.1,2.57,0.81,3.1,46.13,22627,847621,1043784,196163,21989,2.098,61.7,3.1,18.79344769,0.002097867,282.1,18374.61522,0.04165316
SF10605,Telangana,Warangal,Cotton,Kharif,8.99,723.7,28.5,86.6,5.9,5.99,26.7,99.6,43.7,69.8,Drip,210.9,5.28,0.8,0.99,8.9,70055,554879,623490,68611,6796,1.31,57.8,0.99,11.0043465,0.001309594,213.1,62345.95506,0.091349481
SF10606,Telangana,Warangal,Chilli,Rabi,13.42,372.6,20.3,63.8,8.2,5.71,34.8,128.1,97.7,81.7,Flood,287.8,4.29,0.67,0.68,9.13,108555,988748,991107,2359,8564,1.066,45.2,0.68,0.238016682,0.001066091,307.5,108296.6046,0.094911504
SF10607,Madhya Pradesh,Indore,Wheat,Rabi,6.23,633,24.8,65.6,6.9,6.24,23.8,132.1,74.8,66,Rainfed,186.2,3.88,0.77,2.35,14.64,22065,331759,323032,-8727,1433,10.216,35.6,2.35,-2.701589935,0.010216329,272.9,22661.13388,0.108988764
SF10608,Andhra Pradesh,Guntur,Maize,Rabi,4.69,128.8,24.1,56.3,7.4,6.54,25.9,97.7,65.3,51.6,Sprinkler,135.8,5.64,0.68,2.91,13.65,22430,269103,306170,37067,2428,5.622,18.7,2.91,12.10667276,0.005621911,214.6,19714.50549,0.301604278
SF10609,Tamil Nadu,Erode,Rice,Kharif,14.9,796.2,27.2,64.3,7.3,7.26,38.8,114.6,31,66,Flood,192.2,2.29,0.93,2.69,40.08,21690,982822,869335,-113487,27011,1.484,60.2,2.69,-13.05446117,0.00148384,211.6,24521.50699,0.038039867
SF10610,Gujarat,Rajkot,Rice,Kharif,2.08,816.8,29.5,76.4,5.8,6.08,40,88.4,56.1,138.1,Flood,138.1,4.96,0.88,2.51,5.22,24583,152544,128323,-24221,3887,1.343,60.6,2.51,-18.8750263,0.001342938,282.6,29222.98851,0.081848185
SF10611,Tamil Nadu,Erode,Wheat,Kharif,5.51,972.1,25.4,82.9,7.1,6.64,35.1,121,58.9,75,Flood,97.1,5.17,0.9,2.66,14.66,20341,331994,298199,-33795,3594,4.079,47,2.66,-11.33303599,0.004079021,254.9,22646.24829,0.11
SF10612,Tamil Nadu,Erode,Rice,Kharif,14.21,920.1,29.7,79,6.5,6.86,35.6,169.5,55,111,Flood,110.2,6.29,0.84,3.39,48.17,19280,1063716,928718,-134998,27819,1.732,50.8,3.39,-14.53595171,0.00173155,335.5,22082.541,0.123818898
SF10613,Andhra Pradesh,Krishna,Rice,Kharif,14.14,701.3,28.7,83.1,6.8,6.21,26.1,130.1,33.5,121.7,Drip,49.4,7.67,0.66,3.21,45.39,19173,679161,870262,191101,17865,2.541,38.6,3.21,21.95901924,0.002540722,285.3,14962.78916,0.198704663
SF10614,Karnataka,Raichur,Groundnut,Zaid,3.03,549.5,32,55.5,9.6,6.25,20.1,72.6,50,111.5,Sprinkler,193.5,4.76,0.8,1.45,4.39,61015,174647,267856,93209,1635,2.685,43.2,1.45,34.79817514,0.002685015,234.1,39782.91572,0.110185185
SF10615,Andhra Pradesh,Krishna,Groundnut,Kharif,13.86,970.6,26.2,93.1,7.6,7.41,24.1,161.4,40.4,152.8,Flood,256,3.39,0.87,1.13,15.66,51995,1150054,814242,-335812,8956,1.749,55.1,1.13,-41.24228423,0.001748548,354.6,73438.95275,0.061524501
SF10616,Gujarat,Rajkot,Sugarcane,Rabi,2.72,484.3,22.3,74.8,7.8,6.85,20.2,161.8,62.5,78.1,Flood,113.3,7.6,0.77,59.69,162.36,3523,165204,571994,406790,5424,29.934,28.8,59.69,71.11787886,0.029933628,302.4,1017.51663,0.263888889
SF10617,Karnataka,Raichur,Rice,Rabi,11.93,516.5,22.7,48.6,6.6,7.22,25,121.3,52.3,128.7,Flood,167.6,0.5,0.72,2.59,30.9,23668,721164,731341,10177,21580,1.432,49.7,2.59,1.391553325,0.001431881,302.3,23338.64078,0.010060362
SF10618,Tamil Nadu,Erode,Chilli,Kharif,7.55,995.5,31,66,6.4,6.54,32.3,123.2,75.9,134.7,Flood,172.6,3.92,0.93,2.7,20.39,100474,487157,2048665,1561508,6668,3.058,41.7,2.7,76.2207584,0.003057888,333.8,23891.95684,0.094004796
SF10619,Andhra Pradesh,Krishna,Wheat,Kharif,7.85,750.1,29,68.5,5.9,6.3,29.5,94.8,26.3,102.1,Flood,293.4,1.14,0.76,2.59,20.33,22475,580022,456917,-123105,4602,4.418,60.8,2.59,-26.94253004,0.004417645,223.2,28530.34924,0.01875
SF10620,Gujarat,Rajkot,Groundnut,Kharif,0.95,979.1,34.6,66,5.8,6.56,39.9,133.6,88.9,81.9,Flood,111.7,3.63,0.83,1.74,1.65,58167,62174,95976,33802,641,2.574,70.8,1.74,35.21922147,0.002574103,304.4,37681.21212,0.051271186
SF10621,Karnataka,Raichur,Pulses,Kharif,9.63,1126.2,29.5,73.6,8,6.34,25.2,134.3,89.5,155.8,Flood,135,6.73,0.85,1.18,11.36,78337,578209,889908,311699,4218,2.693,60.3,1.18,35.02598021,0.00269322,379.6,50898.67958,0.111608624
SF10622,Maharashtra,Nashik,Chilli,Kharif,14.66,764.2,26.4,66.8,8.3,6.26,31,122.9,77.2,129.8,Rainfed,140,6.9,0.86,2.07,30.35,101694,745081,3086413,2341332,5170,5.87,43.9,2.07,75.85932278,0.005870406,329.9,24549.62109,0.157175399
SF10623,Gujarat,Rajkot,Maize,Rabi,9.48,649.7,26.7,69.3,6.7,6.33,19,110.4,78.6,122.6,Drip,234.7,2.87,0.9,4.88,46.26,22658,754440,1048159,293719,4843,9.552,68.1,4.88,28.02237065,0.009551931,311.6,16308.69001,0.042143906
SF10624,Tamil Nadu,Erode,Maize,Kharif,9.64,962.7,28.6,78.8,5.8,6.24,22.9,152.7,77,107.6,Flood,173.5,4.68,0.96,3.75,36.15,21010,675279,759512,84233,6443,5.611,55.2,3.75,11.09041068,0.00561074,337.3,18679.91701,0.084782609
SF10625,Tamil Nadu,Erode,Groundnut,Rabi,1.41,300.4,23,58.5,7.2,7.99,33.4,123.8,40.3,130.1,Rainfed,205.8,5.85,0.95,0.3,0.42,54393,95089,22845,-72244,385,1.091,34.4,0.3,-316.2355001,0.001090909,294.2,226402.381,0.17005814
SF10626,Telangana,Nalgonda,Cotton,Kharif,8.88,694.2,28.9,74.3,5.4,7.02,24.1,126.7,61.8,88.1,Rainfed,202.9,1.87,0.96,1.82,16.16,67652,663853,1093256,429403,3382,4.778,53.7,1.82,39.27744279,0.004778238,276.6,41080.01238,0.034823091
SF10627,Telangana,Warangal,Chilli,Kharif,14.45,806.5,28.9,68.9,8.6,6.48,27.1,131.6,75.4,120.6,Flood,182.9,2.52,0.94,2.92,42.19,120429,1059050,5080900,4021850,10980,3.842,58,2.92,79.15625185,0.003842441,327.6,25101.91989,0.043448276
SF10628,Telangana,Warangal,Pulses,Kharif,3,1249.9,26.6,69.1,5.9,6.92,35,87.5,57.5,87.4,Rainfed,141.3,5.49,0.67,0.87,2.61,66367,184763,173218,-11545,531,4.915,60.2,0.87,-6.665011719,0.004915254,232.4,70790.42146,0.091196013
SF10629,Telangana,Warangal,Cotton,Kharif,10.23,1063.7,26.8,84.7,7.7,7.14,23.6,126.6,31.8,67.1,Drip,201.9,2.41,0.8,1.5,15.34,87937,613499,1348954,735455,7314,2.097,69.1,1.5,54.52039136,0.002097348,225.5,39993.41591,0.03487699
SF10630,Telangana,Warangal,Chilli,Zaid,10.17,410.6,36.1,64,9.4,6.49,22.1,171.8,72.9,134.4,Flood,217.5,7.9,0.98,1.41,14.34,116102,804964,1664903,859939,8999,1.594,39.3,1.41,51.65099709,0.00159351,379.1,56134.17015,0.201017812
SF10631,Andhra Pradesh,Guntur,Rice,Kharif,11.36,648.2,30.6,69.2,7.2,6.12,28.5,139,46,94.4,Flood,288,4.67,0.83,2.65,30.1,19924,907442,599712,-307730,21037,1.431,47.7,2.65,-51.31296356,0.001430812,279.4,30147.57475,0.097903564
SF10632,Telangana,Warangal,Rice,Rabi,7.46,248.6,23.1,45.4,8.8,6.46,27.7,85.3,30.6,71.9,Drip,177.1,5.07,0.85,2.95,22.01,21841,415287,480720,65433,7754,2.839,30.3,2.95,13.61145781,0.002838535,187.8,18868.10541,0.167326733
SF10633,Punjab,Ludhiana,Rice,Rabi,5.65,250.7,23.7,62,5.4,6,25.2,156.1,73,140.5,Rainfed,85.4,6.66,0.71,1.54,8.7,20779,339325,180777,-158548,5448,1.597,36.5,1.54,-87.70363487,0.001596916,369.6,39002.87356,0.182465753
SF10634,Tamil Nadu,Erode,Maize,Rabi,11.49,224,23.3,50.1,7.6,6.65,19.3,87.3,29.1,88,Rainfed,83.1,5.26,0.88,2.38,27.35,20817,711919,569345,-142574,3719,7.354,21.2,2.38,-25.04175851,0.007354127,204.4,26029.94516,0.248113208
SF10635,Tamil Nadu,Erode,Maize,Zaid,11.58,351.1,34.4,57.8,8.2,6.92,21.8,93.6,50.4,95.3,Drip,248.1,4.42,0.81,2.64,30.57,21051,964707,643529,-321178,5806,5.265,53.2,2.64,-49.90886192,0.005265243,239.3,31557.31109,0.083082707
SF10636,Karnataka,Raichur,Cotton,Kharif,0.86,908.7,27,81.5,7,6.8,39.2,89,72.9,77.3,Flood,206.5,6.24,0.85,1.52,1.31,59613,57096,78093,20997,705,1.858,48.2,1.52,26.88717299,0.001858156,239.2,43584.73282,0.129460581
SF10637,Madhya Pradesh,Indore,Maize,Zaid,11.82,239.5,29.6,59.9,7.9,5.85,8,148.3,69,69.9,Rainfed,281.2,6.53,0.65,1.03,12.17,24456,848156,297630,-550526,3919,3.105,38.2,1.03,-184.9699291,0.003105384,287.2,69692.35826,0.170942408
SF10638,Madhya Pradesh,Indore,Chilli,Rabi,12.79,560.5,17.7,51.8,6.2,5.2,19.5,130.5,66.5,89.1,Sprinkler,191,5.59,0.68,0.3,3.84,92541,979377,355357,-624020,7081,0.542,35.9,0.3,-175.6036887,0.000542296,286.1,255046.0938,0.155710306
SF10639,Andhra Pradesh,Guntur,Rice,Zaid,7.62,80,32.8,53.4,7.3,6.55,20.6,124.4,60,114.3,Drip,120.4,5.68,0.69,2.07,15.77,21530,447383,339528,-107855,9681,1.629,36.1,2.07,-31.76615772,0.001628964,298.7,28369.2454,0.15734072
SF10640,Telangana,Warangal,Pulses,Kharif,5.15,839.5,25.5,62.3,6.8,6.47,33.8,85.3,56,100.2,Rainfed,191.3,2.12,0.93,1.24,6.39,79091,329504,505391,175887,924,6.916,59.5,1.24,34.80216308,0.006915584,241.5,51565.57121,0.035630252
SF10641,Punjab,Ludhiana,Maize,Kharif,2.93,531.3,30,74.1,5.5,6.48,24.2,87.1,33.8,96.2,Flood,301.1,5.45,0.93,3.5,10.26,25433,216010,260943,44933,2562,4.005,55.7,3.5,17.21946939,0.004004684,217.1,21053.60624,0.097845601
SF10642,Gujarat,Rajkot,Wheat,Kharif,8.17,649.5,27.1,67.2,7.1,6.36,32.8,114.9,20.9,106.4,Rainfed,168.2,8.42,0.92,2.31,18.87,24142,544659,455560,-89099,2543,7.42,35,2.31,-19.55812626,0.00742037,242.2,28863.75199,0.240571429
SF10643,Telangana,Nalgonda,Chilli,Zaid,14.54,370.9,31.8,31.9,8.2,6.94,15.8,161.1,88,96.8,Sprinkler,193.4,3,0.78,2.06,29.95,87386,974850,2617211,1642361,8298,3.609,46.6,2.06,62.75233445,0.003609303,345.9,32549.24875,0.064377682
SF10644,Andhra Pradesh,Krishna,Maize,Kharif,1.26,674,29.9,55.4,6.8,7.73,29.3,172.8,61.7,58.2,Drip,260.6,5.05,0.88,1.37,1.73,19763,114212,34190,-80022,663,2.609,50.9,1.37,-234.0508921,0.002609351,292.7,66018.49711,0.099214145
SF10645,Punjab,Ludhiana,Sugarcane,Kharif,7.48,797.2,27.7,73.4,6.9,6.84,33.1,170.2,47,78.4,Drip,157.7,5.95,0.98,89.34,668.26,3705,491085,2475903,1984818,11547,57.873,36.9,89.34,80.16541844,0.057873041,295.6,734.8711579,0.161246612
SF10646,Karnataka,Raichur,Maize,Kharif,12.9,647.1,28.4,82.6,7.9,6.57,31.4,106.4,79.8,103.7,Rainfed,139.1,7.5,0.82,4.6,59.34,20987,730026,1245369,515343,4435,13.38,52.4,4.6,41.38074739,0.013379932,289.9,12302.42669,0.143129771
SF10647,Andhra Pradesh,Guntur,Sugarcane,Zaid,12.54,324.3,26.5,44.7,9,6.76,11.9,159.1,64.8,119.1,Sprinkler,114.9,4.4,0.92,64.76,812.09,3057,634204,2482559,1848355,18635,43.579,37.9,64.76,74.45361822,0.04357875,343,780.9528501,0.116094987
SF10648,Andhra Pradesh,Krishna,Maize,Kharif,1.5,473.7,30.3,57.8,5.4,5.99,30.3,127.9,79.3,87.6,Rainfed,79.2,3.77,0.68,1.68,2.52,25188,68638,63474,-5164,320,7.875,52.8,1.68,-8.135614582,0.007875,294.8,27237.30159,0.071401515
SF10649,Andhra Pradesh,Krishna,Groundnut,Rabi,6.14,423.1,22.2,53.4,7,7.1,25,217,59.3,85.3,Flood,160.9,6.54,0.86,1.410423453,8.66,61086,386561,529005,142444,3692,2.346,31.2,1.410423453,26.92677763,0.002345612,361.6,44637.52887,0.209615385
SF10650,Karnataka,Raichur,Cotton,Zaid,4.56,216.3,31.7,43.6,9,7.16,11.9,124.2,67.2,146.7,Flood,275.7,6.71,0.89,0.93,4.24,63658,370527,269910,-100617,4055,1.046,32,0.93,-37.27798155,0.001045623,338.1,87388.4434,0.2096875
SF10651,Karnataka,Raichur,Maize,Rabi,13.23,587.6,24.7,59.3,8.4,5.53,30.4,131.5,42.2,142.9,Flood,284.9,5.46,0.76,0.889644747,11.77,21564,1065547,253808,-811739,9310,1.264,52.4,0.889644747,-319.8240402,0.001264232,316.6,90530.75616,0.104198473
SF10652,Madhya Pradesh,Indore,Pulses,Rabi,8.41,466.9,24.7,59.7,6.4,7.47,26.2,116.3,89.6,83.2,Sprinkler,192.7,3.28,0.69,0.61,5.13,67365,507332,345582,-161750,3131,1.638,37.6,0.61,-46.8050998,0.001638454,289.1,98895.12671,0.087234043
SF10653,Karnataka,Raichur,Pulses,Kharif,10.85,750.9,35.2,64.8,6.4,5.87,25.7,81.3,55.3,148,Sprinkler,145.8,6.57,0.98,0.58,6.29,56395,773521,354725,-418796,3878,1.622,48.1,0.58,-118.0621608,0.00162197,284.6,122976.3116,0.136590437
SF10654,Andhra Pradesh,Guntur,Pulses,Kharif,6.32,699.8,28.2,77.4,7.1,6.42,27.6,66,72.6,90.9,Rainfed,300.5,6.27,0.66,1.07,6.76,63652,463575,430288,-33287,1236,5.469,54,1.07,-7.735981482,0.005469256,229.5,68576.18343,0.116111111
SF10655,Tamil Nadu,Erode,Cotton,Kharif,5.3,692.3,30.3,70.9,6.6,6.62,17.1,130.1,49.7,91.9,Rainfed,145.7,2.76,0.94,1.96,10.39,78371,328252,814275,486023,2059,5.046,38.5,1.96,59.68782045,0.005046139,271.7,31593.07026,0.071688312
SF10656,Madhya Pradesh,Indore,Sugarcane,Rabi,5.46,274.1,17.6,41.2,7.5,7.68,25.7,142.8,44.2,36.1,Rainfed,114.7,6.28,0.92,12.45,67.98,3823,409151,259888,-149263,5980,11.368,24.2,12.45,-57.43358678,0.011367893,223.1,6018.696675,0.259504132
SF10657,Telangana,Nalgonda,Maize,Kharif,8.8,1213.2,30.2,59.5,6.5,7.38,25.9,86.2,73.3,85.2,Drip,357,5.22,0.68,1.93,16.98,17824,686532,302652,-383880,4320,3.931,55.9,1.93,-126.8387455,0.003930556,244.7,40431.80212,0.093381038
SF10658,Punjab,Ludhiana,Rice,Rabi,12.52,424.4,26.7,49.9,9.1,5.77,18.4,110.7,56.3,127.8,Flood,130,4.86,0.8,1.16,14.52,23782,762424,345315,-417109,24908,0.583,31.4,1.16,-120.7908721,0.000582945,294.8,52508.53994,0.15477707
SF10659,Tamil Nadu,Erode,Maize,Rabi,13.06,188.5,22.2,54.9,5.8,6.52,26.9,88.6,32.5,81.8,Sprinkler,299.9,5.42,0.97,3.12,40.75,21258,1092961,866264,-226697,8768,4.648,37.9,3.12,-26.16950491,0.004647582,202.9,26821.12883,0.143007916
SF10660,Telangana,Nalgonda,Maize,Rabi,12.22,572.5,20.4,50.2,7.4,7.09,20.8,156.6,44.2,111.8,Flood,207.6,5.94,0.71,3.01,36.78,22159,850067,815008,-35059,9259,3.972,29.2,3.01,-4.301675566,0.003972351,312.6,23112.20772,0.203424658
SF10661,Madhya Pradesh,Indore,Groundnut,Rabi,9.71,406.1,28.8,69.5,8,6.58,21.5,106.3,38.1,63.5,Sprinkler,290.6,5.43,0.76,1.73,16.8,58056,750551,975341,224790,4099,4.099,42.5,1.73,23.04732396,0.004098561,207.9,44675.65476,0.127764706
SF10662,Punjab,Ludhiana,Chilli,Kharif,7.19,767.2,26.9,68.1,8.5,6.87,29.7,69.9,68.7,61.7,Flood,78.2,6.15,0.93,2.54,18.26,102055,407256,1863524,1456268,5207,3.507,52.1,2.54,78.14592138,0.003506818,200.3,22303.17634,0.118042226
SF10663,Andhra Pradesh,Krishna,Pulses,Rabi,10.82,419.3,20.6,60.4,6.2,7.14,19.3,136.6,79.7,116.7,Rainfed,259,4.54,0.77,0.75,8.12,72369,638427,587636,-50791,1801,4.509,49.8,0.75,-8.643275769,0.004508606,333,78624.01478,0.091164659
SF10664,Telangana,Warangal,Wheat,Rabi,4.16,841.5,20.7,55.9,6.1,6.94,18,131.3,58.3,84.2,Rainfed,250.8,8.87,0.81,2.53,10.52,29848,305401,314001,8600,1158,9.085,22.2,2.53,2.738844781,0.009084629,273.8,29030.51331,0.39954955
SF10665,Gujarat,Rajkot,Sugarcane,Zaid,1.34,510.5,31.6,50.2,7.8,6.02,22.5,110.6,73.6,71.8,Drip,95.2,5.51,0.68,29.61,39.68,4001,85078,158760,73682,2164,18.336,41.7,29.61,46.41093474,0.018336414,256,2144.102823,0.132134293
SF10666,Punjab,Ludhiana,Rice,Kharif,4.08,819.1,27.9,65.9,5.6,6.85,36.2,40,37.1,148.6,Sprinkler,137,5.75,0.93,3.82,15.59,21324,229295,332441,103146,6746,2.311,60.2,3.82,31.0268589,0.002310999,225.7,14707.82553,0.09551495
SF10667,Madhya Pradesh,Indore,Wheat,Kharif,4.07,735.6,27.8,95,4.9,6.63,35.4,63.3,45.8,172.2,Rainfed,243.5,5.2,0.69,3.27,13.31,20518,328184,273095,-55089,1226,10.856,58.7,3.27,-20.17210128,0.010856444,281.3,24656.94966,0.088586031
SF10668,Maharashtra,Nashik,Pulses,Rabi,3.2,580.6,24.4,60.3,9,5.94,24.2,188.1,67.2,69.7,Flood,264.2,6.32,0.68,0.65,2.08,60200,233461,125216,-108245,1612,1.29,36.9,0.65,-86.44662024,0.001290323,325,112240.8654,0.171273713
SF10669,Punjab,Ludhiana,Rice,Rabi,5.7,477.4,22.6,51.4,7.1,6.51,26.2,153.5,54.6,162.1,Drip,171.8,0.5,0.89,3.98,22.69,20223,430554,458860,28306,6863,3.306,54.7,3.98,6.168766072,0.003306134,370.2,18975.49581,0.009140768
SF10670,Madhya Pradesh,Indore,Rice,Kharif,12.93,1167.4,29.8,80.9,6.9,6.09,34,190.2,74.5,136.3,Flood,139.4,5.72,0.78,2.4,31.03,22794,755399,707298,-48101,26695,1.162,63.9,2.4,-6.80066959,0.00116239,401,24344.15082,0.089514867
SF10671,Tamil Nadu,Erode,Groundnut,Rabi,13.38,447,21.5,67,8.2,6.13,32.1,94.5,64.2,55.9,Rainfed,40.9,6.52,0.96,0.95,12.71,53713,657347,682692,25345,3103,4.096,38.8,0.95,3.712508715,0.004096036,214.6,51718.88277,0.168041237
SF10672,Tamil Nadu,Erode,Rice,Rabi,2.25,508.8,26.4,75,7.1,7.4,25.3,163.9,42.6,81.3,Flood,196.9,4.43,0.77,2.04,4.59,22014,169350,101044,-68306,3517,1.305,45.6,2.04,-67.60025335,0.00130509,287.8,36895.42484,0.097149123
SF10673,Madhya Pradesh,Indore,Chilli,Kharif,1.42,1261.2,25.5,59.7,5.5,5.89,27.4,94.6,58.3,134.8,Flood,239.7,8.24,0.69,0.86,1.22,103879,110695,126732,16037,1305,0.935,47.5,0.86,12.65426254,0.000934866,287.7,90733.60656,0.173473684
SF10674,Punjab,Ludhiana,Groundnut,Kharif,8.32,1034.4,27.8,76.5,7.4,7.32,32.2,101.3,15,96.8,Sprinkler,273.8,2.72,0.95,1.21,10.07,60815,576777,612407,35630,4024,2.502,70.4,1.21,5.818026247,0.002502485,213.1,57276.76266,0.038636364
SF10675,Telangana,Warangal,Cotton,Rabi,8.13,686.8,25,51.8,6.2,6.91,25.9,132,33,116.9,Sprinkler,175.2,6.65,0.84,1.96,15.93,70118,564687,1116980,552293,5769,2.761,19.1,1.96,49.44520045,0.00276131,281.9,35448.0226,0.348167539
SF10676,Gujarat,Rajkot,Maize,Rabi,14.63,519.1,19.6,62.9,6.7,6.38,21.6,147.5,57.7,47.5,Drip,146.8,9.51,0.69,2.81,41.11,20572,805717,845715,39998,8283,4.963,42.2,2.81,4.729489249,0.004963178,252.7,19599.05133,0.22535545
SF10677,Telangana,Warangal,Groundnut,Rabi,11.47,80,24.7,59.2,8.1,6.2,27,138.2,45.3,117.2,Flood,165,4.41,0.92,1.18,13.53,56652,771088,766502,-4586,7933,1.706,50,1.18,-0.598302418,0.001705534,300.7,56990.983,0.0882
SF10678,Tamil Nadu,Erode,Groundnut,Kharif,6.52,961.3,29.9,77.3,6.9,5.89,29.2,106.6,71.3,130.1,Sprinkler,170.3,2.64,0.81,0.9,5.87,58986,469983,346248,-123735,2859,2.053,66.6,0.9,-35.73594649,0.002053165,308,80065.24702,0.03963964
SF10679,Maharashtra,Nashik,Cotton,Kharif,10.66,943.7,29.2,69.4,5.3,6.69,25.6,93.1,39.4,142.2,Drip,250.1,7.32,0.85,2.08,22.17,67191,776817,1489624,712807,6214,3.568,56.8,2.08,47.85147124,0.00356775,274.7,35039.1069,0.128873239
SF10680,Maharashtra,Nashik,Pulses,Rabi,14.89,603.6,22,50.3,5.9,6.99,21.5,109.2,56.3,123.2,Flood,195.3,4.19,0.8,1.33,19.8,82172,1173927,1627006,453079,7588,2.609,42.1,1.33,27.84740806,0.002609383,288.7,59289.24242,0.099524941
SF10681,Karnataka,Raichur,Wheat,Rabi,12.81,504.3,23.2,60.6,8.1,7.54,33.8,125.3,47.2,98,Sprinkler,147.6,8.13,0.85,1.47,18.83,23137,1062510,435670,-626840,5979,3.149,39.3,1.47,-143.8795419,0.003149356,270.5,56426.44716,0.206870229
SF10682,Telangana,Warangal,Cotton,Kharif,5.02,1038.7,28.2,77.9,6.8,7.21,25.6,110.3,64.5,85.6,Flood,156.5,8.09,0.66,1.38,6.93,57446,324287,398101,73814,4667,1.485,45.9,1.38,18.54152589,0.001484894,260.4,46794.66089,0.176252723
SF10683,Andhra Pradesh,Guntur,Wheat,Rabi,11.35,331.5,21.3,63,8.8,6.53,22.4,106.3,85.2,131.5,Flood,77.2,3.15,0.86,2.77,31.44,25603,572180,804958,232778,7552,4.163,54.5,2.77,28.91803051,0.004163136,323,18199.10941,0.057798165
SF10684,Andhra Pradesh,Krishna,Rice,Rabi,1.86,183.9,23.2,58.8,7.4,6.27,13.1,114.2,56.8,75.9,Sprinkler,97.9,5.56,0.83,2.31,4.3,19961,115260,85832,-29428,3363,1.279,43.5,2.31,-34.28558114,0.00127862,246.9,26804.65116,0.127816092
SF10685,Maharashtra,Nashik,Maize,Rabi,0.98,275.5,19,47.4,6.4,5.91,12.1,109.8,57.7,54.5,Flood,126.9,5.61,0.8,1.25,1.23,24942,56499,30679,-25820,640,1.922,28.6,1.25,-84.16180449,0.001921875,222,45934.14634,0.196153846
SF10686,Telangana,Warangal,Maize,Kharif,13.8,806.9,24.1,72.4,6.3,6.53,30.6,103.4,86,45.6,Drip,156.4,6.62,0.72,4.33,59.75,19128,835672,1142898,307226,6390,9.351,49.7,4.33,26.88131399,0.009350548,235,13986.14226,0.133199195
SF10687,Andhra Pradesh,Guntur,Wheat,Zaid,13.63,375.3,32.8,39.1,7.5,7.85,23.2,78.9,57.3,143.9,Flood,40,4.58,0.71,0.45,6.13,23867,733065,146305,-586760,8688,0.706,36.4,0.45,-401.0525956,0.000705571,280.1,119586.46,0.125824176
SF10688,Tamil Nadu,Erode,Maize,Rabi,3.39,631,23.1,45.2,7.2,5.74,31.2,168.3,67.4,140.6,Rainfed,200.7,3.3,0.99,1.46,4.95,23568,190389,116662,-73727,1068,4.635,44,1.46,-63.19709931,0.004634831,376.3,38462.42424,0.075
SF10689,Telangana,Nalgonda,Wheat,Rabi,12.78,760,20.3,59.6,7.4,7.25,28.3,109.5,88.5,131.2,Rainfed,145.9,6.7,0.86,1.84,23.52,23110,786938,543547,-243391,3430,6.857,50.6,1.84,-44.77828044,0.006857143,329.2,33458.2483,0.132411067
SF10690,Telangana,Nalgonda,Maize,Kharif,1.16,751.3,28.8,75.4,5.5,6.83,28.4,81.2,63.1,134.8,Flood,116.4,6.46,0.8,4.56,5.29,23824,80511,126029,45518,954,5.545,53.4,4.56,36.11708416,0.005545073,279.1,15219.4707,0.120973783
SF10691,Telangana,Warangal,Rice,Rabi,1.53,414.8,29.5,51.9,7.8,5.68,15.1,118.4,18.2,123.1,Rainfed,40,2.87,0.74,0.77,1.18,27240,85022,32143,-52879,808,1.46,43.6,0.77,-164.5117133,0.001460396,259.7,72052.54237,0.065825688
SF10692,Andhra Pradesh,Guntur,Groundnut,Kharif,9.34,1123.6,28.4,71.7,5.1,6.32,33.2,104.7,39.4,114.9,Flood,224.3,2.26,0.73,1.42,13.26,48813,625353,647260,21907,4862,2.727,56.4,1.42,3.384574978,0.002727273,259,47160.85973,0.040070922
SF10693,Karnataka,Raichur,Maize,Kharif,1.81,858.1,26,51.4,7.7,7.37,29.8,84.6,59.2,129.6,Rainfed,253.1,4.85,0.74,2.38,4.31,16939,119377,73007,-46370,472,9.131,56.6,2.38,-63.51445752,0.009131356,273.4,27697.67981,0.085689046
SF10694,Andhra Pradesh,Guntur,Rice,Kharif,6.63,939.3,26,69.3,5.8,7.94,38.6,112.8,75.5,76.7,Drip,248.7,7.92,0.77,0.67,4.44,20350,445882,90354,-355528,9015,0.493,48.6,0.67,-393.4834097,0.000492512,265,100423.8739,0.162962963
SF10695,Maharashtra,Nashik,Groundnut,Kharif,7.64,828.6,29.3,67.1,5.8,6.62,27,96.9,32.2,114.8,Flood,257.9,5.86,0.76,2.3,17.57,56166,564557,986837,422280,4597,3.822,52.9,2.3,42.79126137,0.003822058,243.9,32131.87251,0.110775047
SF10696,Tamil Nadu,Erode,Rice,Kharif,10.31,839.2,30.5,78.7,6.7,6.79,26.3,120.2,80.2,95.6,Flood,167.1,5.95,0.93,3.1,31.96,21758,707897,695386,-12511,21113,1.514,71.6,3.1,-1.799144648,0.001513759,296,22149.46809,0.083100559
SF10697,Andhra Pradesh,Guntur,Wheat,Rabi,9.96,166.7,25.2,43.6,7.3,6.24,25.9,48.1,63,111,Drip,164.8,4.04,0.69,1.94,19.32,26041,609456,503112,-106344,4520,4.274,41.3,1.94,-21.13724181,0.004274336,222.1,31545.34161,0.097820823
SF10698,Andhra Pradesh,Guntur,Rice,Rabi,14.11,589.3,24,74.2,7.6,6.94,33,75.3,73.3,130.1,Drip,168.5,5.78,0.73,4.41,62.23,21954,1123133,1366197,243064,18834,3.304,41.1,4.41,17.79128486,0.003304131,278.7,18048.09577,0.140632603
SF10699,Andhra Pradesh,Krishna,Rice,Kharif,1.1,789.1,27.4,55.5,6.4,6.93,36.7,101,97.7,57.7,Flood,174.7,2.63,0.84,4.24,4.66,21253,66013,99039,33026,2220,2.099,58.2,4.24,33.34645948,0.002099099,256.4,14165.87983,0.045189003
SF10700,Gujarat,Rajkot,Wheat,Kharif,9.88,1028.6,29.5,83.9,7.6,5.35,35.4,117.7,36,99.9,Flood,188.1,8.82,0.82,0.3,2.96,22898,657264,67778,-589486,6325,0.468,58,0.3,-869.730591,0.000467984,253.6,222048.6486,0.152068966
SF10701,Tamil Nadu,Erode,Rice,Zaid,5.63,135.5,26.5,43.6,7.8,7.23,23.7,90.1,42.3,46.4,Flood,210.3,5.13,0.85,1.3,7.32,17699,367729,129557,-238172,9351,0.783,25.9,1.3,-183.8356862,0.000782804,178.8,50236.20219,0.198069498
SF10702,Punjab,Ludhiana,Sugarcane,Rabi,10.76,248.7,25.3,59.7,6.6,6.61,20.9,99.4,64.1,113.6,Sprinkler,191.4,3.22,0.89,49.04,527.67,3130,695689,1651607,955918,20819,25.346,33.8,49.04,57.87805453,0.025345598,277.1,1318.416814,0.095266272
SF10703,Andhra Pradesh,Krishna,Rice,Rabi,7.87,594.4,22.5,50.1,7.6,7.44,20.2,108.3,62.6,60.2,Sprinkler,206.3,4.96,0.83,1.8,14.17,22016,564533,311967,-252566,13031,1.087,41.2,1.8,-80.95920402,0.001087407,231.1,39840.01411,0.12038835
SF10704,Punjab,Ludhiana,Pulses,Rabi,9.59,337.3,26,64.6,8.4,6.75,18.7,129.5,28.9,128.8,Flood,344.2,0.91,0.78,1.15,11.03,75690,699000,834861,135861,3851,2.864,64.2,1.15,16.27348744,0.002864191,287.2,63372.62013,0.014174455
SF10705,Karnataka,Raichur,Cotton,Rabi,0.84,370.7,24.2,53.5,8.2,6.79,24,156.5,75.5,63.7,Flood,142.7,3.97,0.93,1.45,1.22,66846,56720,81552,24832,857,1.424,37.3,1.45,30.44928389,0.001423571,295.7,46491.80328,0.106434316
SF10706,Andhra Pradesh,Krishna,Maize,Rabi,14.94,275.3,23.5,59.3,7.8,5.6,27.2,84.9,61.9,54.9,Drip,232.5,6.82,0.99,0.7,10.46,22817,1024178,238666,-785512,7744,1.351,42.5,0.7,-329.126059,0.001350723,201.7,97913.76673,0.160470588
SF10707,Maharashtra,Nashik,Chilli,Rabi,6.84,351.6,23.6,54.3,6.1,5.44,32.3,101.8,56.4,113.4,Flood,188,2.99,0.75,0.3,2.05,86825,416094,177991,-238103,4830,0.424,57.3,0.3,-133.7724941,0.000424431,271.6,202972.6829,0.052181501
SF10708,Telangana,Warangal,Wheat,Rabi,12.1,285.1,23.9,62.4,7.7,7.66,26.4,94.5,55.7,94.9,Drip,40,3.52,0.74,0.9,10.89,24839,604037,270497,-333540,5701,1.91,42.5,0.9,-123.3063583,0.001910191,245.1,55467.1258,0.082823529
SF10709,Tamil Nadu,Erode,Cotton,Rabi,6.05,227.5,23.3,50.6,7,6.35,33,81.5,73,128.6,Flood,72.4,2.81,0.69,1.28,7.74,69502,368208,537945,169737,5495,1.409,48.2,1.28,31.55285392,0.001408553,283.1,47572.09302,0.058298755
SF10710,Madhya Pradesh,Indore,Cotton,Zaid,2.82,252.3,31.3,45.2,8.1,7.36,18.6,97.1,62.7,36.3,Flood,228.2,4.66,0.7,0.58,1.64,65481,179837,107389,-72448,2244,0.731,32.3,0.58,-67.46314799,0.000730838,196.1,109656.7073,0.144272446
SF10711,Karnataka,Raichur,Chilli,Rabi,2.59,407.3,19.1,68.4,8,6.08,29.7,107.6,55.3,131.5,Drip,235.1,1.92,0.89,1.29,3.34,103109,176172,344384,168212,1260,2.651,51.2,1.29,48.84431332,0.002650794,294.4,52746.10778,0.0375
SF10712,Karnataka,Raichur,Wheat,Kharif,8.22,961.2,26.3,56.1,7.5,6.88,29.1,146.2,67.8,102.8,Sprinkler,176.9,9.58,0.87,3.8,31.24,22921,626782,716052,89270,4484,6.967,41.8,3.8,12.46697167,0.006966994,316.8,20063.4443,0.229186603
SF10713,Gujarat,Rajkot,Pulses,Rabi,9,371.4,18.7,55.4,5.6,7.07,20.3,124.6,69.1,82.8,Flood,166.1,2.13,0.7,0.76,6.84,75182,516729,514245,-2484,4302,1.59,54.8,0.76,-0.483038241,0.001589958,276.5,75545.17544,0.038868613
SF10714,Telangana,Nalgonda,Rice,Rabi,1.29,347.9,23.9,58.4,7.3,7.85,29.5,142,73.7,111.1,Sprinkler,226,3.5,0.9,0.59,0.76,22256,99427,16915,-82512,2006,0.379,55.8,0.59,-487.8037245,0.000378863,326.8,130825,0.062724014
SF10715,Gujarat,Rajkot,Wheat,Rabi,7.58,524.9,23.3,55.9,6.7,7.16,16.7,102.6,57.9,112.5,Sprinkler,121.6,4.86,0.93,2.73,20.69,24749,448472,512057,63585,4349,4.757,45.5,2.73,12.41756289,0.004757415,273,21675.7854,0.106813187
SF10716,Punjab,Ludhiana,Cotton,Zaid,7.39,380.6,27.4,64.6,6.3,6.8,25.8,83.5,69.2,70.8,Sprinkler,196.7,8.63,0.8,1.69,12.49,80118,592330,1000674,408344,5310,2.352,29.3,1.69,40.80689615,0.002352166,223.5,47424.33947,0.294539249
SF10717,Punjab,Ludhiana,Maize,Kharif,6.77,875.2,32.7,79.1,7.6,7.4,31,136.6,99.6,134.7,Flood,198.6,1.29,0.69,2.64,17.87,24183,447692,432150,-15542,4409,4.053,69.3,2.64,-3.596436423,0.004053073,370.9,25052.71405,0.018614719
SF10718,Telangana,Warangal,Maize,Rabi,5.7,300.2,22,77.4,8.5,6.15,20.5,93.5,50.4,112.6,Drip,149.8,3.11,0.95,2.36,13.45,19225,342297,258576,-83721,2516,5.346,51.4,2.36,-32.37771487,0.005345787,256.5,25449.59108,0.060505837
SF10719,Telangana,Nalgonda,Rice,Rabi,8.37,599.7,27.3,59.4,8.9,6.48,15.7,160.4,51.7,158.2,Flood,234.9,5.45,0.8,4.29,35.91,25820,534924,927196,392272,18680,1.922,34.2,4.29,42.30734386,0.001922377,370.3,14896.2406,0.159356725
SF10720,Andhra Pradesh,Guntur,Cotton,Rabi,4.81,178.9,22.9,45.3,7.7,6.73,24.7,90.4,51.5,69.4,Rainfed,207.7,5.25,0.65,1,4.81,67689,305913,325584,19671,1584,3.037,33.2,1,6.041758809,0.003036616,211.3,63599.3763,0.15813253
SF10721,Gujarat,Rajkot,Maize,Kharif,0.83,788.4,29.8,75.4,7.1,6.96,32.4,139.2,54.4,96.1,Rainfed,126,7.91,0.86,3.88,3.22,19654,48693,63286,14593,272,11.838,46.9,3.88,23.05881238,0.011838235,289.7,15122.04969,0.168656716
SF10722,Telangana,Warangal,Chilli,Rabi,6.31,484.3,20.9,50.3,7.8,7.37,23.4,101.9,30.1,76.9,Sprinkler,169.8,2.35,0.67,0.97,6.12,117021,401995,716169,314174,3218,1.902,43.1,0.97,43.8686958,0.001901802,208.9,65685.45752,0.054524362
SF10723,Tamil Nadu,Erode,Groundnut,Kharif,1.86,715,19.4,81.5,6.6,6.68,33.9,103.9,79.1,118.1,Flood,171.2,4.42,0.98,2.08,3.87,55512,119928,214831,94903,1162,3.33,55.3,2.08,44.17565435,0.003330465,301.1,30989.14729,0.079927667
SF10724,Punjab,Ludhiana,Sugarcane,Rabi,6.35,637.8,24.1,59.4,7.5,7.16,16.9,97.3,75.2,144.5,Flood,200.7,1.6,0.73,56.17,356.68,3776,469206,1346824,877618,12310,28.975,49.7,56.17,65.16204047,0.028974817,317,1315.481664,0.032193159
SF10725,Karnataka,Raichur,Maize,Kharif,11.97,991.7,25.6,71.4,7.2,6.35,30.7,54.9,39.7,139,Flood,210.9,3.86,0.83,3.19,38.18,23937,840092,913915,73823,9880,3.864,55.7,3.19,8.077665866,0.003864372,233.6,22003.45731,0.06929982
SF10726,Gujarat,Rajkot,Cotton,Rabi,9.04,543.3,24.4,52.6,7.2,6.95,21.4,100.6,50.7,93.7,Drip,239.5,5.34,0.83,2.13,19.26,56961,646364,1097069,450705,6811,2.828,39.7,2.13,41.0826484,0.002827779,245,33559.91693,0.134508816
SF10727,Andhra Pradesh,Krishna,Maize,Zaid,1.33,340.8,27.4,59.3,8.7,7.11,14.6,143.5,59.9,93.7,Drip,231.1,9.69,0.74,3.21,4.27,23063,117381,98479,-18902,701,6.091,14.4,3.21,-19.19393982,0.006091298,297.1,27489.69555,0.672916667
SF10728,Telangana,Nalgonda,Chilli,Zaid,13.09,345.2,33.8,45,7.5,7.01,14.3,135.4,71.9,97.9,Sprinkler,246.7,7.33,0.73,1.81,23.69,92667,1202058,2195281,993223,9124,2.596,29.5,1.81,45.24354741,0.002596449,305.2,50741.15661,0.248474576
SF10729,Andhra Pradesh,Krishna,Pulses,Rabi,0.71,697.3,22.7,54.7,8.1,5.84,19.1,163.9,120,154.6,Flood,159,6.51,0.84,0.78,0.55,76946,48011,42320,-5691,320,1.719,49.1,0.78,-13.44754253,0.00171875,438.5,87292.72727,0.132586558
SF10730,Karnataka,Raichur,Sugarcane,Kharif,13.65,1032.2,33,76.7,7.4,6.08,29.7,167.7,50.4,126.5,Rainfed,292.6,0.5,0.98,29.44,401.86,3626,959826,1457144,497318,12411,32.379,73.6,29.44,34.1296399,0.032379341,344.6,2388.458667,0.006793478
SF10731,Andhra Pradesh,Guntur,Wheat,Zaid,11.6,275.5,30.8,51.2,9.3,6.39,17.5,168.4,65.9,128.1,Flood,273.6,5.47,0.65,1.99,23.08,22030,814045,508452,-305593,7859,2.937,32.2,1.99,-60.10262522,0.00293676,362.4,35270.58059,0.169875776
SF10732,Madhya Pradesh,Indore,Wheat,Kharif,14.02,527.1,34.2,80.3,6.6,7.43,33.4,140.9,57.6,121.1,Flood,230.2,5.14,0.74,1.43,20.05,22313,974484,447376,-527108,10526,1.905,44.6,1.43,-117.8221451,0.001904807,319.6,48602.69327,0.115246637
SF10733,Karnataka,Raichur,Cotton,Kharif,12.07,669.7,25.9,93.4,7.1,8.05,32.6,81,52.6,107.2,Sprinkler,151.5,2.38,0.85,0.3,3.62,68763,644173,248922,-395251,8980,0.403,66.1,0.3,-158.7850813,0.000403118,240.8,177948.3425,0.036006051
SF10734,Telangana,Warangal,Sugarcane,Rabi,0.81,362.8,30.1,58.8,8.3,6.19,35.2,136.6,54.1,140,Drip,236.5,4.17,0.67,48.48,39.27,3683,53776,144631,90855,1193,32.917,31.9,48.48,62.8184829,0.032917016,330.7,1369.391393,0.130721003
SF10735,Andhra Pradesh,Guntur,Groundnut,Rabi,13.53,740.4,26.7,55.2,7.9,5.67,21,134.5,77,115.5,Rainfed,246.9,7.73,0.86,0.59,7.98,50099,1033996,399790,-634206,3725,2.142,42.3,0.59,-158.6347833,0.002142282,327,129573.4336,0.182742317
SF10736,Punjab,Ludhiana,Groundnut,Rabi,3.25,80,27.2,78.2,8,6.23,23.6,162.7,75,88.4,Sprinkler,274.4,2.78,0.75,1.3,4.23,60810,266901,257226,-9675,1727,2.449,55,1.3,-3.761283852,0.002449334,326.1,63097.16312,0.050545455
SF10737,Telangana,Nalgonda,Cotton,Kharif,0.64,1045.1,26,65.1,7.4,7.58,26.6,115.8,54.4,103.9,Flood,193.4,5.27,0.9,0.63,0.4,67168,53939,26867,-27072,733,0.546,65.9,0.63,-100.7630178,0.000545703,274.1,134847.5,0.079969651
SF10738,Punjab,Ludhiana,Cotton,Kharif,12.8,835.2,24.7,64.3,8,6.56,34.2,143,63,54.1,Drip,109.5,6.84,0.66,2.04,26.11,75276,870979,1965456,1094477,8874,2.942,55.6,2.04,55.68565259,0.002942303,260.1,33358.06205,0.123021583
SF10739,Gujarat,Rajkot,Groundnut,Kharif,12.76,676.1,28.4,83,8.6,6.49,12.7,169.2,40.7,92.2,Sprinkler,177.4,5,0.69,2.29,29.22,58178,764820,1699961,935141,6847,4.268,58.1,2.29,55.0095561,0.004267562,302.1,26174.53799,0.08605852
SF10740,Maharashtra,Nashik,Rice,Zaid,12.56,497.4,29,67.2,8.8,7.26,20.6,142.6,55.9,92.6,Drip,228.3,5.51,0.82,2.88,36.17,17733,842727,641403,-201324,12993,2.784,52,2.88,-31.38806647,0.002783807,291.1,23299.05999,0.105961538
SF10741,Tamil Nadu,Erode,Maize,Kharif,12.11,1005.2,26.9,82.2,7.9,5.2,29.4,107.7,56.2,120.3,Drip,93.1,3.71,0.86,0.3,3.63,21672,653622,78669,-574953,5496,0.66,54.7,0.3,-730.8507798,0.00066048,284.2,180061.157,0.067824497
SF10742,Telangana,Warangal,Chilli,Kharif,11.16,1051.3,28.4,68.8,6.6,7.06,29.9,112.4,33.2,117.8,Drip,45.9,5.57,0.86,2.43,27.12,90928,631114,2465967,1834853,5008,5.415,65.7,2.43,74.40703789,0.005415335,263.4,23271.16519,0.0847793
SF10743,Telangana,Warangal,Chilli,Kharif,11.26,772.6,30.6,78.2,8.2,6.83,22.7,112,45.7,131.8,Drip,215.4,7.59,0.97,2.83,31.87,124793,870896,3977153,3106257,5529,5.764,52.7,2.83,78.10252711,0.005764153,289.5,27326.51396,0.14402277
SF10744,Karnataka,Raichur,Pulses,Kharif,0.55,902,24.8,77.7,7.2,7.78,29.9,137.5,64.2,117.9,Flood,278.6,5.61,0.95,0.36,0.2,77585,42979,15517,-27462,266,0.752,45.1,0.36,-176.9800864,0.00075188,319.6,214895,0.124390244
SF10745,Telangana,Nalgonda,Maize,Rabi,12.44,474.4,21.4,54.1,7.9,6.76,15.4,85.7,80.4,64,Flood,210.1,5.63,0.92,3.95,49.14,23644,772977,1161866,388889,8453,5.813,29.6,3.95,33.47107153,0.005813321,230.1,15730.09768,0.190202703
SF10746,Andhra Pradesh,Guntur,Maize,Rabi,14.52,831.3,27.2,73.9,7.3,6.41,30.2,119,54.4,97.8,Flood,214.2,6.46,0.91,4.65,67.52,20757,1180520,1401513,220993,11077,6.096,37.8,4.65,15.7681734,0.006095513,271.2,17484.00474,0.170899471
SF10747,Telangana,Nalgonda,Rice,Zaid,7.72,522,34.6,45.2,8.6,6.61,16.4,130.2,45.5,127,Flood,227.5,3.78,0.69,2.88,22.23,22974,566937,510712,-56225,16741,1.328,53.3,2.88,-11.00914018,0.001327878,302.7,25503.23887,0.070919325
SF10748,Gujarat,Rajkot,Pulses,Kharif,1.61,497.2,27.2,74.2,7,5.49,34.5,139.5,82.5,130.4,Flood,231.5,3.8,0.66,0.3,0.48,75809,104806,36388,-68418,806,0.596,51.5,0.3,-188.0235242,0.000595533,352.4,218345.8333,0.073786408
SF10749,Andhra Pradesh,Guntur,Pulses,Kharif,14.31,493.4,29.9,68.6,7.7,7.21,38.9,94.3,91.8,79,Rainfed,99.1,6.09,0.88,0.9,12.88,81393,1086667,1048342,-38325,2668,4.828,46.2,0.9,-3.655772639,0.004827586,265.1,84368.5559,0.131818182
SF10750,Karnataka,Raichur,Rice,Kharif,13.46,561.5,31.6,72,7,6.94,30.1,91.4,58.5,91.1,Rainfed,180.4,5.38,0.9,2.53,34.05,21548,909799,733709,-176090,10798,3.153,48.6,2.53,-23.99997819,0.003153362,241,26719.50073,0.110699588
SF10751,Telangana,Nalgonda,Wheat,Zaid,14.14,194.1,28.7,50.6,7.9,6.39,21.7,92.8,54.3,132.3,Rainfed,121.2,3.12,0.88,1.76,24.89,23830,905195,593129,-312066,4100,6.071,51.8,1.76,-52.61351241,0.006070732,279.4,36367.8184,0.06023166
SF10752,Madhya Pradesh,Indore,Rice,Kharif,1.04,601,27.9,69.7,5.5,6.35,27.8,137.4,37.4,51.7,Flood,173.6,6.46,0.69,3.31,3.44,21791,66015,74961,8946,1747,1.969,43.9,3.31,11.93420579,0.00196909,226.5,19190.40698,0.14715262
SF10753,Telangana,Warangal,Maize,Rabi,9.58,393.5,25,59.8,8.2,7.15,28.9,40,69.9,167.2,Rainfed,174.2,2.44,0.95,2.94,28.17,23360,601697,658051,56354,3259,8.644,43.3,2.94,8.563773932,0.008643756,277.1,21359.49592,0.056351039
SF10754,Andhra Pradesh,Krishna,Pulses,Rabi,6.45,506.1,23.8,49.1,7.4,5.91,14.4,134.7,61,42.1,Rainfed,183.5,1.89,0.91,0.55,3.55,58180,428498,206539,-221959,1305,2.72,52.6,0.55,-107.4659023,0.002720307,237.8,120703.662,0.035931559
SF10755,Tamil Nadu,Erode,Rice,Rabi,1.69,248.5,23.1,62.4,7.3,5.74,31.1,68.5,63.1,119.2,Sprinkler,199.1,2.85,0.97,0.88,1.49,24847,96113,37022,-59091,2134,0.698,42.1,0.88,-159.6105019,0.000698219,250.8,64505.36913,0.067695962
SF10756,Tamil Nadu,Erode,Pulses,Rabi,6.82,114.7,30.5,60,7.1,7.12,22.9,110.1,58.1,68.8,Sprinkler,78.2,2.15,0.88,0.92,6.27,70617,352548,442769,90221,2770,2.264,49.1,0.92,20.37653946,0.002263538,237,56227.7512,0.043788187
SF10757,Karnataka,Raichur,Chilli,Kharif,12.96,839.3,28.2,68.3,5.9,7.18,36.4,137.4,33.2,122,Drip,125.7,6.56,0.92,2.31,29.94,108381,811620,3244927,2433307,7325,4.087,47.6,2.31,74.98803517,0.004087372,292.6,27108.21643,0.137815126
SF10758,Tamil Nadu,Erode,Wheat,Rabi,5.9,394.1,21.5,68,8,7.52,24,108,99.7,30,Flood,212.8,5.28,0.87,1.1,6.49,23596,346039,153138,-192901,3476,1.867,47.1,1.1,-125.9654691,0.001867089,237.7,53318.79815,0.112101911
SF10759,Tamil Nadu,Erode,Pulses,Kharif,3.83,610.3,27.3,83.9,6.3,6.83,32.6,150.7,45,36.2,Sprinkler,176.3,5.7,0.67,1.71,6.55,73418,257531,480888,223357,1684,3.89,47.1,1.71,46.44678179,0.003889549,231.9,39317.70992,0.121019108
SF10760,Maharashtra,Nashik,Cotton,Kharif,6.59,745.4,29.2,61.4,7.6,6.63,30.7,86.2,72.2,60.2,Flood,163.5,7.13,0.78,2.18,14.37,62479,471598,897823,426225,6835,2.102,34.6,2.18,47.47316565,0.002102414,218.6,32818.23243,0.206069364
SF10761,Telangana,Nalgonda,Cotton,Kharif,1.47,627.3,24.3,70.7,7.7,7.52,37.3,112.8,79.2,115.4,Drip,141.7,1.33,0.71,0.95,1.4,68972,89080,96561,7481,788,1.777,58.7,0.95,7.747434264,0.00177665,307.4,63628.57143,0.022657581
SF10762,Andhra Pradesh,Guntur,Cotton,Kharif,10.68,798.9,27.2,69,6.5,7.33,26.4,109.5,55.6,89.5,Flood,266.7,5.07,0.93,1.19,12.71,67612,783755,859349,75594,10034,1.267,54.7,1.19,8.796658866,0.001266693,254.6,61664.43745,0.092687386
SF10763,Telangana,Nalgonda,Sugarcane,Kharif,14.47,614.3,26.1,71,8,6.78,38.5,139.3,69.8,102.9,Flood,156.1,8.66,0.92,70.62,1021.87,3322,1043508,3394652,2351144,36156,28.263,50.8,70.62,69.2602364,0.028262806,312,1021.174905,0.170472441
SF10764,Madhya Pradesh,Indore,Pulses,Rabi,7.19,268.3,24.1,66.4,6.8,6.98,31.7,145.2,37,86,Sprinkler,196.1,5.33,0.72,1.12,8.05,63595,403866,511940,108074,2717,2.963,36.7,1.12,21.11067703,0.002962827,268.2,50169.68944,0.145231608
SF10765,Andhra Pradesh,Guntur,Groundnut,Zaid,9.22,419.9,31.8,64.6,8.1,6.52,16.9,117.2,38,55,Sprinkler,184.8,5.12,0.94,1.42,13.09,52012,502259,680837,178578,4116,3.18,52.6,1.42,26.22918555,0.003180272,210.2,38369.6715,0.097338403
SF10766,Karnataka,Raichur,Rice,Kharif,3.79,1058.1,23.5,81.2,5.7,6.54,34.7,111.2,34.6,101.9,Flood,219.6,3.49,0.69,2.85,10.8,21427,286990,231412,-55578,6964,1.551,67.2,2.85,-24.01690491,0.001550833,247.7,26573.14815,0.051934524
SF10767,Telangana,Warangal,Cotton,Rabi,5.53,651.3,26.4,65.4,8.1,6.54,19,70.3,78.7,98.4,Rainfed,362.1,5.83,0.75,1.67,9.24,68776,472292,635490,163198,1801,5.13,38.4,1.67,25.68065587,0.005130483,247.4,51113.85281,0.151822917
SF10768,Andhra Pradesh,Krishna,Rice,Kharif,14.24,890,27.1,93.8,7.5,6.8,29,119.1,31.5,128.1,Rainfed,211.3,6.77,0.87,3.99,56.82,20875,858188,1186118,327930,11275,5.039,58.9,3.99,27.64733357,0.005039468,278.7,15103.62548,0.114940577
SF10769,Tamil Nadu,Erode,Cotton,Rabi,12.64,448.2,20.5,53.8,6.6,5.99,22.4,68.1,52,70.1,Rainfed,181.8,2.78,0.67,0.53,6.7,69086,794889,462876,-332013,5356,1.251,46.2,0.53,-71.72828144,0.001250934,190.2,118640.1493,0.06017316
SF10770,Maharashtra,Nashik,Maize,Zaid,2.91,213.8,28,57.8,8.3,5.9,25.4,106.2,98.9,72.8,Flood,160.2,3.24,0.78,1.58,4.6,19512,194005,89755,-104250,1813,2.537,35,1.58,-116.1495181,0.002537231,277.9,42175,0.092571429
SF10771,Andhra Pradesh,Guntur,Maize,Kharif,13.06,818.6,27.2,65.5,8,6.47,35.4,134.6,29.8,134.7,Drip,251.1,6.1,0.74,5.32,69.48,18778,809342,1304695,495353,6538,10.627,42.5,5.32,37.96695779,0.010627103,299.1,11648.56074,0.143529412
SF10772,Punjab,Ludhiana,Groundnut,Zaid,5.62,160.5,33.3,62.1,9.2,7.49,18,96.9,21.5,76.4,Rainfed,286.1,6.81,0.83,0.47,2.64,53670,367880,141689,-226191,1510,1.748,20.5,0.47,-159.6390687,0.001748344,194.8,139348.4848,0.332195122
SF10773,Madhya Pradesh,Indore,Wheat,Kharif,2.95,683.1,28.6,70.2,6.9,5.94,31.9,105.4,68.4,91.2,Flood,229.5,4.88,0.73,1.98,5.84,26917,184303,157195,-27108,1960,2.98,38.7,1.98,-17.24482331,0.002979592,265,31558.73288,0.126098191
SF10774,Andhra Pradesh,Krishna,Wheat,Rabi,6.07,539.4,16.9,52.6,8.1,5.68,18.4,137.7,51.8,99.4,Rainfed,209.6,3.04,0.68,0.64,3.88,27644,312584,107259,-205325,2053,1.89,42.6,0.64,-191.4291575,0.001889917,288.9,80562.8866,0.071361502
SF10775,Karnataka,Raichur,Chilli,Zaid,11.68,278.1,30.4,47.9,7.2,7.18,17.3,88.3,49.2,121,Flood,158.1,4.09,0.82,1.24,14.48,88890,776999,1287127,510128,9507,1.523,40,1.24,39.63307428,0.001523088,258.5,53660.15193,0.10225
SF10776,Gujarat,Rajkot,Chilli,Kharif,5.18,833.8,28.8,75.6,5.1,5.47,31.5,117.4,77.1,133.5,Flood,225.5,6.08,0.88,0.51,2.64,103540,368110,273346,-94764,3912,0.675,47.7,0.51,-34.66814952,0.000674847,328,139435.6061,0.127463312
SF10777,Punjab,Ludhiana,Maize,Rabi,1.53,337,23.1,73.2,7.8,7.37,20.7,59.1,56,71.1,Drip,131.9,2.67,0.96,1.83,2.8,22393,101866,62700,-39166,719,3.894,48.1,1.83,-62.46570973,0.003894298,186.2,36380.71429,0.055509356
SF10778,Punjab,Ludhiana,Cotton,Rabi,1.83,502.1,19.3,42.3,7.2,6.49,26.8,76.4,75.1,91.7,Drip,251.5,2.84,0.86,1.322404372,2.42,76135,144893,184247,39354,1275,1.898,47.2,1.322404372,21.35937084,0.001898039,243.2,59873.1405,0.060169492
SF10779,Karnataka,Raichur,Maize,Kharif,11.23,927,28,63,7.6,6.96,36.8,119.8,67,134.5,Rainfed,175.9,3.33,0.87,3.53,39.64,23506,695197,931778,236581,3740,10.599,57.9,3.53,25.39027537,0.01059893,321.3,17537.76488,0.057512953
SF10780,Madhya Pradesh,Indore,Chilli,Rabi,6.28,426.3,25.5,69.4,9.9,7.74,25.1,101.9,74.2,102.2,Drip,246.8,4.48,0.94,0.7,4.4,99581,469343,438156,-31187,3993,1.102,43.9,0.7,-7.117784533,0.001101928,278.3,106668.8636,0.102050114
SF10781,Punjab,Ludhiana,Groundnut,Rabi,14.64,170.8,22.1,62.7,7.6,8.4,19.2,79.8,60.8,146.7,Sprinkler,322.3,5.99,0.68,0.3,4.39,63813,1299362,280139,-1019223,7779,0.564,29.3,0.3,-363.8275999,0.00056434,287.3,295982.2323,0.20443686
SF10782,Karnataka,Raichur,Cotton,Rabi,7.51,197.8,22.3,69.8,7.8,6.83,29.3,144.3,70,100,Rainfed,283.3,3.85,0.81,1.34,10.06,74448,393404,748947,355543,2924,3.44,42,1.34,47.47238456,0.003440492,314.3,39105.76541,0.091666667
SF10783,Madhya Pradesh,Indore,Chilli,Rabi,13.27,416.1,21.2,58.6,9.6,5.81,29.1,146.4,17.1,106.1,Sprinkler,100.4,7.68,0.7,0.79,10.48,110639,979553,1159497,179944,7936,1.321,24.4,0.79,15.51914321,0.001320565,269.6,93468.79771,0.314754098
SF10784,Tamil Nadu,Erode,Wheat,Rabi,0.93,569.3,21.7,60.1,7.6,7.11,28.2,93.1,58.2,78,Flood,147.7,4.41,0.81,2.43,2.26,20032,56097,45272,-10825,467,4.839,44.6,2.43,-23.91102668,0.0048394,229.3,24821.68142,0.098878924
SF10785,Telangana,Warangal,Chilli,Kharif,13.46,835.6,30.1,77.9,8.2,6.09,33.4,76.7,23.9,96.7,Rainfed,223.3,8.54,0.93,1.23,16.56,89413,1038446,1480679,442233,3713,4.46,35.6,1.23,29.86690566,0.004460005,197.3,62708.09179,0.23988764
SF10786,Madhya Pradesh,Indore,Rice,Rabi,10.33,473.5,27.6,65.4,7.1,7.7,21.4,120.2,84.6,116.5,Drip,235.6,3.51,0.96,1.4,14.46,22861,765938,330570,-435368,13100,1.104,58.2,1.4,-131.7022113,0.001103817,321.3,52969.43292,0.060309278
SF10787,Punjab,Ludhiana,Wheat,Kharif,7.78,759.4,29.3,73.2,7.4,6.97,21.3,123.5,62.3,54.7,Sprinkler,105.4,6.63,0.91,3.13,24.35,27468,492210,668846,176636,4433,5.493,50.6,3.13,26.40906875,0.005492894,240.5,20213.96304,0.131027668
SF10788,Tamil Nadu,Erode,Rice,Kharif,13.21,1282.5,28.4,84.9,6.7,6.54,30.4,107,56.3,97.2,Drip,172.7,5.06,0.83,2.46,32.5,23294,865129,757055,-108074,18224,1.783,78,2.46,-14.27558103,0.001783363,260.5,26619.35385,0.064871795
SF10789,Karnataka,Raichur,Rice,Kharif,12.76,991.1,29.6,71.1,5.8,6.95,25,112.5,72.8,92.4,Rainfed,215.7,5.12,0.87,2.76,35.22,20761,844148,731202,-112946,10290,3.423,49.4,2.76,-15.44662077,0.003422741,277.7,23967.85917,0.103643725
SF10790,Telangana,Warangal,Rice,Kharif,13.48,470.7,25.1,81.1,6.2,7.47,29.7,117.2,36.5,111.3,Rainfed,238,7.82,0.92,1.53,20.62,24200,1121980,499004,-622976,10402,1.982,45.9,1.53,-124.843889,0.001982311,265,54412.22114,0.17037037
SF10791,Punjab,Ludhiana,Maize,Rabi,12.69,336.3,22.5,69.2,6.6,7.17,19.9,118,25.6,136.4,Flood,206.8,7.31,0.88,2.24,28.43,23120,946955,657302,-289653,9125,3.116,34.3,2.24,-44.06695857,0.003115616,280,33308.30109,0.213119534
SF10792,Tamil Nadu,Erode,Sugarcane,Kharif,13.49,1353.1,28.2,63.7,8.2,6.63,27.1,122.7,64.2,100.8,Rainfed,214.1,5.82,0.82,44.78,604.08,3909,1039127,2361349,1322222,13870,43.553,63.5,44.78,55.99434899,0.043552992,287.7,1720.181102,0.091653543
SF10793,Punjab,Ludhiana,Sugarcane,Zaid,7.41,172.4,34.3,45.2,8.4,7.43,26.4,103.8,35.2,175.2,Drip,202,6.58,0.73,17.92,132.79,3568,549790,473795,-75995,13600,9.764,28.2,17.92,-16.0396374,0.009763971,314.2,4140.296709,0.233333333
SF10794,Tamil Nadu,Erode,Chilli,Zaid,8.63,172.6,26.9,47.8,7,6.03,16.8,59.8,26.9,131.5,Sprinkler,131.9,5.71,0.8,0.85,7.34,119474,470649,876939,406290,4847,1.514,31.5,0.85,46.33047453,0.001514339,218.2,64121.11717,0.181269841
SF10795,Tamil Nadu,Erode,Cotton,Rabi,9.72,403.4,20.6,61.1,6.4,6.6,27.7,97.9,71.1,97.6,Sprinkler,106.4,5.9,0.91,1.66,16.14,62122,610675,1002649,391974,7296,2.212,41,1.66,39.09384042,0.002212171,266.6,37836.12144,0.143902439
SF10796,Telangana,Warangal,Cotton,Kharif,11.83,961.8,27.4,73.6,7.6,6.63,24.8,142.3,66.8,119.1,Rainfed,147.7,5.41,0.86,1.71,20.23,66885,917414,1353084,435670,5280,3.831,58.7,1.71,32.19829663,0.003831439,328.2,45349.18438,0.092163543
SF10797,Andhra Pradesh,Guntur,Sugarcane,Zaid,12.15,207.6,32,56.3,10.1,7.69,17.1,145.6,35.3,48,Rainfed,178,3.86,0.89,10.4,126.36,3469,989721,438343,-551378,13298,9.502,36.9,10.4,-125.7868838,0.009502181,228.9,7832.549858,0.104607046
SF10798,Madhya Pradesh,Indore,Groundnut,Kharif,13.69,920.8,26.4,74.2,6.3,7.39,38.4,97.2,44,101,Drip,146.4,3.54,0.93,1.17,16.02,64273,905330,1029653,124323,5352,2.993,41.8,1.17,12.07426191,0.002993274,242.2,56512.48439,0.084688995
SF10799,Maharashtra,Nashik,Cotton,Rabi,6.6,94,22.3,57.3,7.1,7.14,9.9,67.1,60.1,43.1,Rainfed,227.5,4.31,0.94,0.83,5.48,54899,492669,300847,-191822,2925,1.874,52.2,0.83,-63.7606491,0.001873504,170.3,89903.10219,0.08256705
SF10800,Maharashtra,Nashik,Groundnut,Zaid,2.84,85.1,27.9,66.1,9,7.74,20.9,150.1,31.8,97.9,Flood,232.8,3.79,0.96,0.35,0.99,53963,203574,53423,-150151,1617,0.612,42.6,0.35,-281.0605919,0.000612245,279.8,205630.303,0.088967136
SF10801,Madhya Pradesh,Indore,Groundnut,Rabi,4.43,551.2,23.8,48.4,8.5,8.26,19.6,169.8,63.3,156.6,Flood,163.4,2.95,0.92,0.3,1.33,53285,329423,70869,-258554,3083,0.431,45.4,0.3,-364.8337073,0.000431398,389.7,247686.4662,0.064977974
SF10802,Madhya Pradesh,Indore,Maize,Kharif,6.02,1282.5,26.7,60.9,5.5,6.52,32.7,53.3,68.2,94.8,Drip,209.6,6.83,0.87,3.51,21.13,20737,378503,438173,59670,2959,7.141,56.8,3.51,13.61790891,0.007140926,216.3,17913.062,0.120246479
SF10803,Karnataka,Raichur,Sugarcane,Kharif,7.74,1075.1,27.6,74.6,6.7,6.49,24.6,169.9,55.2,86.6,Drip,164.1,6.68,0.73,69.75,539.86,4014,503585,2166998,1663413,12514,43.14,49.9,69.75,76.76116914,0.043140483,311.7,932.8066536,0.133867735
SF10804,Maharashtra,Nashik,Cotton,Rabi,8.46,610.3,23.5,56.2,8.5,7.64,30,140.6,58.4,33.1,Rainfed,239.2,7.05,0.73,0.47,3.98,70321,578332,279878,-298454,2531,1.573,39.9,0.47,-106.6371776,0.001572501,232.1,145309.5477,0.176691729
SF10805,Karnataka,Raichur,Cotton,Zaid,8.34,80,32.7,48,8.7,7.8,17.6,40,65.9,100.3,Sprinkler,260.4,7.97,0.94,0.3,2.5,57144,535678,142860,-392818,6308,0.396,48.4,0.3,-274.9671007,0.000396322,206.2,214271.2,0.164669421
SF10806,Punjab,Ludhiana,Maize,Kharif,9.87,918.8,32.8,56.9,6.8,6.5,29.9,151.5,63.9,152,Drip,211.9,4.74,0.85,4.85,47.87,20810,711204,996175,284971,5333,8.976,53.7,4.85,28.60651994,0.008976186,367.4,14856.98767,0.088268156
SF10807,Telangana,Warangal,Cotton,Kharif,13.6,1089.2,28.4,68.1,6.5,5.72,27.9,124.9,56.2,126.1,Rainfed,178.7,4.71,0.98,0.54,7.34,66446,923897,487714,-436183,5773,1.271,55.2,0.54,-89.43417659,0.001271436,307.2,125871.5259,0.085326087
SF10808,Telangana,Nalgonda,Pulses,Zaid,13.8,593.9825243,33.6,55.1,7.4,6.98,16.9,141.8,55.6,90,Flood,107.4,1.76,0.8,0.79,10.9,73846,859614,804921,-54693,4785,2.278,44.8,0.79,-6.794828312,0.002277952,287.4,78863.66972,0.039285714
SF10809,Telangana,Warangal,Groundnut,Rabi,1.53,165.3,18.4,62.5,6.6,8.4,26.9,69.6,75.1,101.1,Drip,177.3,4.63,1,0.3,0.46,60140,106635,27664,-78971,632,0.728,32.9,0.3,-285.4648641,0.000727848,245.8,231815.2174,0.140729483
SF10810,Maharashtra,Nashik,Groundnut,Kharif,2.85,786,27.8,65.1,7.4,6.61,33.4,144.3,59.4,51.8,Flood,158.8,3.52,0.8,2.85,8.12,57112,181820,463749,281929,2124,3.823,41.4,2.85,60.79344645,0.003822976,255.5,22391.62562,0.085024155
SF10811,Gujarat,Rajkot,Sugarcane,Rabi,10.08,519,21.8,61.7,7.3,6.59,20,93.2,68.1,88.1,Drip,276.9,4.88,0.78,68.48,690.28,3987,773241,2752146,1978905,17112,40.339,49,68.48,71.9040705,0.040338943,249.4,1120.184563,0.099591837
SF10812,Maharashtra,Nashik,Sugarcane,Kharif,8.4,741.3,26.6,67.7,9,6.83,36.9,155.1,59.4,90,Flood,189.6,5.36,0.93,83.78,703.75,3993,511331,2810074,2298743,21051,33.431,54.8,83.78,81.80364645,0.033430716,304.5,726.5804618,0.097810219
SF10813,Gujarat,Rajkot,Wheat,Zaid,8.38,458.1,31.9,50.9,5.4,5.98,20.7,80,94.4,91.6,Sprinkler,270.5,5.4,0.8,1.23,10.31,22238,512673,229274,-283399,4439,2.323,34,1.23,-123.6071251,0.002322595,266,49725.80019,0.158823529
SF10814,Telangana,Nalgonda,Wheat,Zaid,11.87,161.3,34,47.8,8.1,5.88,18.4,78.6,69.7,55.8,Flood,171.8,7.75,0.88,0.72,8.55,26354,896401,225327,-671074,8185,1.045,31.1,0.72,-297.8222761,0.001044594,204.1,104842.2222,0.249196141
SF10815,Telangana,Warangal,Sugarcane,Zaid,1.91,117.1,29.6,31.3,7.4,6.46,13.3,89.7,49.1,141.2,Drip,182.9,4.21,0.81,45.79,87.46,3325,137170,290804,153634,3430,25.499,43.5,45.79,52.83077262,0.025498542,280,1568.374114,0.096781609
SF10816,Andhra Pradesh,Krishna,Rice,Kharif,1.43,721.1,29.1,75.4,7.6,7.9,33.6,118.5,79.4,137.1,Rainfed,186.2,6.01,0.82,0.77,1.1,18816,96126,20698,-75428,1141,0.964,45.3,0.77,-364.4216833,0.000964067,335,87387.27273,0.132671082
SF10817,Madhya Pradesh,Indore,Wheat,Kharif,3.92,862.2,29.6,73.7,6.5,6.51,35.3,144.9,101.7,105.8,Drip,95.1,6.82,0.65,3.79,14.86,24366,249439,362079,112640,2227,6.673,47.8,3.79,31.10923307,0.006672654,352.4,16785.9354,0.142677824
SF10818,Punjab,Ludhiana,Pulses,Rabi,13.37,429.8,22.2,56.3,7.1,5.75,26.7,164,33.1,110.9,Sprinkler,127.3,2.48,0.99,0.41,5.48,82190,736484,450401,-286083,4134,1.326,48.5,0.41,-63.51739894,0.001325593,308,134394.8905,0.051134021
SF10819,Madhya Pradesh,Indore,Cotton,Kharif,9.96,1020.6,28.3,68.2,7.4,5.47,32.7,117.2,59.9,81.1,Drip,154.8,4.82,0.71,0.3,2.99,69393,654408,207485,-446923,5864,0.51,65.6,0.3,-215.4001494,0.000509891,258.2,218865.5518,0.07347561
SF10820,Karnataka,Raichur,Maize,Rabi,5.34,385.1,22.8,52.4,7.5,6.74,21.4,119.2,69,98.4,Drip,147.8,3.06,0.66,3.97,21.2,24945,335209,528834,193625,2781,7.623,36.4,3.97,36.61356872,0.007623157,286.6,15811.74528,0.084065934
SF10821,Gujarat,Rajkot,Rice,Zaid,13.97,202.2,33.4,42.8,6.6,7.4,19.6,64.5,40.2,68.4,Drip,204.1,4.1,0.83,1.24,17.32,21030,1182942,364240,-818702,16376,1.058,29,1.24,-224.7699319,0.001057645,173.1,68299.19169,0.14137931
SF10822,Tamil Nadu,Erode,Wheat,Kharif,11.03,1094.2,23.8,54.4,6.9,7.17,32,120.1,81.3,111.7,Flood,146.3,4.23,0.94,2.3,25.37,26114,641921,662512,20591,8261,3.071,60,2.3,3.108019176,0.003071057,313.1,25302.365,0.0705
SF10823,Andhra Pradesh,Guntur,Wheat,Kharif,6.7,538.5,26.4,55,5.1,5.76,29.8,145.3,49.7,58,Flood,236.8,0.5,0.71,1.08,7.24,23889,489364,172956,-316408,5255,1.378,63.1,1.08,-182.9413261,0.001377735,253,67591.71271,0.00792393
SF10824,Telangana,Warangal,Pulses,Kharif,13.97,741.2,26,67,4.5,6.79,37.2,118.9,79.3,113,Flood,313.1,7.12,0.98,1.76,24.59,67197,1023933,1652374,628441,6530,3.766,43.5,1.76,38.03261247,0.003765697,311.2,41640.2196,0.163678161
SF10825,Tamil Nadu,Erode,Pulses,Rabi,7.03,563.6,24.1,58.3,7,6.93,15.4,87.9,52.4,98.1,Flood,40,7.35,0.86,1.15,8.08,73579,416192,594518,178326,3636,2.222,36.5,1.15,29.99505482,0.002222222,238.4,51508.91089,0.201369863
SF10826,Andhra Pradesh,Krishna,Cotton,Rabi,3.08,615.4,23.5,52.9,7.9,7.18,24.2,97.2,48.3,64.9,Sprinkler,206.2,6.07,0.91,1.17,3.6,65597,209137,236149,27012,1942,1.854,34.5,1.17,11.43854092,0.001853759,210.4,58093.61111,0.175942029
SF10827,Telangana,Warangal,Cotton,Rabi,13.01,520,18.3,57,6.3,6.52,22.4,103.9,51.2,96.1,Sprinkler,235.7,6.47,0.75,1.57,20.43,71170,947744,1454003,506259,10810,1.89,31.3,1.57,34.8182913,0.001889917,251.2,46389.81889,0.206709265
SF10828,Tamil Nadu,Erode,Rice,Kharif,4.11,831.5,33.7,72.4,6.6,5.52,31,85.7,57.2,87,Sprinkler,131.3,7.11,0.91,0.64,2.63,19944,255678,52453,-203225,6711,0.392,42.3,0.64,-387.442091,0.000391894,229.9,97215.96958,0.168085106
SF10829,Maharashtra,Nashik,Maize,Rabi,12.66,415.3,21.9,47.5,8.3,6.66,24.2,144,49.7,150.3,Sprinkler,239.7,4.38,0.82,3.12,39.5,20096,834712,793792,-40920,7981,4.949,38.8,3.12,-5.155002822,0.004949254,344,21131.94937,0.112886598
SF10830,Telangana,Nalgonda,Sugarcane,Rabi,4.02,290.4,27.1,65.4,5.6,7.37,25.9,165.5,79.5,62,Flood,173.7,6.97,0.92,42.05,169.04,3533,253708,597218,343510,7051,23.974,44.2,42.05,57.51836013,0.023973904,307,1500.875532,0.157692308
SF10831,Maharashtra,Nashik,Rice,Rabi,2.01,701.4,26.5,60,6.4,6.17,22.5,157.9,35.1,85.1,Sprinkler,191.1,2.12,0.89,3.39,6.81,21958,111877,149534,37657,2995,2.274,56.6,3.39,25.18290155,0.00227379,278.1,16428.34068,0.03745583
SF10832,Maharashtra,Nashik,Rice,Kharif,1.33,470.1,28.7,81.4,5.2,6.86,35.5,94.6,69.6,77.6,Sprinkler,205.7,3.06,0.78,4.16,5.53,22815,93904,126167,32263,2031,2.723,53,4.16,25.57166295,0.002722797,241.8,16980.83183,0.057735849
SF10833,Punjab,Ludhiana,Cotton,Zaid,4.15,80,32.1,52.6,6.4,6.34,21.2,111.5,75,121.2,Sprinkler,161.8,6.47,0.93,1.12,4.65,68505,272535,318548,46013,2973,1.564,35.3,1.12,14.44460489,0.001564077,307.7,58609.67742,0.183286119
SF10834,Punjab,Ludhiana,Cotton,Rabi,10.79,371.3,25,73.8,6.2,7.16,27.9,86.3,69.5,49.6,Rainfed,145,2.74,0.8,1.06,11.44,59901,671348,685267,13919,4504,2.54,61.1,1.06,2.031179088,0.002539964,205.4,58684.26573,0.044844517
SF10835,Tamil Nadu,Erode,Chilli,Rabi,13.89,430.3,25.3,49.8,6.8,6.65,24.6,128.9,58.9,101.9,Rainfed,67.1,0.87,0.78,2.29,31.81,96614,604996,3073291,2468295,4855,6.552,52.5,2.29,80.31439262,0.006552008,289.7,19019.05061,0.016571429
SF10836,Telangana,Nalgonda,Wheat,Kharif,3.9,921.8,30.5,77.2,6.8,7.5,34.9,88.9,44.9,96.5,Sprinkler,130.5,3.42,0.7,1.31,5.11,25087,255824,128195,-127629,1903,2.685,66.5,1.31,-99.55848512,0.002685234,230.3,50063.40509,0.051428571
SF10837,Maharashtra,Nashik,Pulses,Kharif,7.97,655.4,27,64.4,6.3,6.35,28.2,166.4,49.5,117,Sprinkler,147.8,8.76,0.72,1.57,12.51,77033,522380,963683,441303,2980,4.198,33.8,1.57,45.79337811,0.004197987,332.9,41756.9944,0.259171598
SF10838,Telangana,Warangal,Cotton,Rabi,12.12,625.8,26.7,66.6,4.4,6.54,20.2,182.1,65.8,93.3,Flood,253.6,5.3,0.69,2.22,26.91,68605,820543,1846161,1025618,14237,1.89,43.8,2.22,55.55409306,0.001890145,341.2,30492.12189,0.121004566
SF10839,Tamil Nadu,Erode,Maize,Zaid,10.61,80,28.6,58.3,8.5,5.28,16.3,117.7,32.7,144.4,Drip,138.3,6,0.92,0.3,3.18,24726,590380,78629,-511751,5131,0.62,37.2,0.3,-650.8425644,0.000619762,294.8,185654.0881,0.161290323
SF10840,Andhra Pradesh,Guntur,Rice,Kharif,3.24,747.4,27.3,72.2,5.8,5.49,32.4,104.3,70.1,149.9,Rainfed,157.3,5.36,0.84,0.72,2.33,23639,219512,55079,-164433,2488,0.936,59.7,0.72,-298.5402785,0.000936495,324.3,94211.1588,0.089782245
SF10841,Karnataka,Raichur,Rice,Kharif,3.62,868.4,28.4,69.8,7,7.82,36.8,116.4,86.5,39.8,Rainfed,79.4,7.67,0.98,0.86,3.11,23527,181678,73169,-108509,2706,1.149,56.8,0.86,-148.2991431,0.001149298,242.7,58417.36334,0.135035211
SF10842,Madhya Pradesh,Indore,Groundnut,Rabi,6.5,881.3,23.6,47.4,7.4,6.96,32.5,99.8,60.3,109.6,Flood,231.4,3.88,0.77,1.78,11.57,63956,445428,739971,294543,4350,2.66,45.5,1.78,39.80466802,0.00265977,269.7,38498.53068,0.085274725
SF10843,Punjab,Ludhiana,Chilli,Kharif,6.41,859.5,34,75.5,5.7,7.65,26.6,88.4,50.6,103.8,Drip,155.5,3.97,0.93,0.8,5.13,119930,355101,615241,260140,3512,1.461,56.9,0.8,42.28261771,0.001460706,242.8,69220.46784,0.069771529
SF10844,Madhya Pradesh,Indore,Maize,Kharif,10.27,940.4,31.7,82.5,7.1,6.21,41.9,137.9,51.5,156.6,Drip,152.3,5.46,0.99,3.16,32.45,19804,655673,642640,-13033,5634,5.76,54.7,3.16,-2.028040583,0.005759673,346,20205.63945,0.099817185
SF10845,Punjab,Ludhiana,Groundnut,Rabi,9.81,428.1,20.7,63.7,6.9,6.87,17.1,162.5,99.6,85.9,Rainfed,193.8,3.41,0.74,1.38,13.54,52893,738513,716171,-22342,2956,4.581,39,1.38,-3.119646006,0.004580514,348,54543.05761,0.087435897
SF10846,Karnataka,Raichur,Cotton,Kharif,1.58,731,26.3,70.6,7.8,7.8,23.3,165.6,37.6,106.9,Flood,198.5,2.23,0.67,0.41,0.65,69255,108087,45016,-63071,1494,0.435,64.6,0.41,-140.1079616,0.000435074,310.1,166287.6923,0.034520124
SF10847,Maharashtra,Nashik,Maize,Kharif,9.52,743.1,29,78,7.5,6.09,39.7,157.3,67.6,36.5,Flood,164.7,2.26,0.69,3.31,31.51,19565,752324,616493,-135831,7213,4.369,69.5,3.31,-22.03285358,0.004368501,261.4,23875.72199,0.032517986
SF10848,Tamil Nadu,Erode,Pulses,Zaid,3.51,80,28,50.6,9.7,6.51,29.5,152.6,69.9,59.7,Flood,163.2,6.56,0.86,0.99,3.47,65187,262644,226199,-36445,1524,2.277,31.4,0.99,-16.11191915,0.002276903,282.2,75689.91354,0.208917197
SF10849,Maharashtra,Nashik,Rice,Zaid,12.31,172.6,30.8,52.8,8.2,6.49,16.5,96.5,69,148.2,Rainfed,151.2,8.52,0.69,2.1,25.85,22141,748138,572345,-175793,9952,2.597,28.2,2.1,-30.71451659,0.002597468,313.7,28941.5087,0.30212766
SF10850,Madhya Pradesh,Indore,Maize,Rabi,2.67,243.5,20.7,50.5,7.1,5.94,20.6,170.5,37.4,103.5,Sprinkler,117.1,2.84,0.68,1.58,4.22,23835,181583,100584,-80999,1354,3.117,40.5,1.58,-80.52871232,0.003116691,311.4,43029.14692,0.070123457
SF10851,Madhya Pradesh,Indore,Maize,Rabi,5.08,699,23.4,45.4,8.3,6.72,26.1,140.8,76.9,80.6,Rainfed,150.7,2.78,0.78,3.85,19.56,19273,229698,376980,147282,1309,14.943,51.7,3.85,39.06891612,0.014942704,298.3,11743.25153,0.05377176
SF10852,Gujarat,Rajkot,Pulses,Rabi,8.79,297.5,27.7,67.9,8.8,6.55,24.5,127.8,22.3,62.6,Drip,180.6,3.81,0.71,1.09,9.58,74180,449112,710644,261532,3214,2.981,49.4,1.09,36.80211189,0.002980709,212.7,46880.16701,0.077125506
SF10853,Telangana,Warangal,Pulses,Kharif,8.89,841.9,31.6,65.5,7.1,7.08,37,158.3,80.6,93.3,Flood,155.5,5.84,0.73,1.41,12.53,64746,671677,811267,139590,4299,2.915,40.5,1.41,17.2064191,0.002914631,332.2,53605.50678,0.144197531
SF10854,Andhra Pradesh,Guntur,Maize,Rabi,2.8,551,22.9,74.5,9,6.93,25.4,114.6,70.5,124,Sprinkler,85.3,2.96,0.67,4.34,12.15,21571,201474,262088,60614,1358,8.947,50.2,4.34,23.12734654,0.008946981,309.1,16582.22222,0.058964143
SF10855,Telangana,Nalgonda,Wheat,Rabi,5.06,340.3,22.8,50,7.1,5.81,32.1,128.5,72.2,92.7,Flood,145.3,4.65,0.76,1.04,5.26,23052,328216,121254,-206962,4096,1.284,38.7,1.04,-170.6846784,0.00128418,293.4,62398.47909,0.120155039
SF10856,Karnataka,Raichur,Rice,Kharif,8,701.6,29.6,84.9,6.4,7.61,29.4,125.3,80.5,66.1,Drip,209.9,10.45,0.66,1.64,13.12,23481,611585,308071,-303514,12046,1.089,54.7,1.64,-98.52079553,0.001089158,271.9,46614.71037,0.191042048
SF10857,Punjab,Ludhiana,Wheat,Rabi,3.36,421.9,23.9,69.5,9,7.76,21.9,82.6,77.8,122.9,Drip,244,2.56,0.94,0.77,2.59,25834,222224,66910,-155314,1521,1.703,64.2,0.77,-232.1237483,0.001702827,283.3,85800.7722,0.039875389
SF10858,Punjab,Ludhiana,Rice,Rabi,12.15,547.8,23.1,67.5,7.4,6.07,23.6,114.3,74.8,71,Flood,298.4,4.38,0.88,2.31,28.07,18259,911031,512530,-398501,22946,1.223,33.9,2.31,-77.75174136,0.001223307,260.1,32455.68222,0.12920354
SF10859,Gujarat,Rajkot,Maize,Kharif,3.23,1051,29.9,69.3,5.7,6.31,27.9,151.1,15,109.1,Rainfed,138.9,6.79,0.74,2.5,8.07,19443,218238,156905,-61333,945,8.54,54.1,2.5,-39.08925783,0.008539683,275.2,27043.12268,0.125508318
SF10860,Gujarat,Rajkot,Rice,Rabi,8.42,280.8,24,57,6.8,7.65,19,146.2,42.6,108.2,Drip,111.7,5.92,0.84,0.99,8.34,20053,534354,167242,-367112,10849,0.769,31,0.99,-219.5094534,0.000768734,297,64071.22302,0.190967742
SF10861,Karnataka,Raichur,Sugarcane,Rabi,0.88,199,28.2,47.9,6.9,7.58,34.1,117.3,81.5,178.1,Rainfed,237,5.36,0.98,22.34,19.66,3964,58378,77932,19554,752,26.144,31.7,22.34,25.09110507,0.026143617,376.9,2969.379451,0.169085174
SF10862,Andhra Pradesh,Krishna,Rice,Kharif,5.45,1112.7,29.4,64.6,8.5,6.96,41.6,115.9,54.2,75.1,Flood,240,7.8,0.93,2.82,15.37,25048,416299,384988,-31311,11531,1.333,53.1,2.82,-8.132980768,0.001332929,245.2,27085.16591,0.146892655
SF10863,Karnataka,Raichur,Sugarcane,Rabi,12.28,383.8,26.2,65.2,5.8,6.48,22.8,106.3,72.7,68.1,Drip,267.5,2.34,0.76,77.4,950.47,3464,944405,3292428,2348023,18766,50.649,45.6,77.4,71.31584958,0.050648513,247.1,993.6189464,0.051315789
SF10864,Madhya Pradesh,Indore,Groundnut,Rabi,7.97,351.5,23.9,37.4,6.1,6.48,18.2,175.1,45.2,168,Drip,137.8,3.67,0.99,1.84,14.66,52436,452540,768712,316172,3259,4.498,45.8,1.84,41.13009814,0.004498312,388.3,30869.03138,0.080131004
SF10865,Gujarat,Rajkot,Wheat,Rabi,1.72,80,21.2,51.5,6.9,6.96,20.4,151,60.5,110.2,Rainfed,190.3,3.04,0.66,1.7,2.92,23860,107339,69671,-37668,494,5.911,46.8,1.7,-54.06553659,0.005910931,321.7,36759.93151,0.064957265
SF10866,Andhra Pradesh,Guntur,Groundnut,Rabi,4.25,569.5,25.1,48.5,6.1,6.7,30.3,124.1,74.6,107.4,Flood,183.4,2.76,0.69,2.34,9.94,53435,318286,531144,212858,2578,3.856,48.6,2.34,40.07538445,0.003855702,306.1,32020.72435,0.056790123
SF10867,Madhya Pradesh,Indore,Maize,Rabi,1.12,608.8311856,22.7,57.3,7.9,6,19.8,185.7,78.8,141.3,Rainfed,114,6.37,0.88,2.1,2.35,23281,55699,54710,-989,344,6.831,39.6,2.1,-1.807713398,0.006831395,405.8,23701.70213,0.160858586
SF10868,Punjab,Ludhiana,Pulses,Kharif,8.92,804.3,27.7,73.4,7.4,6.45,33.1,194.7,80.5,98,Drip,82.8,5.18,0.93,2.09,18.64,73484,544830,1369742,824912,3303,5.643,52,2.09,60.22389618,0.005643355,373.2,29229.07725,0.099615385
SF10869,Gujarat,Rajkot,Rice,Kharif,9,712.2,30.5,83.1,6.2,5.88,35.5,150.9,52.1,107.2,Sprinkler,172,3.01,0.83,1.98,17.82,22236,610472,396246,-214226,15194,1.173,64.4,1.98,-54.0638896,0.001172831,310.2,34257.68799,0.04673913
SF10870,Gujarat,Rajkot,Cotton,Kharif,2.72,998.7,29.4,55.3,7,7.4,39.2,103,81.1,72.3,Flood,208.2,5.63,0.77,0.84,2.28,73394,202151,167338,-34813,2893,0.788,46.8,0.84,-20.80400148,0.000788109,256.4,88662.7193,0.120299145
SF10871,Telangana,Nalgonda,Maize,Kharif,11.03,752.3,25.8,80.7,7.8,6.24,21.6,164.3,29.3,117.9,Rainfed,243.9,5.4,0.71,3.72,41.03,22154,768506,908979,140473,3729,11.003,54,3.72,15.45393238,0.01100295,311.5,18730.34365,0.1
SF10872,Punjab,Ludhiana,Groundnut,Kharif,13.02,1021.5,27.5,62.1,5.8,6.39,23.4,88.6,30.3,110.3,Rainfed,209.1,6.36,0.8,1.51,19.66,55580,874345,1092703,218358,3894,5.049,35.2,1.51,19.98328915,0.005048793,229.2,44473.29603,0.180681818
SF10873,Punjab,Ludhiana,Pulses,Kharif,10.43,424.1,23.6,69.4,8.1,7.29,28.2,143.1,67.8,104.1,Drip,182.7,4.97,0.98,0.92,9.6,85387,744500,819715,75215,2748,3.493,44.4,0.92,9.175750108,0.00349345,315,77552.08333,0.111936937
SF10874,Gujarat,Rajkot,Wheat,Kharif,12.51,514.4,29.9,54.2,7.2,7.06,28.5,94,48.3,120.5,Rainfed,239.4,4.78,0.91,2.35,29.4,26075,866219,766605,-99614,3453,8.514,42.7,2.35,-12.99417562,0.008514335,262.8,29463.23129,0.111943794
SF10875,Tamil Nadu,Erode,Rice,Kharif,3.15,985.1,26.9,58.8,6.6,5.71,38.1,124.2,90.8,89.6,Flood,224.8,5.51,0.85,1.228571429,3.87,16937,226859,65546,-161313,5929,0.653,48.9,1.228571429,-246.1065511,0.000652724,304.6,58619.89664,0.112678937
SF10876,Telangana,Nalgonda,Cotton,Rabi,7.03,421.6,18.8,54.1,9.4,6.51,27.9,103.8,56.1,78.4,Rainfed,203.5,5.93,0.87,1.09,7.66,62915,431326,481929,50603,2342,3.271,32.2,1.09,10.50009441,0.003270709,238.3,56308.87728,0.184161491
SF10877,Telangana,Nalgonda,Groundnut,Rabi,5.22,431.8,24.9,48.6,8.4,7.09,31.1,83.8,58.6,123,Drip,180,6.34,0.97,1.55,8.09,54637,405155,442013,36858,2093,3.865,30.5,1.55,8.338668772,0.003865265,265.4,50080.96415,0.207868852
SF10878,Maharashtra,Nashik,Groundnut,Kharif,13.94,913.5,30.8,79.4,5.4,5.98,32.8,150.1,83.2,141.8,Rainfed,137.9,1.82,0.81,0.9,12.55,59330,586306,744592,158286,4479,2.802,63.7,0.9,21.25808496,0.002801965,375.1,46717.60956,0.028571429
SF10879,Telangana,Nalgonda,Groundnut,Kharif,8.2,673.7,32.4,66.7,6.2,7.06,34.3,138.6,15,95.7,Drip,198.1,7.55,0.68,2.01,16.48,54733,603155,902000,298845,3249,5.072,49.2,2.01,33.13137472,0.00507233,249.3,36599.21117,0.153455285
SF10880,Tamil Nadu,Erode,Rice,Zaid,13.34,219.3,34.9,50.4,7.1,5.94,21.7,114.7,70.9,73.8,Flood,195.5,5.64,0.86,0.97,12.94,25668,930433,332144,-598289,25118,0.515,28.1,0.97,-180.1294017,0.000515168,259.4,71903.63215,0.200711744
SF10881,Maharashtra,Nashik,Cotton,Zaid,6.34,233.1,33.4,60,8,6.11,15.5,114.8,47,111.2,Drip,112.3,5.25,0.66,0.76,4.82,67572,395592,325697,-69895,4836,0.997,35.2,0.76,-21.46013012,0.000996691,273,82073.02905,0.149147727
SF10882,Gujarat,Rajkot,Wheat,Rabi,5.83,533.2,25.3,48.8,9.8,7.04,19.1,118.8,47.4,164.9,Sprinkler,131.1,3.69,0.85,2.89,16.85,20211,356425,340555,-15870,2976,5.662,41.4,2.89,-4.660040228,0.005661962,331.1,21152.81899,0.089130435
SF10883,Tamil Nadu,Erode,Groundnut,Rabi,7.92,223.5,20.5,63.2,6.7,7.48,24.3,115,56.6,84.8,Drip,219.3,5.8,0.85,0.66,5.23,57439,589978,300406,-289572,3858,1.356,29.3,0.66,-96.3935474,0.001355625,256.4,112806.501,0.197952218
SF10884,Telangana,Nalgonda,Pulses,Kharif,3.45,1108.5,31.5,69.6,8.1,6.97,42.4,129.2,69.9,84.4,Sprinkler,195.3,4.46,0.82,1.18,4.07,80915,266346,329324,62978,1251,3.253,58,1.18,19.12341645,0.003253397,283.5,65441.27764,0.076896552
SF10885,Telangana,Warangal,Wheat,Rabi,5.1,195.8,27,64.3,8.3,6.52,15.4,108.2,78.4,74.5,Rainfed,203.9,4.67,0.87,2.07,10.56,25654,290344,270906,-19438,1354,7.799,38.1,2.07,-7.175182536,0.007799114,261.1,27494.69697,0.122572178
SF10886,Tamil Nadu,Erode,Wheat,Rabi,1.53,414.9,23.3,65.1,7.6,7.59,31.1,61.5,16.9,114.3,Rainfed,155.7,5.12,0.95,0.77,1.18,25458,96327,30040,-66287,476,2.479,46.5,0.77,-220.6624501,0.002478992,192.7,81633.05085,0.110107527
SF10887,Tamil Nadu,Erode,Rice,Kharif,12.38,714,26.1,72.9,7.1,6.28,24.5,89.9,54.8,112.2,Flood,113.4,3.96,0.87,3.44,42.59,18621,753179,793068,39889,25114,1.696,60,3.44,5.029707415,0.001695867,256.9,17684.40949,0.066
SF10888,Telangana,Nalgonda,Wheat,Rabi,8,694.6,23.2,34.5,7.3,7.13,29.5,161.5,68.5,94.9,Drip,200.6,8.95,0.9,3.04,24.32,22741,597345,553061,-44284,3656,6.652,40.5,3.04,-8.007073361,0.006652079,324.9,24561.88322,0.220987654
SF10889,Telangana,Nalgonda,Chilli,Rabi,12.06,428.4,27.4,70.7,8.8,6.94,20.5,102.8,31.3,141.2,Rainfed,189.4,6.48,0.78,2.01,24.24,87689,889305,2125581,1236276,3460,7.006,50.9,2.01,58.161792,0.00700578,275.3,36687.5,0.127308448
SF10890,Tamil Nadu,Erode,Chilli,Kharif,1.94,1287.6,23.5,73.5,7.5,6.65,38.7,103.1,61.1,92.5,Rainfed,197,3.83,0.91,1.57,3.05,102739,125383,313354,187971,753,4.05,65.2,1.57,59.98678811,0.004050465,256.7,41109.18033,0.058742331
SF10891,Telangana,Nalgonda,Rice,Rabi,5.82,628.2,26.5,63,7,6.78,17.7,118.9,87.5,131.1,Rainfed,118.4,7.16,0.85,4.19,24.39,21583,320010,526409,206399,4505,5.414,39.8,4.19,39.20886611,0.005413984,337.5,13120.54121,0.179899497
SF10892,Madhya Pradesh,Indore,Maize,Zaid,12.22,321.3,35.9,49.9,8.3,5.93,19,146.4,74.2,106.3,Flood,164.8,7.37,0.93,1.57,19.19,22419,769431,430221,-339210,7786,2.465,24.7,1.57,-78.84552358,0.00246468,326.9,40095.41428,0.298380567
SF10893,Telangana,Nalgonda,Sugarcane,Zaid,14.6,376.9,31.1,39.5,9,6.56,17.2,65.2,76.3,146.8,Rainfed,175,5.67,0.98,40.84,596.26,3235,1021678,1928901,907223,15719,37.932,35,40.84,47.03315515,0.037932438,288.3,1713.477342,0.162
SF10894,Madhya Pradesh,Indore,Sugarcane,Kharif,12.43,704.2,26.2,64.7,5.2,6.25,33.5,108.4,67.4,88.2,Rainfed,179.3,2.93,0.73,50.36,625.97,3488,762773,2183383,1420610,11961,52.334,56.3,50.36,65.06462677,0.052334253,264,1218.545617,0.052042629
SF10895,Madhya Pradesh,Indore,Pulses,Rabi,11.7,223.7,24.5,78.4,6.9,7.37,27.3,106.1,48.1,121.1,Rainfed,60.9,6.93,0.82,0.54,6.32,70979,642134,448587,-193547,2705,2.336,35.8,0.54,-43.14592264,0.002336414,275.3,101603.481,0.193575419
SF10896,Punjab,Ludhiana,Groundnut,Kharif,4.14,1041.7,26.2,76.1,6.8,6.25,25.6,157,35.6,107.2,Rainfed,59.5,3.76,0.71,1.36,5.63,61164,259189,344353,85164,1318,4.272,62.9,1.36,24.7315981,0.004271624,299.8,46037.12256,0.059777424
SF10897,Maharashtra,Nashik,Cotton,Rabi,7.03,524.5,25.3,63.2,8.3,6.51,26.1,126.6,67.4,65.8,Flood,187.8,4.89,0.8,1.75,12.3,70065,423050,861800,438750,6827,1.802,41.1,1.75,50.9108842,0.00180167,259.8,34394.30894,0.118978102
SF10898,Maharashtra,Nashik,Cotton,Rabi,4.67,215.6,26.6,50.6,8.3,6.19,28.9,94.4,61.5,120.3,Flood,251.2,5.2,0.88,1.05,4.9,64130,397242,314237,-83005,4924,0.995,36.7,1.05,-26.41477611,0.000995126,276.2,81069.79592,0.141689373
SF10899,Punjab,Ludhiana,Cotton,Rabi,5.83,536.4,22.9,47.8,8.1,6.89,15,109.9,73.8,70.1,Flood,143.4,4.31,0.82,1.73,10.09,78282,352790,789865,437075,6027,1.674,47.1,1.73,55.33540542,0.001674133,253.8,34964.32111,0.091507431
SF10900,Andhra Pradesh,Guntur,Pulses,Rabi,6.65,677.3,19.9,52.5,7.3,7.31,13.6,69.9,71.8,95.3,Sprinkler,201.6,4.68,0.76,0.959398496,6.38,72393,450014,461867,11853,2857,2.233,34.1,0.959398496,2.566323206,0.002233112,237,70535.10972,0.137243402
SF10901,Punjab,Ludhiana,Maize,Rabi,10,198.7,21,52.6,6.9,7.12,15.2,117.1,36.7,50.9,Flood,273.9,4.27,0.67,2.06,20.6,21266,740344,438080,-302264,7458,2.762,42.7,2.06,-68.99744339,0.002762135,204.7,35939.02913,0.1
SF10902,Gujarat,Rajkot,Wheat,Kharif,2.57,1005,26.3,85,6,6.03,25.3,78,95.5,90.4,Flood,277.1,3.58,0.97,2.01,5.17,27266,192967,140965,-52002,1919,2.694,68.6,2.01,-36.89000816,0.002694112,263.9,37324.37137,0.052186589
SF10903,Madhya Pradesh,Indore,Rice,Rabi,3.03,296.2,24.9,57.8,7.1,6.39,25.4,89,70.8,127.9,Rainfed,216.8,5.35,0.86,2.67,8.09,23385,206999,189185,-17814,2477,3.266,28.5,2.67,-9.41617993,0.003266048,287.7,25587.02101,0.187719298
SF10904,Madhya Pradesh,Indore,Wheat,Zaid,2.78,474.7,32.8,35.5,7.7,6.25,23.7,144.5,45.2,112.2,Rainfed,49.9,6.28,0.97,1.53,4.25,25691,218562,109187,-109375,841,5.054,35.8,1.53,-100.1721817,0.005053508,301.9,51426.35294,0.175418994
SF10905,Telangana,Warangal,Chilli,Kharif,4.77,1015,31.9,71.6,6.9,6.65,31.2,108.1,38.9,91.1,Flood,203.1,5.61,0.67,1.92,9.16,104521,371336,957412,586076,3264,2.806,59.3,1.92,61.21460771,0.002806373,238.1,40538.86463,0.09460371
SF10906,Madhya Pradesh,Indore,Rice,Kharif,5.86,761.6,29.6,90.1,6.1,5.82,27.6,139,78.8,87.1,Drip,306.8,5.08,0.97,1.79,10.49,26460,423272,277565,-145707,7929,1.323,62.7,1.79,-52.49473096,0.001322992,304.9,40350.04766,0.081020734
SF10907,Maharashtra,Nashik,Chilli,Rabi,12.92,604.9275204,22.9,61.9,9.9,7.35,17.8,114.1,74.6,88.7,Flood,183.9,7,0.69,1.51,19.51,107249,991502,2092428,1100926,11168,1.747,34.4,1.51,52.61476142,0.001746956,277.4,50820.19477,0.203488372
SF10908,Karnataka,Raichur,Maize,Zaid,14.57,503,30.8,44.5,9.4,7,29.1,74,49.6,79.1,Flood,320.9,2.22,0.92,2.35,34.24,18717,1258745,640870,-617875,10657,3.213,36.7,2.35,-96.41190881,0.003212912,202.7,36762.41238,0.060490463
SF10909,Madhya Pradesh,Indore,Pulses,Kharif,8.65,998.3,25.9,65.1,6.7,6.37,17.3,94.1,46.4,48.4,Flood,113.3,5.83,0.71,1.05,9.08,68506,595168,622034,26866,3753,2.419,59,1.05,4.319056515,0.002419398,188.9,65547.13656,0.098813559
SF10910,Maharashtra,Nashik,Sugarcane,Rabi,5.66,354.4,21.6,75.5,7.9,5.9,26.9,72.7,58.9,128,Drip,92.5,7.99,0.93,23.68,134.03,3530,371329,473126,101797,7897,16.972,27.3,23.68,21.51583299,0.016972268,259.6,2770.491681,0.292673993
SF10911,Andhra Pradesh,Krishna,Groundnut,Rabi,3.18,664.8,24.4,45.7,7.7,7.12,31.6,150.4,31.6,90,Rainfed,127.4,3.53,0.89,1.27,4.04,62372,216090,251983,35893,778,5.193,37.9,1.27,14.24421489,0.005192802,272,53487.62376,0.093139842
SF10912,Karnataka,Raichur,Maize,Rabi,14.01,275.2,25.4,49.8,8.8,6.41,14.5,117.2,49.1,132.6,Drip,233.3,6.99,0.92,3.83,53.66,16345,988346,877073,-111273,5885,9.118,14.1,3.83,-12.68685731,0.009118097,298.9,18418.67313,0.495744681
SF10913,Karnataka,Raichur,Sugarcane,Kharif,3.97,1018.3,23.6,68.4,7.6,6.5,30.4,119.3,62.4,90.9,Rainfed,326,9.44,0.95,59.44,235.98,3141,310668,741213,430545,3865,61.056,37.7,59.44,58.08654193,0.061055627,272.6,1316.501398,0.250397878
SF10914,Tamil Nadu,Erode,Rice,Kharif,5.14,795.9,28.8,60.3,6.7,7.5,34.9,139.1,59.9,78.6,Rainfed,266.5,4.59,0.91,1.44,7.4,20660,346165,152884,-193281,4241,1.745,62.9,1.44,-126.4233013,0.001744871,277.6,46779.05405,0.072972973
SF10915,Tamil Nadu,Erode,Chilli,Kharif,2.79,1003.7,28.7,73.3,7.8,7.52,36.7,112.5,77.9,104.9,Flood,179,7.62,0.82,0.91,2.54,108460,182075,275488,93413,2433,1.044,53.8,0.91,33.90819201,0.001043979,295.3,71683.07087,0.141635688
SF10916,Punjab,Ludhiana,Pulses,Rabi,4.24,319.4,22.3,53.7,7,7.17,24.1,107.8,77.4,50.5,Drip,177.4,6.59,0.83,0.99,4.2,75399,210147,316676,106529,1135,3.7,16.7,0.99,33.63974535,0.003700441,235.7,50035,0.394610778
SF10917,Telangana,Nalgonda,Cotton,Zaid,9.05,407.6,33.3,53,8,6.52,15.1,67.6,79.9,79.2,Flood,204.7,3,0.66,1.21,10.95,50901,564523,557366,-7157,6585,1.663,52.8,1.21,-1.284075455,0.00166287,226.7,51554.61187,0.056818182
SF10918,Andhra Pradesh,Krishna,Cotton,Kharif,10.31,953.1,25.6,71,5.2,6.2,33.5,98.7,52.5,96.4,Sprinkler,121.2,8.05,0.75,1.49,15.36,70226,626027,1078671,452644,7618,2.016,37.1,1.49,41.96311943,0.002016277,247.6,40756.96615,0.216981132
SF10919,Gujarat,Rajkot,Chilli,Rabi,3.94,395.8,23.1,59.1,8.1,6.69,26.4,190.6,58.7,107.3,Sprinkler,254.2,3.41,0.83,2.28,8.98,110770,302231,994715,692484,2621,3.426,33.6,2.28,69.61632226,0.003426173,356.6,33656.01336,0.101488095
SF10920,Maharashtra,Nashik,Wheat,Kharif,14.37,1067.6,26.5,88.4,7.2,6.98,27.7,168.6,64.3,83.3,Drip,290.1,4.4,0.89,2.83,40.67,18429,1126510,749507,-377003,6006,6.772,67.9,2.83,-50.30013062,0.006771562,316.2,27698.79518,0.064801178
SF10921,Maharashtra,Nashik,Groundnut,Rabi,12.07,361.5,26.3,57,7.9,6.88,17.3,83.1,48.2,144.1,Drip,175.4,3.61,0.8,1.56,18.83,56713,902208,1067906,165698,4485,4.198,52.4,1.56,15.51615966,0.004198439,275.4,47913.32979,0.06889313
SF10922,Maharashtra,Nashik,Chilli,Kharif,2.86,845.3,29.9,91.8,7.6,7.78,30.5,151.7,60,119.8,Rainfed,188.2,6.97,0.88,0.64,1.83,97462,211516,178355,-33161,841,2.176,39.3,0.64,-18.59269435,0.002175981,331.5,115582.5137,0.17735369
SF10923,Andhra Pradesh,Krishna,Wheat,Zaid,2.47,128.4,30.1,36.8,7.3,7.1,15.1,112.4,60.1,143,Rainfed,196.1,6.96,0.8,1.54,3.8,21004,159581,79815,-79766,694,5.476,34.4,1.54,-99.93860803,0.005475504,315.5,41995,0.202325581
SF10924,Telangana,Warangal,Groundnut,Zaid,13.66,232.6,33.9,43.6,7.3,5.64,23.3,183,24.3,136.7,Sprinkler,168.7,4.68,0.7,0.3,4.1,58792,915351,241047,-674304,8111,0.505,38.1,0.3,-279.7396358,0.000505486,344,223256.3415,0.122834646
SF10925,Tamil Nadu,Erode,Sugarcane,Rabi,11.42,314.6,25.7,53.5,7,6.04,16.5,112,73.8,118.1,Rainfed,147.3,4.94,0.79,32.09,366.47,3743,519517,1371697,852180,11148,32.873,43.8,32.09,62.12596514,0.032873161,303.9,1417.624908,0.112785388
SF10926,Punjab,Ludhiana,Wheat,Kharif,5.14,914.1,29.9,63.8,6.6,5.25,37.6,118.9,41.3,107.8,Flood,185.1,4.72,0.73,0.3,1.54,18216,315074,28053,-287021,3812,0.404,58.7,0.3,-1023.138345,0.000403987,268,204593.5065,0.080408859
SF10927,Gujarat,Rajkot,Chilli,Zaid,7.15,464.7,31.7,60,9.4,6.18,13.6,109,44.7,116.1,Flood,273.1,6.71,0.79,1.54,11.01,94272,600521,1037935,437414,5807,1.896,45.6,1.54,42.14271607,0.001895988,269.8,54543.23342,0.147149123
SF10928,Telangana,Warangal,Chilli,Rabi,1.53,368,23.8,44.8,8.3,6.3,28.6,40,28.6,131.1,Drip,99.9,7.75,0.92,1.6,2.45,92915,83699,227642,143943,957,2.56,34.1,1.6,63.23218035,0.002560084,199.7,34162.85714,0.227272727
SF10929,Telangana,Nalgonda,Wheat,Rabi,12.51,543.9,21.4,61.7,7,6.35,16.9,124.9,56.2,90,Sprinkler,147.8,3.73,0.99,2.27,28.4,21966,945997,623834,-322163,6946,4.089,46.1,2.27,-51.64242411,0.004088684,271.1,33309.75352,0.080911063
SF10930,Punjab,Ludhiana,Cotton,Zaid,5.56,534.4,33,34.4,7.2,7.17,15.6,75.7,47.3,74.2,Flood,155.9,3.57,1,1,5.56,56170,386294,312305,-73989,5254,1.058,33.5,1,-23.69126335,0.001058241,197.2,69477.33813,0.106567164
SF10931,Punjab,Ludhiana,Sugarcane,Rabi,8.1,287.9,23,63.2,7.9,6.06,21.5,50.7,52,124.5,Drip,169.8,3,0.91,34.27,277.59,3727,396396,1034578,638182,11910,23.307,49.7,34.27,61.68524751,0.023307305,227.2,1427.990922,0.060362173
SF10932,Gujarat,Rajkot,Maize,Zaid,11.2,184,28.1,56.3,7.1,6.01,15.5,117.1,73.6,140.1,Sprinkler,133.5,7.36,0.84,1.83,20.5,21150,696038,433575,-262463,7957,2.576,22.5,1.83,-60.53462492,0.002576348,330.8,33953.07317,0.327111111
SF10933,Telangana,Warangal,Chilli,Rabi,10.68,308.2,26.8,63.6,7.5,7.97,23.9,149.4,79.7,136.6,Flood,162.5,1.9,0.85,0.36,3.84,112552,579945,432200,-147745,10219,0.376,52.9,0.36,-34.18440537,0.000375771,365.7,151027.3438,0.035916824
SF10934,Andhra Pradesh,Krishna,Wheat,Kharif,0.72,792.6,30.9,83.3,7.8,6.88,31.2,150.2,39.4,50.1,Rainfed,244.3,2.71,0.71,2.6,1.87,26051,44873,48715,3842,225,8.311,71.9,2.6,7.886687878,0.008311111,239.7,23996.25668,0.037691238
SF10935,Andhra Pradesh,Guntur,Chilli,Kharif,7.85,821.6,30.2,69.5,7,6.29,40.7,111,90.3,86.5,Rainfed,143.7,2.89,0.73,1.72,13.5,105594,489810,1425519,935709,3071,4.396,61,1.72,65.63988274,0.004395962,287.8,36282.22222,0.047377049
SF10936,Punjab,Ludhiana,Maize,Kharif,10.3,1109.2,27.8,85.2,7.4,6.87,29.3,95.4,51,75.9,Flood,138.5,3.68,0.73,4.04,41.61,18700,625198,778107,152909,7468,5.572,56,4.04,19.65141041,0.005571773,222.3,15025.18625,0.065714286
SF10937,Karnataka,Raichur,Maize,Kharif,10.41,597.4,26.5,74.9,6.4,7.26,32.8,105.4,69.2,110.5,Flood,127.4,5.93,0.91,2.63,27.38,21940,651459,600717,-50742,7791,3.514,45.9,2.63,-8.446905947,0.003514311,285.1,23793.24324,0.1291939
SF10938,Gujarat,Rajkot,Sugarcane,Zaid,10.74,80,29.5,54.6,7.9,6,14.7,144.9,96,97.7,Drip,189.5,5.71,0.71,28.05,301.26,3362,703289,1012836,309547,17824,16.902,32.3,28.05,30.56240102,0.01690193,338.6,2334.491801,0.176780186
SF10939,Tamil Nadu,Erode,Wheat,Kharif,8.09,723.5,32,57.6,7,6.37,29.1,158.8,55.4,79.6,Flood,292.8,6.35,0.88,2.85,23.06,24101,596909,555769,-41140,6734,3.424,38,2.85,-7.402356015,0.003424413,293.8,25885.03903,0.167105263
SF10940,Andhra Pradesh,Krishna,Cotton,Rabi,7.68,410.7,25.6,55.4,6.4,7.14,22.1,173.2,82.7,103.4,Rainfed,140.3,6.16,0.74,1.42,10.91,73469,513929,801547,287618,2840,3.842,34.9,1.42,35.88286152,0.003841549,359.3,47106.23281,0.176504298
SF10941,Tamil Nadu,Erode,Rice,Kharif,13.24,658.2,25.1,64.4,4.9,6.22,40.4,120.9,48.1,175.9,Flood,240.8,4.5,0.73,2.24,29.66,21375,858994,633982,-225012,25094,1.182,55.1,2.24,-35.49185939,0.001181956,344.9,28961.3621,0.081669691
SF10942,Punjab,Ludhiana,Rice,Rabi,1.11,670.4,26.3,68.2,6.4,5.36,22.9,159.3,72.7,96.7,Drip,149.9,7.61,0.97,0.51,0.57,20039,76751,11422,-65329,1417,0.402,43.5,0.51,-571.9576256,0.000402258,328.7,134650.8772,0.174942529
SF10943,Andhra Pradesh,Guntur,Chilli,Kharif,5.47,886.3,31.7,70.7,7.2,6.02,28.9,116.8,64.4,106.9,Flood,221.8,7.59,0.93,1.28,7,93337,422985,653359,230374,4288,1.632,48.3,1.28,35.25994132,0.001632463,288.1,60426.42857,0.157142857
SF10944,Madhya Pradesh,Indore,Pulses,Zaid,6.33,80,33.1,51.6,9.3,6.51,18.7,111.8,41.3,63.6,Sprinkler,79.2,6.5,0.93,0.72,4.56,81324,371221,370837,-384,2277,2.003,36.7,0.72,-0.103549538,0.002002635,216.7,81408.11404,0.177111717
SF10945,Tamil Nadu,Erode,Cotton,Kharif,4.6,959.5,27,71.4,7.8,6.69,34.9,131.7,57,99,Drip,112.9,2.5,0.86,2.17,9.98,64033,241594,639049,397455,3438,2.903,61.6,2.17,62.19476128,0.00290285,287.7,24207.81563,0.040584416
SF10946,Tamil Nadu,Erode,Rice,Rabi,4.2,325.5,22.3,55,9,5.91,27.5,94.7,26.5,118.4,Flood,287,3.8,0.96,1.3,5.46,25336,300259,138335,-161924,8029,0.68,45.1,1.3,-117.0520837,0.000680035,239.6,54992.49084,0.084257206
SF10947,Telangana,Nalgonda,Cotton,Kharif,1.28,936.4,30.5,69.2,7.1,6.57,18,116.2,64,86.3,Flood,128.9,3.29,0.68,1.61,2.06,68676,76523,141473,64950,1420,1.451,81.2,1.61,45.90982025,0.001450704,266.5,37147.08738,0.040517241
SF10948,Telangana,Nalgonda,Pulses,Kharif,14.97,910.5,30.5,84.2,7.7,7.81,25.2,125.2,51.5,102.2,Flood,97.2,1.54,0.96,0.3,4.49,57324,1070866,257385,-813481,6753,0.665,69.6,0.3,-316.0561027,0.00066489,278.9,238500.2227,0.022126437
SF10949,Punjab,Ludhiana,Pulses,Rabi,4.23,906.3,21.1,59.3,7.9,6.73,14.8,89.5,70.7,128.5,Flood,131.9,5.22,0.96,1.33,5.63,72910,284181,410483,126302,1822,3.09,42.6,1.33,30.76911833,0.003090011,288.7,50476.19893,0.122535211
SF10950,Madhya Pradesh,Indore,Groundnut,Kharif,2.42,530.9,21.7,74.4,6.1,6.57,27.6,133.8,71.5,107.9,Drip,133.3,6.75,0.67,2.62,6.34,59490,143568,377167,233599,1075,5.898,37,2.62,61.935164,0.005897674,313.2,22644.79495,0.182432432
SF10951,Punjab,Ludhiana,Pulses,Rabi,11.44,466.3,19.9,53.7,7.3,7.11,23.5,147.6,36.8,94.1,Flood,230.4,5.41,0.87,0.88,10.07,69966,655723,704558,48835,5302,1.899,39.1,0.88,6.931295933,0.001899283,278.5,65116.48461,0.138363171
SF10952,Andhra Pradesh,Krishna,Cotton,Rabi,14.48,250.5,22,70.3,6.4,6.85,32.1,53.7,69.5,110.8,Rainfed,250.9,3.72,0.94,1.08,15.64,70984,913442,1110190,196748,4619,3.386,41.8,1.08,17.72201155,0.003386014,234,58404.21995,0.088995215
SF10953,Maharashtra,Nashik,Rice,Kharif,10.35,741.3,32.8,71,7,6.66,32.9,100.5,49.5,159.9,Drip,126.7,5.02,0.94,4.53,46.89,21235,610269,995709,385440,13103,3.579,51.5,4.53,38.71010506,0.00357857,309.9,13014.90723,0.097475728
SF10954,Andhra Pradesh,Krishna,Pulses,Kharif,13.03,643.7,26.8,80.9,8.1,7.31,36.8,72.1,60.2,108.4,Flood,132.8,2.99,0.92,1.01,13.16,72887,865547,959193,93646,5854,2.248,59.8,1.01,9.762998687,0.002248036,240.7,65771.04863,0.05
SF10955,Tamil Nadu,Erode,Wheat,Rabi,1.99,403.4,23.6,58.5,7.6,6.52,22.5,101.4,50.1,114.8,Flood,289.5,4.28,0.84,2.61,5.19,21524,178751,111710,-67041,1426,3.64,43.6,2.61,-60.01342763,0.003639551,266.3,34441.42582,0.098165138
SF10956,Telangana,Nalgonda,Rice,Rabi,5.74,211.4,26.1,55.3,7.9,6.89,24.6,144.2,80.6,65.4,Drip,212,6.91,0.91,3.51,20.15,20867,432453,420470,-11983,7473,2.696,35.2,3.51,-2.849906058,0.002696374,290.2,21461.68734,0.196306818
SF10957,Gujarat,Rajkot,Maize,Rabi,2.24,313.7,26.6,50.7,9.4,6.39,20.7,121.6,31.7,132,Flood,126.9,10.03,0.73,3.5,7.84,19115,119372,149862,30490,1700,4.612,25.1,3.5,20.34538442,0.004611765,285.3,15226.02041,0.399601594
SF10958,Andhra Pradesh,Guntur,Chilli,Kharif,9.68,860.2,22.3,79.6,6.8,7.88,32.1,163,59.4,79,Flood,119.3,1.19,0.76,0.43,4.16,124482,557048,517845,-39203,7595,0.548,68.4,0.43,-7.570411996,0.000547729,301.4,133905.7692,0.017397661
SF10959,Tamil Nadu,Erode,Wheat,Kharif,11.59,579.1,27.9,76.5,6.7,7.43,34.8,88.4,84.4,135,Flood,212.5,6.59,0.78,2.06,23.88,24759,816534,591245,-225289,7224,3.306,44.3,2.06,-38.10417001,0.003305648,307.8,34193.21608,0.148758465
SF10960,Andhra Pradesh,Krishna,Wheat,Rabi,0.59,551.6,21.5,50,6.9,6.34,29.1,81.4,18.9,112.1,Flood,148.4,7.6,0.94,2.26,1.33,26085,40384,34693,-5691,518,2.568,20.1,2.26,-16.40388551,0.002567568,212.4,30363.90977,0.378109453
SF10961,Tamil Nadu,Erode,Wheat,Kharif,10.38,911.5,27.3,82.5,7.8,7.22,29.9,191,42.4,68.5,Drip,153.2,2.65,0.88,3.08,31.97,23239,500249,742951,242702,4751,6.729,69.8,3.08,32.66729569,0.00672911,301.9,15647.45074,0.037965616
SF10962,Maharashtra,Nashik,Maize,Zaid,11.99,393.7,32.6,37.3,8,6.26,21,140.5,69.4,130.1,Rainfed,146.5,8.51,0.89,2.55,30.57,20040,721843,612623,-109220,4193,7.291,27.7,2.55,-17.82825653,0.007290723,340,23612.79032,0.307220217
SF10963,Maharashtra,Nashik,Sugarcane,Rabi,14.04,389.2,26.4,66.3,7.7,7.03,23.3,94,41.6,99.6,Drip,181.3,5.2,0.7,66.66,935.91,3094,1008380,2895706,1887326,23060,40.586,27.8,66.66,65.17671338,0.040585863,235.2,1077.432659,0.18705036
SF10964,Andhra Pradesh,Guntur,Groundnut,Kharif,5.88,492.7,29,68.6,5.8,6.68,22.4,75.1,40.7,121.3,Rainfed,258.2,6.26,0.89,1.58,9.29,58728,395567,545583,150016,1516,6.128,40.6,1.58,27.49645792,0.006127968,237.1,42579.87083,0.154187192
SF10965,Tamil Nadu,Erode,Wheat,Zaid,7.22,339.9,26.5,72.8,9.6,6.33,13.8,85.1,72.5,92.3,Flood,100.4,6.32,0.85,2.16,15.6,27453,425630,428267,2637,4847,3.218,31.9,2.16,0.615737379,0.003218486,249.9,27283.97436,0.198119122
SF10966,Andhra Pradesh,Guntur,Maize,Kharif,0.82,743.7,28.4,60.2,6.4,7.44,24.6,112.7,58.9,100.5,Rainfed,176.1,7.93,1,1.88,1.54,17813,57325,27432,-29893,235,6.553,39.1,1.88,-108.9712744,0.006553191,272.1,37224.02597,0.202813299
SF10967,Telangana,Nalgonda,Cotton,Kharif,4.82,1020.2,31.1,71.4,6.7,7.35,26.7,116.9,44.1,115,Drip,233.3,6.04,0.9,0.97,4.68,71291,357378,333642,-23736,3097,1.511,59.7,0.97,-7.114212239,0.00151114,276,76362.82051,0.101172529
SF10968,Telangana,Warangal,Sugarcane,Zaid,6.83,402.6,30.7,63.3,5.9,6.27,16.9,108.7,52.4,65.5,Flood,280.1,9.75,0.76,28.82,196.84,3413,569366,671815,102449,15502,12.698,42.3,28.82,15.24958508,0.012697716,226.6,2892.532006,0.230496454
SF10969,Andhra Pradesh,Guntur,Pulses,Rabi,0.53,80,25.1,65.2,8.2,6.51,25,140.2,86.8,123.2,Drip,40,8.82,0.88,1.23,0.65,64634,27026,42012,14986,167,3.892,27.6,1.23,35.67076074,0.003892216,350.2,41578.46154,0.319565217
SF10970,Karnataka,Raichur,Groundnut,Kharif,3.85,758.7,31.2,65.3,7.9,6.19,37.7,126.9,49.1,115.4,Flood,198.4,5.99,0.74,1.52,5.85,53387,251623,312314,60691,2608,2.243,45.5,1.52,19.43268633,0.002243098,291.4,43012.47863,0.131648352
SF10971,Karnataka,Raichur,Maize,Rabi,2.2,527.6,24.8,42.2,8.3,6.36,29.5,102.6,55.4,80.1,Flood,176.6,6.86,0.89,3.36,7.39,19463,169624,143832,-25792,1663,4.444,34.4,3.36,-17.93203181,0.004443776,238.1,22953.17997,0.199418605
SF10972,Madhya Pradesh,Indore,Pulses,Rabi,11.46,772.7,24.4,51,8.3,6.36,16.5,80.4,40.6,130.3,Rainfed,244.8,2.87,0.66,0.93,10.66,67473,747822,719262,-28560,2322,4.591,44,0.93,-3.970736672,0.00459087,251.3,70152.1576,0.065227273
SF10973,Telangana,Nalgonda,Rice,Kharif,9.14,832.3,28.5,69.9,7.1,6.39,35.5,105.7,62.4,110.5,Sprinkler,181.8,2.25,0.97,3.89,35.55,24444,604884,868984,264100,11184,3.179,61.7,3.89,30.39181389,0.003178648,278.6,17015.0211,0.036466775
SF10974,Gujarat,Rajkot,Chilli,Kharif,2.36,813.2,24.4,59.3,6.3,7.34,29.3,129.1,89.4,92.7,Drip,162.3,6.08,0.85,2.1,4.96,98107,177764,486611,308847,1129,4.393,63.5,2.1,63.46897214,0.004393268,311.2,35839.51613,0.095748031
SF10975,Telangana,Warangal,Maize,Rabi,12.21,191.7,18.1,57.5,6.3,7.21,27,123.8,55.3,78.2,Flood,158.2,3.36,0.92,1.48,18.07,21223,753121,383500,-369621,8262,2.187,44,1.48,-96.3809648,0.002187122,257.3,41677.97454,0.076363636
SF10976,Telangana,Warangal,Pulses,Kharif,7.16,947.6,29,68.3,4.9,6.74,34.1,96.8,34.8,144.1,Flood,104.5,3.8,0.96,1.33,9.52,85813,418362,816940,398578,3402,2.798,60.3,1.33,48.78913996,0.002798354,275.7,43945.58824,0.063018242
SF10977,Karnataka,Raichur,Rice,Kharif,10.23,780.5,30.2,71.8,7.6,7.53,25.8,144.3,67.6,82.4,Sprinkler,297,6.13,0.77,1.67,17.08,25424,760447,434242,-326205,14147,1.207,46.9,1.67,-75.1205549,0.001207323,294.3,44522.65808,0.130703625
SF10978,Madhya Pradesh,Indore,Maize,Kharif,4.77,954.7,30.3,65.9,6,6.96,34.3,133.9,58.7,137.1,Rainfed,371.7,5.69,0.74,3.51,16.74,20539,356584,343823,-12761,1530,10.941,57,3.51,-3.711502721,0.010941176,329.7,21301.31422,0.099824561
SF10979,Karnataka,Raichur,Rice,Rabi,5.8,294.5,24.9,60.7,8,6.46,35.3,85.1,25.9,41.9,Rainfed,127,7.14,0.83,2.52,14.62,23744,320248,347137,26889,5743,2.546,37.9,2.52,7.745933162,0.002545708,152.9,21904.78796,0.188390501
SF10980,Telangana,Nalgonda,Pulses,Rabi,2.11,781.9,26.7,54.6,9.4,5.2,14.6,85.6,86.3,94,Drip,155.2,7.65,0.85,0.3,0.63,66577,132622,41944,-90678,693,0.909,47.1,0.3,-216.188251,0.000909091,265.9,210511.1111,0.162420382
SF10981,Maharashtra,Nashik,Rice,Kharif,13.94,604.9275204,31.3,63.5,5.8,7.12,23.6,99,75.9,129.3,Flood,164.9,3.74,0.94,1.75,24.4,21143,902372,515889,-386483,24613,0.991,63.8,1.75,-74.91592184,0.000991346,304.2,36982.45902,0.05862069
SF10982,Karnataka,Raichur,Cotton,Rabi,10.95,631.7,26.7,58.3,7.7,6.54,14.7,189.1,74.4,109.9,Sprinkler,175.2,4.72,1,2.47,27.05,68209,589470,1845053,1255583,7454,3.629,47.9,2.47,68.05132427,0.003628924,373.4,21791.86691,0.098538622
SF10983,Tamil Nadu,Erode,Wheat,Kharif,13.29,895.1,28.7,63.5,5.8,7.18,34,71,56.1,74.3,Rainfed,320.2,7.5,0.76,2.45,32.56,27946,941778,909922,-31856,3060,10.641,60.8,2.45,-3.500959423,0.010640523,201.4,28924.38575,0.123355263
SF10984,Maharashtra,Nashik,Pulses,Rabi,1.29,532.2,21.9,53.6,6.7,8.27,16.7,150.3,86.4,81.4,Sprinkler,184.3,5.36,0.87,0.3,0.39,69984,82360,27294,-55066,470,0.83,45,0.3,-201.7513007,0.000829787,318.1,211179.4872,0.119111111
SF10985,Madhya Pradesh,Indore,Groundnut,Kharif,5.98,990.7,25.7,72.2,7.5,6.34,36.3,155.4,56.2,119.8,Drip,170.5,4.63,0.72,2.08,12.44,54220,416198,674497,258299,2482,5.012,65.8,2.08,38.29505543,0.005012087,331.4,33456.43087,0.070364742
SF10986,Gujarat,Rajkot,Maize,Kharif,10.87,926.4,31.7,63.8,7.6,6.19,28,115.4,55.2,91.2,Flood,306.1,6.4,0.69,2.55,27.72,21343,950262,591628,-358634,8263,3.355,49.8,2.55,-60.61815871,0.003354714,261.8,34280.73593,0.128514056
SF10987,Tamil Nadu,Erode,Rice,Rabi,7.07,332.9,21.4,49.5,7.6,7.71,21.2,89.8,68.2,59.2,Drip,204.8,3.9,0.93,0.79,5.59,24846,471010,138889,-332121,9090,0.615,50.2,0.79,-239.1269287,0.000614961,217.2,84259.39177,0.077689243
SF10988,Punjab,Ludhiana,Rice,Zaid,7.88,435.8,34,50.4,7.2,6.3,12.2,79.5,57.8,119.1,Drip,254.1,3.46,0.7,2.3,18.12,22982,459565,416434,-43131,11434,1.585,52.5,2.3,-10.35722347,0.001584747,256.4,25362.30684,0.065904762
SF10989,Telangana,Warangal,Groundnut,Kharif,14.82,1202.2,29.9,71,6.7,6.29,25.3,140.7,30.8,92.9,Sprinkler,180.7,5.39,0.91,1.44,21.34,52715,1056669,1124938,68269,7848,2.719,61.6,1.44,6.068690008,0.002719164,264.4,49515.88566,0.0875
SF10990,Maharashtra,Nashik,Maize,Kharif,10.38,765.3,32.8,71.8,6.5,7.9,26.3,142.2,40.9,98.7,Drip,41.7,7.67,0.8,0.79,8.2,21782,642733,178612,-464121,5691,1.441,56.3,0.79,-259.8487224,0.001440872,281.8,78382.07317,0.136234458
SF10991,Gujarat,Rajkot,Sugarcane,Rabi,13.18,449.1,22.3,68.5,7.4,6.38,28.8,119.2,59.7,83.6,Drip,159.9,3.74,0.76,53.23,701.57,3227,951640,2263966,1312326,20567,34.111,39.9,53.23,57.96579984,0.034111441,262.5,1356.443406,0.093734336
SF10992,Punjab,Ludhiana,Groundnut,Kharif,5.87,676.2,32.2,55.4,7.9,6.91,25.8,78.3,38.9,62.8,Flood,180.9,4.08,0.72,1.83,10.74,55602,424500,597165,172665,3335,3.22,50.6,1.83,28.91411921,0.00322039,180,39525.13966,0.080632411
SF10993,Gujarat,Rajkot,Rice,Rabi,5.21,563.1,24,58.8,8.6,5.57,30.4,134.9,82.2,145.4,Drip,162.4,4.85,0.67,0.9,4.69,21630,378587,101445,-277142,7608,0.616,54.5,0.9,-273.1943418,0.000616456,362.5,80722.17484,0.088990826
SF10994,Madhya Pradesh,Indore,Rice,Rabi,4.18,568.9,22.6,61.6,6.8,6.53,20.3,74.5,89.2,111.1,Flood,147.9,9.47,0.8,3.1,12.96,24282,296644,314695,18051,8124,1.595,25.3,3.1,5.736030124,0.001595273,274.8,22889.19753,0.3743083
SF10995,Gujarat,Rajkot,Wheat,Rabi,0.5,300.1,22.8,53.9,7.5,7.04,22.2,118.6,55.8,131.3,Sprinkler,160.6,7.39,0.85,2.17,1.08,19410,34712,20963,-13749,223,4.843,27.1,2.17,-65.5869866,0.004843049,305.7,32140.74074,0.272693727
SF10996,Madhya Pradesh,Indore,Cotton,Rabi,8.26,505.4,21.6,73.1,7.8,7.25,19.3,130.7,22.8,107.7,Sprinkler,213.5,3.11,0.84,0.9,7.43,72762,618733,540622,-78111,6522,1.139,53,0.9,-14.44835763,0.001139221,261.2,83274.96635,0.058679245
SF10997,Tamil Nadu,Erode,Wheat,Kharif,10.51,1111.3,30,61.8,6.4,7.23,33.9,42.9,32.7,84.2,Drip,162.6,7.48,0.71,1.63,17.13,21282,651301,364561,-286740,4741,3.613,53,1.63,-78.6535038,0.003613162,159.8,38021.07414,0.141132075
SF10998,Gujarat,Rajkot,Maize,Rabi,12.6,345.5,26.5,55,9,6.11,21.6,105.4,44.5,98.2,Drip,180.5,4.36,0.94,2.2,27.72,21895,627768,606929,-20839,5441,5.095,43.7,2.2,-3.433515288,0.005094652,248.1,22646.75325,0.099771167
SF10999,Punjab,Ludhiana,Sugarcane,Rabi,10.2,668.3,23.8,50.2,6.8,7.31,28.5,100.9,78.3,126.7,Rainfed,207.1,1.87,0.98,35.16,358.63,3615,584020,1296447,712427,8400,42.694,47,35.16,54.95226569,0.042694048,305.9,1628.47503,0.039787234
SF11000,Maharashtra,Nashik,Maize,Zaid,4.23,224.7,28.8,46.1,9.7,6.63,12.4,100.6,53.6,99.2,Drip,248.1,5.78,0.83,3.11,13.16,21707,253813,285664,31851,2416,5.447,28.6,3.11,11.14981237,0.00544702,253.4,19286.70213,0.202097902
SF11001,Telangana,Nalgonda,Rice,Kharif,8.03,741.1,30,77,6.2,6.38,34.5,177.5,37.4,92.4,Rainfed,209.3,5.09,0.75,3.74,30.03,20162,509824,605465,95641,6313,4.757,57.1,3.74,15.7962888,0.004756851,307.3,16977.15618,0.089141856
SF11002,Andhra Pradesh,Guntur,Maize,Kharif,13.21,929.9,26.3,73.4,5.5,5.51,31.6,99.5,77.2,117.7,Sprinkler,205.4,4.28,0.75,0.72,9.51,21208,830492,201688,-628804,8237,1.155,56,0.72,-311.7706557,0.001154547,294.4,87328.28601,0.076428571
SF11003,Gujarat,Rajkot,Groundnut,Rabi,7.86,263,25.9,58.9,8.3,6.63,20.5,105.1,43.7,105.3,Rainfed,217,8.63,0.91,1.41,11.08,59150,561552,655382,93830,2018,5.491,30.4,1.41,14.31684117,0.005490585,254.1,50681.58845,0.283881579
SF11004,Punjab,Ludhiana,Pulses,Kharif,11.7,549.6,32.6,64.4,5.1,7.85,26.1,135.2,44.6,133.4,Flood,219.2,2.98,0.73,0.3,3.51,83804,819423,294152,-525271,5429,0.647,58.4,0.3,-178.5712829,0.000646528,313.2,233453.8462,0.051027397
SF11005,Tamil Nadu,Erode,Pulses,Rabi,8.64,332.1,27.1,71,4.4,7.38,17,113.3,26.6,110.3,Rainfed,138.5,5.67,0.95,0.65,5.62,68644,464977,385779,-79198,1592,3.53,51.7,0.65,-20.52937044,0.003530151,250.2,82736.121,0.10967118
SF11006,Tamil Nadu,Erode,Chilli,Zaid,12.44,476.6,30.8,37.1,7.6,7,23.2,152.8,56.7,158.2,Sprinkler,194.1,3.29,0.88,2.13,26.5,104523,827622,2769860,1942238,8044,3.294,45,2.13,70.1204393,0.003294381,367.7,31231.01887,0.073111111
SF11007,Karnataka,Raichur,Sugarcane,Rabi,11.78,575.8,27.1,52.5,5.1,6.72,15.4,117.2,25,124,Flood,196.1,3.96,1,71.95,847.57,3650,918631,3093630,2174999,29132,29.094,40.4,71.95,70.30572499,0.029094123,266.2,1083.840863,0.098019802
SF11008,Karnataka,Raichur,Groundnut,Kharif,14.46,1050.6,27.1,68.8,9.4,6.27,29.5,84,49.8,84.2,Sprinkler,233.8,8.87,0.87,1.36,19.67,54215,980642,1066409,85767,6194,3.176,55.8,1.36,8.04259904,0.003175654,218,49854.70259,0.158960573
SF11009,Punjab,Ludhiana,Wheat,Kharif,14.7,649.2,27.9,82.7,7.6,6.33,33.4,121.8,57.7,86.2,Drip,262.7,5.75,0.78,3.23,47.48,23032,1051409,1093559,42150,8019,5.921,39.7,3.23,3.854387372,0.005920938,265.7,22144.25021,0.144836272
SF11010,Karnataka,Raichur,Wheat,Kharif,9.18,726,30.3,54.6,8.2,7.58,28,110.5,45.6,83.4,Rainfed,181.2,2.19,0.94,1.21,11.11,21469,575091,238521,-336570,2688,4.133,49.6,1.21,-141.1070723,0.004133185,239.5,51763.36634,0.044153226
SF11011,Andhra Pradesh,Krishna,Groundnut,Kharif,5.04,871.2,29,88.4,7.8,5.94,38.9,108.5,64.9,53.9,Rainfed,139.7,5.71,1,0.87,4.38,53185,261906,232950,-28956,1418,3.089,50.1,0.87,-12.43013522,0.003088858,227.3,59795.89041,0.113972056
SF11012,Telangana,Warangal,Maize,Kharif,6.58,1186.2,29.6,78.2,7.1,7.14,35.9,147.7,52.1,100.2,Sprinkler,234.7,3.69,0.99,2.71,17.83,19516,455271,347970,-107301,3618,4.928,68.7,2.71,-30.83627899,0.004928137,300,25533.98766,0.05371179
SF11013,Gujarat,Rajkot,Cotton,Rabi,11.06,500.6,20.1,57,6.6,6.68,22.3,107.7,42.3,78.9,Sprinkler,281.5,6.64,0.86,1.39,15.37,65519,805185,1007027,201842,9063,1.696,44.9,1.39,20.04335534,0.001695906,228.9,52386.79245,0.147884187
SF11014,Gujarat,Rajkot,Groundnut,Rabi,1.61,419.9,22.4,43.1,6.1,6.02,21.9,74.5,30.8,139.2,Rainfed,79.2,5.15,0.94,0.75,1.21,52204,69918,63167,-6751,481,2.516,25.5,0.75,-10.68754255,0.002515593,244.5,57783.47107,0.201960784
SF11015,Punjab,Ludhiana,Rice,Rabi,11.04,462.6,27,60.8,5.8,6.71,16.9,121.6,72.2,138.6,Sprinkler,229.8,7,0.73,3.76,41.51,21015,804823,872333,67510,16856,2.463,40.3,3.76,7.739017096,0.002462625,332.4,19388.65334,0.17369727
SF11016,Telangana,Nalgonda,Wheat,Kharif,8.7,933.9,24.8,79.4,7.6,7.81,27.8,92,49.4,88.1,Flood,193.1,6.16,0.96,0.61,5.31,20651,497878,109657,-388221,5620,0.945,57,0.61,-354.0321183,0.00094484,229.5,93762.33522,0.108070175
SF11017,Maharashtra,Nashik,Rice,Zaid,6.79,92,33.9,61.3,9.4,6.61,21.6,136.3,39.9,117.8,Flood,172.5,5.18,0.65,2.28,15.48,24361,457099,377108,-79991,11653,1.328,47.4,2.28,-21.21169532,0.001328413,294,29528.35917,0.1092827
SF11018,Andhra Pradesh,Guntur,Wheat,Kharif,12.63,993.9,28.1,64.5,6.1,7.66,37.8,95.4,70.3,96.7,Sprinkler,76,4.12,0.88,1.1,13.89,23013,719702,319651,-400051,7447,1.865,56.6,1.1,-125.1524319,0.001865181,262.4,51814.39885,0.072791519
SF11019,Andhra Pradesh,Guntur,Pulses,Kharif,2.41,913.8,27.5,73.3,8.1,5.77,23.5,108.6,37.2,76.3,Rainfed,291.3,3.75,0.96,0.41,0.99,72595,150049,71869,-78180,480,2.062,51.1,0.41,-108.7812548,0.0020625,222.1,151564.6465,0.073385519
SF11020,Telangana,Warangal,Groundnut,Zaid,9.28,396,26.7,63,8.7,7.06,15.4,136.7,67.6,137.6,Sprinkler,120.9,5.17,0.92,1.44,13.36,58201,666324,777565,111241,4336,3.081,32.5,1.44,14.30632809,0.003081181,341.9,49874.5509,0.159076923
SF11021,Andhra Pradesh,Krishna,Maize,Rabi,3.65,454.3,23.3,39.9,9.1,7.06,22.6,117.8,23.8,87.3,Rainfed,195.9,4.32,0.69,2.9,10.58,17636,225248,186589,-38659,1261,8.39,39.3,2.9,-20.71879907,0.008390167,228.9,21289.9811,0.109923664
SF11022,Andhra Pradesh,Krishna,Chilli,Kharif,5.72,849,27,70.6,7.6,6.33,26,148.5,56.4,102.4,Rainfed,213,4.72,0.69,2.37,13.56,105571,413506,1431543,1018037,1658,8.179,43.8,2.37,71.11466439,0.008178528,307.3,30494.54277,0.107762557
SF11023,Karnataka,Raichur,Wheat,Rabi,13.89,289.6,30.6,55.8,6.3,6.32,26.7,144.8,53.7,102.9,Flood,135.2,3.27,0.98,2.33,32.36,26353,760622,852783,92161,9311,3.475,51.2,2.33,10.80708691,0.003475459,301.4,23505.00618,0.063867187
SF11024,Andhra Pradesh,Krishna,Groundnut,Kharif,5.98,694.3,30.3,83.8,7.1,5.97,30.4,182.1,44.5,164.6,Drip,112.7,5.7,0.82,1.22,7.3,63484,333421,463433,130012,3212,2.273,55.9,1.22,28.05410922,0.002272727,391.2,45674.10959,0.1019678
SF11025,Punjab,Ludhiana,Sugarcane,Kharif,14.62,772.3,28.7,53.3,6.1,7.03,28.5,115.6,62.7,84.9,Rainfed,280.7,7.41,0.9,57.3,837.73,3026,1165460,2534971,1369511,15732,53.25,37,57.3,54.0247206,0.053250064,263.2,1391.211966,0.20027027
SF11026,Tamil Nadu,Erode,Maize,Kharif,12.9,974.3,28.8,77.1,7.9,7.26,41.1,171.3,69.3,102,Rainfed,225.5,4.17,0.68,2.9,37.41,22744,1008127,850853,-157274,3623,10.326,44.9,2.9,-18.48427402,0.010325697,342.6,26948.06202,0.092873051
SF11027,Telangana,Warangal,Wheat,Zaid,6.25,307.8,32.1,60.1,6.9,7.36,19.7,180.9,83,124.4,Drip,174.3,5.38,0.74,1.9,11.88,25991,431818,308773,-123045,3236,3.671,40.8,1.9,-39.84966302,0.003671199,388.3,36348.3165,0.131862745
SF11028,Gujarat,Rajkot,Maize,Zaid,5.76,180.5,28.7,60.4,8.2,6.29,20.9,169.7,83.6,106.6,Flood,190,8.44,0.95,2.14,12.33,19670,387186,242531,-144655,4553,2.708,37.1,2.14,-59.64392181,0.002708105,359.9,31401.94647,0.227493261
SF11029,Telangana,Nalgonda,Maize,Rabi,14.75,481.4,25.7,68.7,8,8.34,22.1,124.6,28.1,101.6,Sprinkler,82.1,7.19,0.89,0.3,4.42,25162,877411,111216,-766195,9504,0.465,58.9,0.3,-688.9251547,0.000465067,254.3,198509.276,0.122071307
SF11030,Telangana,Nalgonda,Rice,Rabi,12.58,754.4,25.7,48.2,7.4,6.33,28,120,48,74.6,Drip,165.2,7.42,0.82,4.02,50.57,20632,795906,1043360,247454,18237,2.773,36.5,4.02,23.7170296,0.002772934,242.6,15738.69883,0.203287671
SF11031,Telangana,Warangal,Maize,Kharif,10.64,819,32.2,67.4,6.7,5.81,25.7,122,72.1,144,Rainfed,162.8,2.66,0.71,1.52,16.17,21391,649464,345892,-303572,3071,5.265,63,1.52,-87.7649671,0.005265386,338.1,40164.74954,0.042222222
SF11032,Madhya Pradesh,Indore,Pulses,Rabi,10.6,308.5,20.9,65.6,6.1,6.92,27.5,162.5,56.8,104.1,Flood,206.4,6.9,0.85,0.94,9.96,84803,771530,844638,73108,4692,2.123,32.5,0.94,8.655542374,0.002122762,323.4,77462.85141,0.212307692
SF11033,Andhra Pradesh,Guntur,Groundnut,Rabi,10.58,264.5,21.1,68.3,8.2,8.25,27.4,78.6,25.1,96.8,Flood,144.5,5.35,0.7,0.3,3.17,55460,697797,175808,-521989,6176,0.513,37.6,0.3,-296.9085593,0.000513277,200.5,220125.2366,0.142287234
SF11034,Andhra Pradesh,Krishna,Groundnut,Rabi,13.63,396.4,22.8,61.1,8.2,6.64,37.8,140.1,91.4,93.6,Rainfed,40,3.79,0.82,1.72,23.44,61932,800414,1451686,651272,3945,5.942,34.6,1.72,44.86314534,0.005941698,325.1,34147.35495,0.109537572
SF11035,Andhra Pradesh,Krishna,Maize,Kharif,14.91,813.7,29.7,66.5,7.7,6.81,28.2,125.2,49.6,72,Drip,149.1,0.93,0.99,4.73,70.52,20277,1043039,1429934,386895,7152,9.86,57.3,4.73,27.05684318,0.009860179,246.8,14790.68349,0.016230366
SF11036,Karnataka,Raichur,Pulses,Kharif,4.33,672.3,29.5,75.8,6.5,6.64,25.8,113.4,46.5,81.4,Rainfed,134.3,4.88,0.65,1.37,5.93,88317,259172,523720,264548,924,6.418,50.6,1.37,50.51325136,0.006417749,241.3,43705.22766,0.096442688
SF11037,Tamil Nadu,Erode,Chilli,Zaid,5.41,287.8,31.7,45.7,8.9,6.63,17.4,84,73.8,82.8,Rainfed,122.6,2.91,0.86,1.45,7.84,92549,366661,725584,358923,1734,4.521,33,1.45,49.46677435,0.004521338,240.6,46767.98469,0.088181818
SF11038,Gujarat,Rajkot,Cotton,Zaid,4.06,80,30.9,49.5,9.7,6.16,18.5,137.6,49.2,89.8,Rainfed,183.1,3.66,0.94,0.6,2.44,68523,303692,167196,-136496,1519,1.606,29.6,0.6,-81.63831671,0.00160632,276.6,124463.9344,0.123648649
SF11039,Madhya Pradesh,Indore,Maize,Rabi,5.82,627.5,22.2,56.8,7.7,7.64,16,123.1,73.1,114.2,Flood,216.3,6.85,0.99,1.5,8.73,18681,394629,163085,-231544,4425,1.973,33.4,1.5,-141.9774964,0.001972881,310.4,45203.78007,0.20508982
SF11040,Punjab,Ludhiana,Cotton,Rabi,5.26,474.4,22.8,53.2,6.6,6.14,16.1,137.5,39.4,82.9,Rainfed,197.3,3.37,0.66,0.88,4.63,66334,290949,307126,16177,1708,2.711,46.6,0.88,5.267219317,0.002710773,259.8,62839.9568,0.072317597
SF11041,Andhra Pradesh,Guntur,Cotton,Rabi,7.93,712.9,23.9,53.1,6.9,7.21,20.7,124.8,39.7,122.8,Rainfed,120,0.5,0.81,1.43,11.34,74715,416457,847268,430811,3328,3.407,57.1,1.43,50.84707554,0.003407452,287.3,36724.60317,0.008756567
SF11042,Andhra Pradesh,Guntur,Pulses,Kharif,13.66,713,31,67.8,8.1,7.47,33.2,115.2,63.7,130.7,Drip,219.1,3.59,0.84,0.74,10.11,67535,990747,682779,-307968,4882,2.071,36.4,0.74,-45.10507792,0.002070873,309.6,97996.73591,0.098626374
SF11043,Karnataka,Raichur,Pulses,Rabi,6.86,362.5,24.2,67,7,5.99,25.4,139,58.6,140.9,Rainfed,203.9,5.07,0.7,0.58,3.98,72629,482253,289063,-193190,1548,2.571,47.6,0.58,-66.83318169,0.002571059,338.5,121169.0955,0.106512605
SF11044,Telangana,Warangal,Chilli,Rabi,14.77,80,26.9,66,8.2,7.37,24.9,128.3,74.2,85.5,Sprinkler,187.4,5.83,0.98,1.42,20.97,101778,1122583,2134285,1011702,8858,2.367,40.1,1.42,47.40238534,0.002367352,288,53532.80877,0.145386534
SF11045,Tamil Nadu,Erode,Pulses,Kharif,4.3,823,29.9,58.7,7,7.46,24.9,86,77.9,86.3,Flood,153.6,4.67,0.87,0.65,2.8,74864,309715,209619,-100096,1836,1.525,53.2,0.65,-47.75139658,0.001525054,250.2,110612.5,0.087781955
SF11046,Madhya Pradesh,Indore,Pulses,Rabi,6.46,443.9,23.1,64.1,7.3,7.3,24.6,142.1,54.2,120.2,Sprinkler,86,8.43,0.65,0.9,5.81,55949,411731,325064,-86667,2119,2.742,36.5,0.9,-26.66151896,0.002741859,316.5,70865.92083,0.230958904
SF11047,Gujarat,Rajkot,Pulses,Zaid,2.6,253.7,27.9,58.4,8.5,6.22,21.3,92.1,57.4,83.1,Sprinkler,163.4,3.49,0.82,0.82,2.13,68754,175314,146446,-28868,964,2.21,42.1,0.82,-19.71238545,0.002209544,232.6,82307.04225,0.082897862
SF11048,Karnataka,Raichur,Rice,Kharif,1.33,857.9,27.7,62.2,7.2,6.72,38.8,55.6,50.1,96.2,Rainfed,92.8,4.18,0.93,3.76,5,26665,62938,133325,70387,1075,4.651,51,3.76,52.7935496,0.004651163,201.9,12587.6,0.081960784
SF11049,Punjab,Ludhiana,Cotton,Kharif,10.01,768.3,31.7,65.7,6.7,5.85,32.8,79.3,61.2,66.6,Drip,297.6,6.12,0.71,0.68,6.81,73363,814037,499602,-314435,7780,0.875,52.1,0.68,-62.93709793,0.000875321,207.1,119535.536,0.117466411
SF11050,Maharashtra,Nashik,Cotton,Rabi,2.6,487.8,25.5,47.6,7.2,6.09,24.3,106,25.9,86.4,Drip,40,8.39,0.96,1.12,2.91,74988,162720,218215,55495,1431,2.034,27.3,1.12,25.43134065,0.002033543,218.3,55917.52577,0.307326007
SF11051,Gujarat,Rajkot,Rice,Kharif,13.04,1131.6,26.9,86.2,6.5,7.41,35.4,215.7,45.1,112.9,Drip,202.5,3.77,0.68,2.14,27.91,20774,933397,579802,-353595,18127,1.54,51.4,2.14,-60.98547435,0.001539692,373.7,33443.10283,0.073346304
SF11052,Telangana,Nalgonda,Groundnut,Kharif,3.28,793.8,29.4,63.6,7.3,6.81,36.6,150.4,39.3,116.2,Drip,104.8,8.08,0.69,2.31,7.58,54109,237809,410146,172337,1490,5.087,55,2.31,42.01845197,0.005087248,305.9,31373.219,0.146909091
SF11053,Telangana,Nalgonda,Cotton,Rabi,0.67,540.7,25.7,62.3,7.7,7.09,21.4,135.4,49.1,41.2,Rainfed,180.4,5.55,0.78,1.36,0.91,63585,39043,57862,18819,340,2.676,48.3,1.36,32.52393626,0.002676471,225.7,42904.3956,0.114906832
SF11054,Madhya Pradesh,Indore,Groundnut,Rabi,10.58,360.6,23.9,56.7,8,5.75,21.6,74.2,42.5,111,Rainfed,178.9,4.08,0.71,0.49,5.18,58702,551491,304076,-247415,2824,1.834,33.2,0.49,-81.36617161,0.001834278,227.7,106465.444,0.122891566
SF11055,Telangana,Nalgonda,Cotton,Zaid,3.64,538.1,29.4,53.4,8.5,6.96,16.5,83.9,56.2,112.1,Drip,95.5,6.39,0.96,1.73,6.3,65388,146483,411944,265461,2190,2.877,32,1.73,64.44104053,0.002876712,252.2,23251.26984,0.1996875
SF11056,Karnataka,Raichur,Groundnut,Kharif,3.94,897.8,28.7,63.1,6.5,6.44,32.6,134.4,77,124.7,Flood,94.1,5.98,0.96,1.88,7.41,64489,245874,477863,231989,2417,3.066,45.3,1.88,48.54717775,0.003065784,336.1,33181.37652,0.13200883
SF11057,Karnataka,Raichur,Sugarcane,Kharif,10.4,1299.5,32.1,86.8,7.8,6.85,32.8,59.3,62.6,139.4,Rainfed,228.4,5.67,0.72,47.4,492.96,3684,660037,1816065,1156028,10664,46.227,88.9,47.4,63.65565109,0.046226557,261.3,1338.926079,0.063779528
SF11058,Andhra Pradesh,Krishna,Wheat,Kharif,0.94,732.8,26.9,74.7,7.1,6.94,25.6,160.1,70.2,99.5,Rainfed,169.8,5.18,0.79,3.14,2.95,23803,42635,70219,27584,309,9.547,47.5,3.14,39.28281519,0.009546926,329.8,14452.54237,0.109052632
SF11059,Madhya Pradesh,Indore,Sugarcane,Kharif,3.04,1111.1,29.7,54.5,8.2,7.45,37.1,149.7,70.6,101.3,Drip,242.8,4.46,0.87,32.79,99.68,3061,197135,305120,107985,4334,23,48.7,32.79,35.39099371,0.022999539,321.6,1977.678571,0.091581109
SF11060,Tamil Nadu,Erode,Rice,Rabi,12.56,727.8,22.5,65,7.5,6.18,23.7,110.2,52.2,101.1,Sprinkler,230.6,6.9,0.89,3.14,39.44,23271,889584,917808,28224,20531,1.921,47.7,3.14,3.075152973,0.001920998,263.5,22555.37525,0.144654088
SF11061,Gujarat,Rajkot,Cotton,Rabi,6.22,519.4,19,57.3,7.9,6.73,21.3,55.5,62.8,105.5,Drip,230,5.56,0.81,1.58,9.83,69064,448555,678899,230344,4047,2.429,37.4,1.58,33.92905278,0.00242896,223.8,45631.23093,0.148663102
SF11062,Telangana,Nalgonda,Sugarcane,Kharif,8.78,615.5,28.7,54.3,6.4,7.96,36.6,63.6,71.7,74.6,Drip,213.3,6.75,0.67,11.26,98.86,3550,593048,350953,-242095,10608,9.319,32.6,11.26,-68.9821714,0.009319382,209.9,5998.867085,0.207055215
SF11063,Andhra Pradesh,Guntur,Sugarcane,Kharif,10.23,968.2,28.1,94.8,5,6.6,24.7,101.6,71.8,64.3,Rainfed,177.1,3.76,0.72,68.5,700.76,4259,632815,2984537,2351722,10710,65.43,72.7,68.5,78.79687871,0.065430439,237.7,903.0409841,0.051719395
SF11064,Madhya Pradesh,Indore,Rice,Kharif,13.07,1093.1,29.3,93.3,6.6,7.36,30.7,96.1,53.2,115.5,Flood,217.7,4.7,0.66,1.9,24.83,23821,997013,591475,-405538,22284,1.114,64.7,1.9,-68.56384463,0.001114252,264.8,40153.56424,0.072642968
SF11065,Punjab,Ludhiana,Wheat,Kharif,12.78,882.4,27.7,67.7,5.7,6.49,32.9,133.5,36.3,124.7,Drip,81.7,3.53,0.65,3.77,48.18,24954,898875,1202284,303409,6619,7.279,65.2,3.77,25.23605072,0.007279045,294.5,18656.60025,0.054141104
SF11066,Punjab,Ludhiana,Rice,Rabi,6.07,80,25.7,58.1,6.8,6.68,23.2,93.6,59.8,65,Rainfed,245.6,5.43,0.96,2.3,13.96,22971,402266,320675,-81591,4874,2.864,35.7,2.3,-25.44351758,0.002864177,218.4,28815.61605,0.15210084
SF11067,Maharashtra,Nashik,Pulses,Rabi,12.65,403.1,24.6,64.7,7.7,6.64,26,77.1,44.7,116.3,Drip,352.6,1.71,0.84,1.37,17.33,63546,842931,1101252,258321,4699,3.688,53.5,1.37,23.45702891,0.003688019,238.1,48639.98846,0.031962617
SF11068,Gujarat,Rajkot,Sugarcane,Rabi,6.52,348.9,21.9,42.8,6.4,7.12,23.4,159.3,107.3,108.7,Rainfed,229.3,9.34,0.74,45.48,296.53,2916,490823,864681,373858,6558,45.217,24.9,45.48,43.23652306,0.045216529,375.3,1655.222069,0.375100402
SF11069,Telangana,Warangal,Sugarcane,Kharif,7.42,583.1,24.4,83.4,5.7,6.27,23.9,62.6,41.5,99.4,Flood,99.8,6.32,0.87,56.47,419.01,3397,456928,1423377,966449,14010,29.908,49.7,56.47,67.89831506,0.029907923,203.5,1090.49426,0.127162978
SF11070,Karnataka,Raichur,Pulses,Rabi,3.9,380.5,27.7,80,9.5,5.98,22.5,88,25.1,74.5,Sprinkler,182.3,3.43,0.88,0.59,2.3,65729,279401,151177,-128224,1332,1.727,57.1,0.59,-84.81713488,0.001726727,187.6,121478.6957,0.060070053
SF11071,Telangana,Nalgonda,Pulses,Kharif,1.34,1097.6,29.5,62.6,6.8,6.36,39.6,183.8,46.1,91.2,Sprinkler,114,1.52,0.99,1.33,1.78,68587,82226,122085,39859,539,3.302,68.8,1.33,32.64856452,0.003302412,321.1,46194.38202,0.022093023
SF11072,Andhra Pradesh,Guntur,Chilli,Rabi,8.87,83.9,26.8,34,7.9,6.85,25.4,133.6,50.3,158,Drip,292.2,6.61,0.76,2.43,21.55,121953,615755,2628087,2012332,4804,4.486,20.9,2.43,76.57022009,0.004485845,341.9,28573.31787,0.316267943
SF11073,Maharashtra,Nashik,Maize,Rabi,11.28,266.4,24.5,52.3,6.3,7.91,19.1,130.6,63.9,60.5,Rainfed,136.6,6.72,0.86,0.45,5.08,22474,777105,114168,-662937,3735,1.36,36.2,0.45,-580.667963,0.001360107,255,152973.4252,0.185635359
SF11074,Telangana,Warangal,Cotton,Zaid,14.11,142.7,31,48.7,8.9,6.22,13.6,120.5,56.6,69.3,Flood,83.6,4.36,0.87,0.85,11.99,63759,860188,764470,-95718,13111,0.914,42.7,0.85,-12.52083143,0.000914499,246.4,71742.11843,0.102107728
SF11075,Tamil Nadu,Erode,Rice,Kharif,7.18,854.2,25.9,88,6.4,6.67,34.2,146.8,66.1,132.1,Sprinkler,194.4,7.21,0.86,4.98,35.76,20009,512697,715522,202825,11654,3.068,55.1,4.98,28.34643799,0.003068474,345,14337.16443,0.130852995
SF11076,Telangana,Warangal,Sugarcane,Kharif,6.11,780.2,29.9,77.2,6.1,6.91,22.1,109.5,69.9,66.9,Rainfed,122.5,8.48,0.79,69.39,423.97,3211,420473,1361368,940895,7437,57.008,56.8,69.39,69.11393539,0.057008202,246.3,991.7517749,0.149295775
SF11077,Tamil Nadu,Erode,Cotton,Kharif,6.09,1209.9,29.2,68.5,5.7,7.29,34.6,170.9,96,93.5,Sprinkler,206.1,1.88,0.73,1.13,6.88,70217,402164,483093,80929,4560,1.509,59.7,1.13,16.75226095,0.001508772,360.4,58454.06977,0.031490787
SF11078,Punjab,Ludhiana,Cotton,Rabi,8.69,362.7,23,52.3,9.1,6.45,24.9,108.3,54.4,147.2,Flood,225.2,6.19,0.7,1.13,9.82,65717,623304,645341,22037,6446,1.523,27.9,1.13,3.414783812,0.001523425,309.9,63472.91242,0.221863799
SF11079,Telangana,Nalgonda,Pulses,Rabi,10.56,611.7,21.3,57.9,9.1,7.68,30.6,111.2,65.4,119.2,Drip,220.3,2.94,0.98,0.37,3.91,65161,654685,254780,-399905,3540,1.105,50.8,0.37,-156.9609074,0.00110452,295.8,167438.6189,0.057874016
SF11080,Karnataka,Raichur,Cotton,Rabi,11.6,562.2,21.9,78,8.2,6.88,25.2,124.3,52.7,91.9,Flood,40,2.76,0.85,1.75,20.3,69335,681034,1407500,726466,12546,1.618,57.9,1.75,51.6139254,0.001618046,268.9,33548.47291,0.047668394
SF11081,Telangana,Warangal,Pulses,Kharif,7.63,918.1,31.2,72.3,7.1,6.33,34.8,168.2,35.4,106.7,Flood,103.9,5.17,0.85,1.05,8.01,69691,456646,558225,101579,3476,2.304,66.6,1.05,18.19678445,0.002304373,310.3,57009.48814,0.077627628
SF11082,Andhra Pradesh,Guntur,Rice,Kharif,2.43,864.1,32.5,55.5,6.6,7.36,33.1,113.2,76.1,143.3,Flood,153,5.68,0.66,2.07,5.03,20908,172081,105167,-66914,5025,1.001,49,2.07,-63.62642274,0.001000995,332.6,34210.93439,0.115918367
SF11083,Andhra Pradesh,Krishna,Chilli,Rabi,4.61,392.6,25.4,59.9,6.4,7.22,21.2,54.3,53.5,128.9,Rainfed,238,8.27,0.85,1.24,5.72,101144,343072,578544,235472,1636,3.496,30.2,1.24,40.70079372,0.003496333,236.7,59977.62238,0.27384106
SF11084,Andhra Pradesh,Krishna,Rice,Kharif,14.47,1181.2,28.6,79.5,7.4,7.52,35.8,125,93.7,147.6,Flood,204.5,5.89,0.71,1.4,20.26,20305,1005633,411379,-594254,22294,0.909,61.8,1.4,-144.4541408,0.000908765,366.3,49636.3771,0.095307443
SF11085,Tamil Nadu,Erode,Chilli,Kharif,5.67,1171.1,33.6,65.4,6.4,7.8,24.3,106.8,26.9,151.9,Sprinkler,196.4,7.05,0.98,0.37,2.1,116661,321376,244988,-76388,3233,0.65,60.5,0.37,-31.18030271,0.000649552,285.6,153036.1905,0.116528926
SF11086,Telangana,Warangal,Cotton,Rabi,12.22,99.1,26.3,63.9,6.5,6.23,20.3,154,50.4,90.4,Drip,180.5,5.88,0.75,1.2,14.66,59780,816272,876375,60103,7636,1.92,34.4,1.2,6.858137213,0.001919853,294.8,55680.21828,0.170930233
SF11087,Tamil Nadu,Erode,Rice,Rabi,10.34,367.1,19.6,43.7,6.4,6.33,30.5,137.9,74.6,118.3,Drip,145.2,6.05,0.86,2.81,29.06,20151,724665,585588,-139077,12856,2.26,32.7,2.81,-23.74997438,0.002260423,330.8,24936.85478,0.185015291
SF11088,Andhra Pradesh,Guntur,Rice,Rabi,4.18,250.7,21.3,61.7,7.5,6.95,19.6,123.9,54.2,122.2,Flood,192.3,2.26,0.83,2.18,9.11,26102,261102,237789,-23313,9115,0.999,50.6,2.18,-9.804069995,0.000999451,300.3,28661.03183,0.044664032
SF11089,Gujarat,Rajkot,Cotton,Kharif,0.61,905.1,31,83.1,7.1,6.3,30.1,165,50.4,113.2,Drip,220.7,3.91,0.69,1.94,1.18,61002,40825,71982,31157,440,2.682,55,1.94,43.28443222,0.002681818,328.6,34597.45763,0.071090909
SF11090,Punjab,Ludhiana,Sugarcane,Rabi,7.05,195.2,26.6,62.7,8.4,6.54,28.5,74.6,15,135.9,Sprinkler,193.9,4.13,0.99,44.19,311.54,3357,556453,1045840,489387,10925,28.516,45.6,44.19,46.79367781,0.028516247,225.5,1786.136612,0.090570175
SF11091,Madhya Pradesh,Indore,Maize,Rabi,13.28,359.9,25.6,60,6.9,7.31,28.5,139.5,67.1,119.1,Flood,193.7,6.23,0.78,1.83,24.3,20595,837053,500458,-336595,12055,2.016,33.8,1.83,-67.25739223,0.002015761,325.7,34446.62551,0.184319527
SF11092,Punjab,Ludhiana,Chilli,Rabi,12.31,471.1,24.3,57.3,6.5,6.36,30.2,141.4,64.1,102.1,Flood,180.2,3.55,0.65,1.7,20.93,120569,856215,2523509,1667294,8330,2.513,42.2,1.7,66.07045982,0.002512605,307.6,40908.50454,0.084123223
SF11093,Madhya Pradesh,Indore,Sugarcane,Rabi,12.79,317.2,19.2,64.6,7.9,7.28,29.2,129.6,56.4,91.7,Flood,181.6,6.69,0.82,32.24,412.35,3098,997501,1277460,279959,29011,14.214,46.7,32.24,21.91528502,0.014213574,277.7,2419.063902,0.143254818
SF11094,Gujarat,Rajkot,Wheat,Rabi,10.03,586.4,22.9,68.3,8.6,7.23,24.9,135.6,45.4,30,Flood,256,1.16,0.81,2.37,23.77,25127,676529,597269,-79260,5620,4.23,70.4,2.37,-13.27040245,0.004229537,211,28461.46403,0.016477273
SF11095,Tamil Nadu,Erode,Pulses,Rabi,7.58,417.9,21,62.7,7.9,6.2,21.4,150.7,81.9,132.5,Flood,175.7,8.76,0.91,1,7.58,85664,564198,649333,85135,3514,2.157,14.7,1,13.11114636,0.002157086,365.1,74432.45383,0.595918367
SF11096,Gujarat,Rajkot,Cotton,Kharif,6.44,976.7,26.5,79,6.8,7.05,30.7,117.6,62.8,139.2,Drip,288.1,4.18,0.79,2.19,14.1,65263,491558,920208,428650,4483,3.145,62.5,2.19,46.58185975,0.003145215,319.6,34862.2695,0.06688
SF11097,Maharashtra,Nashik,Cotton,Rabi,14.36,215.8,25.7,57.3,9.1,6.4,18.6,117.6,43.6,110.2,Flood,132.8,7.37,0.98,1.4,20.1,73046,995381,1468225,472844,12946,1.553,35.8,1.4,32.20514567,0.001552603,271.4,49521.44279,0.205865922
SF11098,Andhra Pradesh,Krishna,Groundnut,Kharif,3.19,943.3,33,69.8,7.4,6.43,29.4,74.8,56.9,109.1,Sprinkler,253.3,8.36,0.87,1.37,4.37,69542,222519,303899,81380,1487,2.939,37,1.37,26.77863369,0.002938803,240.8,50919.67963,0.225945946
SF11099,Punjab,Ludhiana,Groundnut,Kharif,14.19,986.9,31.2,51.5,7.2,6.53,28.6,134.5,77.5,126.7,Flood,256.3,5.54,0.75,1.76,24.97,54512,1076788,1361165,284377,9288,2.688,43,1.76,20.89217692,0.002688415,338.7,43123.26792,0.128837209
SF11100,Andhra Pradesh,Krishna,Maize,Rabi,5.09,537.7,26.5,44.3,6.6,6.35,25.1,149.6,52,122.5,Rainfed,283.3,4.62,0.96,3.55,18.07,22625,404781,408834,4053,1821,9.923,43.8,3.55,0.991355905,0.009923119,324.1,22400.71942,0.105479452
SF11101,Maharashtra,Nashik,Maize,Kharif,14.79,980.5,29.5,59,7,6.83,22.6,120.2,67.2,94.1,Drip,220.3,2.49,0.73,4.7,69.51,19245,867065,1337720,470655,7889,8.811,56.2,4.7,35.18337171,0.008811003,281.5,12473.96058,0.04430605
SF11102,Maharashtra,Nashik,Wheat,Rabi,9.5,859.7,21.4,66.9,7.7,5.63,20.4,100.3,52.4,126.8,Flood,108.8,3.99,0.83,0.75,7.12,25273,615830,179944,-435886,6805,1.046,53.6,0.75,-242.2342507,0.001046289,279.5,86492.97753,0.074440299
SF11103,Andhra Pradesh,Krishna,Wheat,Zaid,2.63,80,26.7,26.7,7.3,6.14,12.1,81.6,72.1,109.3,Rainfed,184.8,5.91,0.67,1.22,3.21,23973,180919,76953,-103966,825,3.891,21.2,1.22,-135.1032448,0.003890909,263,56361.05919,0.278773585
SF11104,Andhra Pradesh,Krishna,Chilli,Rabi,3.75,362.8,25.5,47.2,6.2,5.59,17.3,145.3,52.9,135.1,Flood,213.7,3.44,0.66,0.42,1.58,94778,198424,149749,-48675,3357,0.471,35.7,0.42,-32.50439068,0.000470658,333.3,125584.8101,0.096358543
SF11105,Andhra Pradesh,Krishna,Rice,Kharif,5.32,699.8,33.8,68.9,7.4,6.75,27.2,130.5,104.7,140.1,Flood,336.8,5.05,0.97,4.56,24.26,20121,442360,488135,45775,9206,2.635,57.1,4.56,9.377528757,0.002635238,375.3,18234.13026,0.088441331
SF11106,Tamil Nadu,Erode,Cotton,Rabi,13.23,479.9,24.3,56.3,8.8,5.69,17.9,162.6,60.9,113,Drip,291.4,4.92,0.94,0.54,7.14,56683,1065611,404717,-660894,8697,0.821,48.5,0.54,-163.2978106,0.000820973,336.5,149245.2381,0.101443299
SF11107,Andhra Pradesh,Krishna,Maize,Kharif,8.71,783.9,27.8,72.9,7.7,5.94,39.3,166.9,71.9,170,Sprinkler,207.2,2.83,0.92,3.25,28.31,21374,598488,605098,6610,4968,5.698,57.7,3.25,1.092385035,0.00569847,408.8,21140.51572,0.049046794
SF11108,Tamil Nadu,Erode,Sugarcane,Kharif,11.79,926.4,28.3,56.4,6.4,7.33,33.5,114.9,54.1,97.8,Flood,200.1,0.5,0.92,47.41,558.96,3250,731958,1816620,1084662,26126,21.395,63.4,47.41,59.70769891,0.021394779,266.8,1309.499785,0.007886435
SF11109,Telangana,Warangal,Wheat,Rabi,9.46,435.3,23.3,54.3,7.1,7.57,28.6,111,22.2,109.9,Drip,221.9,1.09,0.99,0.95,8.99,22934,684633,206177,-478456,4458,2.017,59.1,0.95,-232.0608021,0.002016599,243.1,76154.94994,0.018443316
SF11110,Telangana,Nalgonda,Sugarcane,Rabi,2.03,350.6,21.7,69.5,8.2,6.8,22.2,65.6,65.3,115,Flood,252.5,7.96,0.97,45.21,91.78,3316,154906,304342,149436,4984,18.415,20.1,45.21,49.10133994,0.018414928,245.9,1687.796906,0.3960199
SF11111,Madhya Pradesh,Indore,Chilli,Rabi,9.36,210.8,22,60.3,8.6,6.5,23.6,117.2,70.7,109.8,Rainfed,137.9,1.82,0.7,1.69,15.82,115031,542991,1819790,1276799,3152,5.019,52.1,1.69,70.16188681,0.005019036,297.7,34323.07206,0.034932821
SF11112,Telangana,Warangal,Pulses,Rabi,5.91,739.7,23.6,50.5,7.7,6.45,20.5,167.7,58.7,48.8,Flood,242.2,3.38,0.84,1.26,7.45,75650,463972,563592,99620,3341,2.23,63.4,1.26,17.67590739,0.002229871,275.2,62278.12081,0.053312303
SF11113,Madhya Pradesh,Indore,Groundnut,Zaid,4.84,444.1,30.8,57.2,9.8,7.01,17.2,125.9,57.7,89.3,Drip,171.4,3.01,0.96,1.62,7.84,49204,322694,385759,63065,2094,3.744,44.1,1.62,16.34828999,0.003744031,272.9,41159.94898,0.068253968
SF11114,Gujarat,Rajkot,Groundnut,Kharif,9.87,964,25.5,64.1,5.7,5.97,35.2,138.1,43.4,92,Rainfed,243.3,6.13,0.94,0.84,8.29,58347,763002,483697,-279305,2500,3.316,36.4,0.84,-57.74379415,0.003316,273.5,92038.84198,0.168406593
SF11115,Andhra Pradesh,Krishna,Rice,Kharif,3.24,894.5,26.8,72.6,5.5,7.56,26.3,109.1,42.3,137.7,Rainfed,57.5,8.79,0.92,1.54,4.99,23138,180145,115459,-64686,2734,1.825,48.7,1.54,-56.0250825,0.001825165,289.1,36101.2024,0.180492813
SF11116,Gujarat,Rajkot,Rice,Zaid,11.3,174.4,33.6,52.1,9.4,7.58,19.5,116.2,33.9,90.8,Flood,101,4.03,0.88,0.88,9.94,21552,680348,214227,-466121,19359,0.513,38.1,0.88,-217.582751,0.000513456,240.9,68445.47284,0.105774278
SF11117,Madhya Pradesh,Indore,Cotton,Kharif,12.46,592.2,28.6,80.3,7.5,6.16,45.5,125.2,55.4,93.2,Drip,141.8,7.99,0.69,1.93,24.05,68174,749236,1639585,890349,7828,3.072,36.7,1.93,54.30331456,0.003072305,273.8,31153.26403,0.217711172
SF11118,Andhra Pradesh,Krishna,Pulses,Zaid,11.56,194.2,32.9,49.4,9.1,8.2,24.1,157.8,59.8,92.8,Flood,267.7,3.8,0.74,0.3,3.47,64129,691146,222528,-468618,4980,0.697,38.4,0.3,-210.5883305,0.000696787,310.4,199177.5216,0.098958333
SF11119,Telangana,Warangal,Chilli,Kharif,14.93,715.2,30.7,49.6,7.4,6.42,30.6,132.5,38.1,77.6,Drip,264.1,5.82,0.77,2.74,40.91,92226,1109069,3772966,2663897,8362,4.892,45.7,2.74,70.6048504,0.00489237,248.2,27109.97311,0.127352298
SF11120,Tamil Nadu,Erode,Cotton,Kharif,14.7,1264.4,30,51.2,7.6,5.9,26.9,117.3,74.3,97.5,Flood,140.1,6.32,0.93,0.6,8.82,78921,1100207,696083,-404124,17513,0.504,54.8,0.6,-58.05686965,0.000503626,289.1,124740.0227,0.115328467
SF11121,Tamil Nadu,Erode,Rice,Kharif,11.41,788.7,27,72.6,6,6.81,24.9,142,56.3,30,Rainfed,259.9,3.65,0.82,3.79,43.24,20690,644166,894636,250470,8300,5.21,63.1,3.79,27.99686129,0.005209639,228.3,14897.45606,0.057844691
SF11122,Tamil Nadu,Erode,Cotton,Rabi,0.51,336.5,22.8,59.9,6.1,6.4,21.1,121.6,63.8,140.5,Rainfed,171.1,6.4,0.87,1.09,0.56,70858,31404,39680,8276,191,2.932,41.9,1.09,20.85685484,0.002931937,325.9,56078.57143,0.15274463
SF11123,Telangana,Warangal,Rice,Kharif,14.61,922.5,29.7,81.8,6.2,6.84,30.6,175.7,62.4,105.7,Rainfed,205,1.67,0.92,3.33,48.65,19239,989789,935977,-53812,11593,4.196,74.6,3.33,-5.749286574,0.004196498,343.8,20345.09764,0.022386059
SF11124,Maharashtra,Nashik,Cotton,Zaid,1.52,354.5,30.4,50.6,7.4,6.97,19.9,167.9,57.5,115.9,Flood,208.3,6.95,0.81,1.36,2.07,58305,112113,120691,8578,1420,1.458,40.7,1.36,7.107406517,0.001457746,341.3,54160.86957,0.170761671
SF11125,Telangana,Nalgonda,Wheat,Rabi,11.75,80,23.5,46.4,8.2,6.58,25.6,187.5,62.9,115.5,Drip,93.2,8.76,0.9,2.74,32.2,23139,613747,745076,131329,5457,5.901,13.1,2.74,17.62625558,0.005900678,365.9,19060.46584,0.66870229
SF11126,Madhya Pradesh,Indore,Pulses,Zaid,0.92,80,30.3,44.4,7.5,5.94,16.1,62.7,43.5,152.9,Drip,103.4,3.08,0.72,0.47,0.43,66485,48736,28589,-20147,270,1.593,34.2,0.47,-70.47116024,0.001592593,259.1,113339.5349,0.09005848
SF11127,Telangana,Warangal,Wheat,Kharif,6.14,774.8,32.7,86.2,3.5,6.04,31.1,119,49.7,74.4,Sprinkler,216.6,5.7,0.84,1.82,11.17,21442,482354,239507,-242847,3081,3.625,73.7,1.82,-101.3945313,0.003625446,243.1,43182.99015,0.07734057
SF11128,Gujarat,Rajkot,Cotton,Kharif,14.7,840.1,30.5,69.2,7,7.41,32.6,181,77.4,100,Flood,161,6.9,0.84,1.2,17.64,66767,1059972,1177770,117798,14495,1.217,56.2,1.2,10.00178303,0.001216971,358.4,60089.11565,0.122775801
SF11129,Andhra Pradesh,Guntur,Chilli,Kharif,10.03,611.5,25.4,80.7,6.8,6.54,36.6,144.8,67,118.8,Rainfed,194.9,1.54,0.81,2.46,24.67,113106,651771,2790325,2138554,3125,7.894,63.3,2.46,76.6417532,0.0078944,330.6,26419.57844,0.024328594
SF11130,Madhya Pradesh,Indore,Groundnut,Rabi,13.61,409.4,23.7,61.1,7.4,7.14,16,129.4,46.4,106,Rainfed,176.7,6.91,0.75,1.29,17.56,54579,778569,958407,179838,3858,4.552,40.4,1.29,18.76426195,0.004551581,281.8,44337.64237,0.171039604
SF11131,Andhra Pradesh,Guntur,Groundnut,Rabi,4.17,651.5,24,63.1,5.6,6.15,34.2,62,16.7,124.1,Drip,240.1,8.27,0.77,1.67,6.96,60227,315258,419180,103922,1855,3.752,46.4,1.67,24.79173625,0.003752022,202.8,45295.68966,0.178232759
SF11132,Telangana,Nalgonda,Sugarcane,Rabi,3.2,476.5,23.3,72.7,7.9,5.75,21.8,86.4,54.7,118.7,Sprinkler,184.8,5.49,0.78,17.68,56.58,3446,229831,194975,-34856,4936,11.463,47.1,17.68,-17.87716374,0.011462723,259.8,4062.053729,0.11656051
SF11133,Tamil Nadu,Erode,Chilli,Rabi,11.47,204.1,22.3,31.8,9.2,6.66,21.4,169.9,59.7,72.3,Rainfed,147,7.44,0.92,1.5,17.21,112177,781060,1930566,1149506,3796,4.534,13.6,1.5,59.54243471,0.00453372,301.9,45384.07902,0.547058824
SF11134,Karnataka,Raichur,Cotton,Kharif,10.89,853.7,32.7,68,7.9,7.14,33.1,89.3,43.2,70.7,Flood,166.9,6.36,0.83,1.419651056,15.46,68953,665642,1066013,400371,10950,1.412,47.4,1.419651056,37.55779714,0.001411872,203.2,43055.75679,0.134177215
SF11135,Andhra Pradesh,Krishna,Chilli,Kharif,3.15,669.6,27.1,82.2,7.5,7.53,38.4,118,77.1,133.1,Flood,82,4.26,0.84,1.42,4.47,117238,189823,524054,334231,2531,1.766,64.7,1.42,63.77796945,0.0017661,328.2,42465.99553,0.065842349
SF11136,Telangana,Nalgonda,Groundnut,Rabi,0.63,303,23,51.2,7.3,5.46,20,139.1,27.7,57.6,Flood,97.7,1.4,0.71,0.3,0.19,52323,32203,9941,-22262,443,0.429,45.1,0.3,-223.9412534,0.000428894,224.4,169489.4737,0.031042129
SF11137,Madhya Pradesh,Indore,Wheat,Kharif,14.48,961.5,28.4,66.3,7.5,7.49,28.4,137.9,40.8,151.8,Flood,191.3,0.5,0.81,1.45,21,18032,964436,378672,-585764,11566,1.816,74.2,1.45,-154.6890185,0.001815667,330.5,45925.52381,0.006738544
SF11138,Telangana,Warangal,Wheat,Kharif,0.73,881.1,26,73.9,4.8,5.86,17.4,100.3,85.1,72.2,Drip,158.5,7.3,0.77,1.69,1.23,22784,52521,28024,-24497,327,3.761,51.4,1.69,-87.41435912,0.003761468,257.6,42700,0.142023346
SF11139,Telangana,Nalgonda,Pulses,Rabi,4.26,300.6,24.1,51.4,6.8,6.34,33.1,161.9,51.7,86.4,Rainfed,78.9,7.28,0.91,1.06,4.52,66174,250535,299106,48571,859,5.262,31.1,1.06,16.23872473,0.005261932,300,55428.09735,0.234083601
SF11140,Punjab,Ludhiana,Pulses,Zaid,8.82,280.6,30.8,51.2,7.2,7.9,23.9,113.1,32,34.4,Flood,178.2,9.17,0.73,0.3,2.65,57687,684281,152871,-531410,4185,0.633,19.7,0.3,-347.6198887,0.000633214,179.5,258219.2453,0.465482234
SF11141,Telangana,Warangal,Rice,Rabi,1.9,674.4,21.1,58.9,6.8,6.97,25.4,104,54.5,89.9,Flood,93,4.51,0.72,2.72,5.17,23883,114801,123475,8674,3582,1.443,49.8,2.72,7.024903827,0.001443328,248.4,22205.22244,0.090562249
SF11142,Telangana,Nalgonda,Rice,Kharif,14.72,642.3,26,77,8.2,6.82,31.9,132.5,74.9,119.6,Drip,125.7,2.05,0.88,4.97,73.16,22740,816279,1663658,847379,19893,3.678,65.7,4.97,50.9346873,0.003677676,327,11157.44943,0.031202435
SF11143,Karnataka,Raichur,Rice,Kharif,12.18,1039.8,28.6,58.6,5.6,6.79,28.9,87.7,74.7,141.8,Rainfed,298,2.59,0.85,3.62,44.09,18530,892676,816988,-75688,10413,4.234,57.7,3.62,-9.264273159,0.00423413,304.2,20246.67725,0.044887348
SF11144,Telangana,Warangal,Sugarcane,Zaid,5.46,344.5,28,52.3,8.5,6.11,19.7,150.9,46.5,99.9,Sprinkler,155.4,2.23,0.82,44.55,243.24,3555,308091,864718,556627,10904,22.307,42.5,44.55,64.37092786,0.02230741,297.3,1266.613222,0.052470588
SF11145,Andhra Pradesh,Guntur,Groundnut,Kharif,1.84,599.5,30.7,81.8,8.5,7.32,28.7,101.3,47.4,99.9,Sprinkler,174.6,3.89,0.8,1.44,2.65,60032,128937,159085,30148,945,2.804,67.9,1.44,18.95087532,0.002804233,248.6,48655.4717,0.057290133
SF11146,Andhra Pradesh,Guntur,Wheat,Kharif,10.89,819.7,29.8,84.5,6,6.42,32.9,117.3,44.9,77.2,Sprinkler,142,4.13,0.7,3.92,42.69,21627,677279,923257,245978,5294,8.064,67.7,3.92,26.64241917,0.008063846,239.4,15865.05036,0.061004431
SF11147,Telangana,Nalgonda,Groundnut,Zaid,1.87,376.1,29.5,48.3,7.6,6.59,21.3,181.8,50.7,133.5,Rainfed,223.7,2.9,0.91,1.57,2.94,53573,138892,157505,18613,485,6.062,45.5,1.57,11.81740262,0.006061856,366,47242.17687,0.063736264
SF11148,Karnataka,Raichur,Groundnut,Kharif,3.42,315.3,24.8,52.7,6.9,7.45,34.5,53.2,85.8,94.6,Drip,218.5,4.08,0.77,0.97,3.32,62252,237164,206677,-30487,1482,2.24,50.4,0.97,-14.75103664,0.002240216,233.6,71434.93976,0.080952381
SF11149,Karnataka,Raichur,Rice,Kharif,13.18,796,24.9,69.4,7.7,7.22,29.5,92.7,69.5,103.1,Rainfed,212,2.89,0.85,2.32,30.58,22270,919872,681017,-238855,10997,2.781,56,2.32,-35.07328011,0.002780758,265.3,30080.83715,0.051607143
SF11150,Karnataka,Raichur,Chilli,Kharif,1.01,562.9,29.3,61.6,7.4,6.45,18.8,151.9,64.9,93.5,Flood,195.7,6.29,0.84,2.38,2.4,83800,61054,201120,140066,705,3.404,39.5,2.38,69.6429992,0.003404255,310.3,25439.16667,0.159240506
SF11151,Gujarat,Rajkot,Groundnut,Kharif,3.69,965.8,28.4,66.3,6.9,7.95,29.1,95.8,32.7,127.7,Sprinkler,194.9,7.66,0.77,0.3,1.11,47574,247887,52807,-195080,1715,0.647,48,0.3,-369.4207207,0.00064723,256.2,223321.6216,0.159583333
SF11152,Andhra Pradesh,Krishna,Maize,Kharif,5.56,750,26.8,72.2,5.4,6.17,23.5,169.2,69.2,130.5,Sprinkler,241.4,4.46,0.9,3.71,20.63,22125,426882,456439,29557,2569,8.03,60.8,3.71,6.475564095,0.008030362,368.9,20692.29278,0.073355263
SF11153,Madhya Pradesh,Indore,Pulses,Rabi,14.76,847.7,24.2,64.9,6.9,5.42,26.4,126.7,46.5,80.2,Rainfed,149.3,1.64,0.98,0.3,4.43,68547,914017,303663,-610354,3265,1.357,54.6,0.3,-200.997158,0.001356815,253.4,206324.3792,0.03003663
SF11154,Andhra Pradesh,Guntur,Chilli,Rabi,3.74,504.1,26,64.7,8.2,6.84,29.4,56.1,45.2,139.6,Drip,186.4,8.15,0.88,2.43,9.09,97746,252667,888511,635844,2331,3.9,37.5,2.43,71.56287317,0.003899614,240.9,27796.14961,0.217333333
SF11155,Madhya Pradesh,Indore,Wheat,Rabi,4.98,678.5,20.5,45,6.1,6.72,28.7,96.3,53.4,92.1,Rainfed,216.7,4.12,0.71,2.82,14.04,28848,366741,405026,38285,1354,10.369,45.5,2.82,9.452479594,0.010369276,241.8,26121.15385,0.090549451
SF11156,Telangana,Warangal,Maize,Kharif,2.02,846.3,26.9,66.8,7.2,7.52,36.2,105.2,61.3,70.1,Rainfed,70.8,3.71,0.72,1.67,3.37,22514,122429,75872,-46557,630,5.349,49.3,1.67,-61.36255799,0.005349206,236.6,36329.08012,0.07525355
SF11157,Andhra Pradesh,Krishna,Groundnut,Rabi,13.21,85.7,25.5,65.3,8.5,6.95,29,129.7,35.7,87.8,Drip,40,9.27,0.74,1.48,19.55,57951,789760,1132942,343182,4532,4.314,15.4,1.48,30.29122409,0.004313769,253.2,40396.93095,0.601948052
SF11158,Telangana,Warangal,Pulses,Kharif,5.59,531.2,28.3,73.1,5.3,6.07,32.1,95.1,58.7,90,Rainfed,252.9,3.55,0.75,0.78,4.36,85547,362005,372985,10980,1035,4.213,62.2,0.78,2.943818116,0.00421256,243.8,83028.66972,0.057073955
SF11159,Telangana,Warangal,Maize,Zaid,2.12,452.9,37.1,54.6,7.6,6.75,16.7,155,81.7,145.6,Sprinkler,180.2,8.09,0.71,3.09,6.55,23254,145735,152314,6579,1199,5.463,40.3,3.09,4.319366572,0.005462886,382.3,22249.61832,0.200744417
SF11160,Tamil Nadu,Erode,Maize,Kharif,3.39,938.7,26.2,87.6,7.9,7.08,29.2,166.6,43.7,138.7,Flood,207,5.67,0.9,4.27,14.48,20469,248148,296391,48243,2504,5.783,68.5,4.27,16.27681002,0.005782748,349,17137.29282,0.082773723
SF11161,Telangana,Nalgonda,Wheat,Zaid,8.26,490.3,33.7,46.7,9.8,7.53,15.4,78.6,77.9,150.2,Sprinkler,213.2,1.21,0.73,1.1,9.09,27736,589875,252120,-337755,4541,2.002,58.5,1.1,-133.9659686,0.002001762,306.7,64892.73927,0.020683761
SF11162,Tamil Nadu,Erode,Maize,Kharif,12.28,962.7,29.9,76.3,5.9,7.8,36.5,110.9,96.3,82.2,Flood,121,4.42,0.81,0.88,10.81,21646,710922,233993,-476929,8547,1.265,67.9,0.88,-203.8219092,0.001264771,289.4,65765.21739,0.065095729
SF11163,Karnataka,Raichur,Wheat,Rabi,13.72,638.1,26.5,62.7,7.3,7.19,31.9,104.9,64.7,56,Drip,161.7,1.73,1,2.84,38.96,22282,746137,868107,121970,7366,5.289,53.9,2.84,14.05011133,0.005289166,225.6,19151.36037,0.032096475
SF11164,Andhra Pradesh,Guntur,Rice,Rabi,5.29,542.8,25.5,60.3,7.5,6.53,24.8,118.5,73.7,72.8,Rainfed,178.7,1.84,0.81,3.6,19.04,17369,232433,330706,98273,4052,4.699,53.1,3.6,29.71612248,0.004698914,265,12207.61555,0.034651601
SF11165,Maharashtra,Nashik,Groundnut,Rabi,0.99,277.1,23.8,60.7,8.1,5.68,28,60.6,42.6,133.7,Rainfed,236.3,3.32,0.92,0.41,0.41,57320,61543,23501,-38042,268,1.53,53.8,0.41,-161.8739628,0.001529851,236.9,150104.878,0.061710037
SF11166,Telangana,Nalgonda,Cotton,Rabi,4.24,702.8,23.7,55.1,8.1,6.07,27.4,165.8,39,118.6,Sprinkler,164.4,5.47,0.65,1.45,6.15,66851,295357,411134,115777,2937,2.094,43.7,1.45,28.16040512,0.002093973,323.4,48025.52846,0.125171625
SF11167,Telangana,Warangal,Maize,Rabi,7.16,547.1,25.7,60.6,7.5,7.6,24.2,101.9,39.9,137.4,Rainfed,163.5,4.96,0.83,1.51,10.81,18944,381258,204785,-176473,1989,5.435,33.9,1.51,-86.17476866,0.005434892,279.2,35269.01018,0.146312684
SF11168,Madhya Pradesh,Indore,Cotton,Kharif,8.69,1062.9,26.9,78.2,5.9,7.39,29.7,159.5,66.5,72.3,Rainfed,212.7,4.57,0.66,0.89,7.73,63453,637725,490492,-147233,3929,1.967,61.7,0.89,-30.01741109,0.001967422,298.3,82500,0.074068071
SF11169,Madhya Pradesh,Indore,Maize,Kharif,9.19,501.7,30.6,77.3,6.1,5.84,26.4,122,62.9,82.7,Flood,219.2,6.05,0.93,1.58,14.52,24139,708960,350498,-358462,6118,2.373,44.4,1.58,-102.2721956,0.002373325,267.6,48826.44628,0.136261261
SF11170,Tamil Nadu,Erode,Pulses,Kharif,12.03,789.5,28.3,72.3,6.4,6.83,33.6,120.7,28.4,113.3,Flood,187.6,5.85,1,1.57,18.89,61727,809336,1166023,356687,5270,3.584,45.9,1.57,30.5900484,0.00358444,262.4,42844.67972,0.12745098
SF11171,Telangana,Nalgonda,Pulses,Rabi,9.41,286.1,24.1,65.1,7.3,7.4,18.3,71.3,44.9,147.7,Drip,65.8,4,0.9,0.69,6.49,75749,601596,491611,-109985,3357,1.933,40.7,0.69,-22.37236352,0.001933274,263.9,92695.83975,0.098280098
SF11172,Telangana,Nalgonda,Pulses,Rabi,4.74,216,25.2,34.4,9.8,6.73,32.6,92.3,80.5,73.8,Flood,194.9,9.36,0.68,1.01,4.79,71525,353077,342605,-10472,2677,1.789,12.9,1.01,-3.056581194,0.001789316,246.6,73711.27349,0.725581395
SF11173,Andhra Pradesh,Krishna,Maize,Rabi,3.05,241,28,58.1,6.8,6.8,13,67.2,56.8,91.2,Drip,86.9,7.57,0.83,3.43,10.46,19631,198958,205340,6382,1326,7.888,38.1,3.43,3.108015974,0.007888386,215.2,19020.8413,0.198687664
SF11174,Tamil Nadu,Erode,Maize,Rabi,14.78,111.3,26.1,58.4,8.5,6.71,31.2,137,42.5,127.7,Rainfed,281.2,10.3,0.95,2.28,33.7,20291,1122550,683807,-438743,3722,9.054,24.5,2.28,-64.16181759,0.009054272,307.2,33310.08902,0.420408163
SF11175,Andhra Pradesh,Krishna,Wheat,Kharif,7.85,783.7,27.6,71.1,7.3,7.1,28.7,140.1,72.6,129.7,Sprinkler,250,4.08,0.72,3.08,24.18,22125,617349,534982,-82367,3723,6.495,59.9,3.08,-15.39621894,0.006494762,342.4,25531.38958,0.068113523
SF11176,Telangana,Warangal,Maize,Rabi,12.1,435.1,23.2,55.6,9.9,5.66,25.6,151.3,69.1,94.3,Drip,167.7,6.46,0.71,1.3,15.73,21357,669991,335946,-334045,5214,3.017,34.3,1.3,-99.43413525,0.003016878,314.7,42593.19771,0.188338192
SF11177,Karnataka,Raichur,Wheat,Rabi,4.19,503.1,27.1,52.1,5.6,7.18,22.6,141.1,60.3,101.9,Sprinkler,121.5,7.14,0.99,2.71,11.35,27010,260110,306564,46454,1940,5.851,35.5,2.71,15.15311648,0.005850515,303.3,22917.18062,0.201126761
SF11178,Tamil Nadu,Erode,Groundnut,Kharif,10.25,727.1,29.2,67.7,7.5,5.44,34.4,70.9,94.5,134,Rainfed,139.2,1.17,0.88,0.31,3.18,59790,545006,190132,-354874,2896,1.098,58.8,0.31,-186.6461195,0.001098066,299.4,171385.5346,0.019897959
SF11179,Telangana,Nalgonda,Sugarcane,Kharif,6.38,941.4,25.2,69.8,5.5,6.75,25.1,170.7,47.7,90.9,Drip,244.9,3.56,0.77,83.79,534.58,3060,435000,1635815,1200815,11086,48.221,54.2,83.79,73.40775088,0.04822118,309.3,813.7229227,0.065682657
SF11180,Tamil Nadu,Erode,Maize,Kharif,7.53,997.8,29.2,71.6,6.5,6.22,28.2,116.8,74.2,65.4,Flood,151.9,3.17,0.71,3.55,26.73,20244,505451,541122,35671,5097,5.244,66.9,3.55,6.592043938,0.005244261,256.4,18909.50243,0.047384155
SF11181,Telangana,Warangal,Cotton,Zaid,1.51,278.3,28.6,71.2,6.3,5.43,17.1,153.5,51.6,113,Flood,56.9,4.43,0.66,0.3,0.45,74844,84856,33680,-51176,1378,0.327,61.4,0.3,-151.9477435,0.00032656,318.1,188568.8889,0.072149837
SF11182,Tamil Nadu,Erode,Rice,Rabi,12.19,715.8,23.5,53.5,7.9,5.76,23.4,111.2,19.2,96.6,Drip,135.6,5.51,0.83,1.34,16.33,21595,997506,352646,-644860,15595,1.047,35,1.34,-182.863268,0.00104713,227,61084.26209,0.157428571
SF11183,Telangana,Warangal,Rice,Rabi,4.39,298.1,27,73.7,8.4,6.73,24.6,163.4,52.2,144,Flood,312.7,1.14,0.9,3.97,17.43,24220,364634,422155,57521,7595,2.295,61.2,3.97,13.62556407,0.002294931,359.6,20919.9082,0.018627451
SF11184,Madhya Pradesh,Indore,Cotton,Zaid,13.09,262.8,31.9,53.8,8.6,6.52,14.8,98.3,62.4,81.5,Drip,239.2,6.83,0.97,1.29,16.89,72596,1107403,1226146,118743,9038,1.869,31,1.29,9.684246411,0.001868776,242.2,65565.60095,0.220322581
SF11185,Madhya Pradesh,Indore,Rice,Zaid,4.97,404.3,35.8,43.3,7.7,7.43,22.9,119.6,37.5,74.8,Rainfed,359.8,3.68,0.93,1.16,5.77,20052,430010,115700,-314310,3239,1.781,41.2,1.16,-271.6594641,0.001781414,231.9,74525.12998,0.089320388
SF11186,Andhra Pradesh,Guntur,Groundnut,Rabi,10.43,663.8,23.4,63.6,7.4,6.16,15.9,95.6,59.5,73.3,Sprinkler,247.8,7.58,0.93,1.37,14.29,67175,832795,959931,127136,4952,2.886,40.4,1.37,13.24428527,0.002885703,228.4,58278.16655,0.187623762
SF11187,Madhya Pradesh,Indore,Maize,Kharif,10.44,742.9,27.4,70.5,6.3,6.27,38.8,140.9,42.8,93.9,Rainfed,141.3,4.09,0.89,3.9,40.72,22284,598571,907404,308833,2924,13.926,57.8,3.9,34.03478495,0.013926129,277.6,14699.68075,0.070761246
SF11188,Madhya Pradesh,Indore,Cotton,Rabi,11.83,513.6,23.2,59.9,8.5,8.05,23,106.3,90.5,85.7,Rainfed,200.5,6.81,0.72,0.3,3.55,62140,915662,220597,-695065,4308,0.824,35.3,0.3,-315.083614,0.000824048,282.5,257932.9577,0.192917847
SF11189,Punjab,Ludhiana,Wheat,Zaid,6.3,330,33,66.9,8.3,6.8,15.8,106.2,84.2,105.7,Drip,129.8,2.82,0.89,2.51,15.81,24640,366299,389558,23259,2613,6.051,55.9,2.51,5.970612848,0.006050517,296.1,23168.8172,0.050447227
SF11190,Maharashtra,Nashik,Pulses,Kharif,0.88,818,29.6,74.5,7.6,7.37,30,141.8,63.1,128.2,Rainfed,326.5,5.43,0.75,0.93,0.82,59766,55589,49008,-6581,192,4.271,66.8,0.93,-13.42841985,0.004270833,333.1,67791.46341,0.081287425
SF11191,Andhra Pradesh,Guntur,Rice,Kharif,14.97,1220.9,29.4,75,4.5,6.58,26.3,133.2,34,86.4,Rainfed,187.3,2.81,0.81,2.61,39.07,22490,945700,878684,-67016,13258,2.947,69.1,2.61,-7.626860168,0.0029469,253.6,24205.27259,0.040665702
SF11192,Maharashtra,Nashik,Sugarcane,Kharif,1.22,1034.6,30.6,67.8,7.5,6.81,32.9,125.2,67.7,99.6,Rainfed,245.1,2.81,0.77,51.37,62.67,3602,96681,225737,129056,1219,51.411,74,51.37,57.17095558,0.051410993,292.5,1542.699856,0.037972973
SF11193,Telangana,Warangal,Rice,Kharif,11.87,454.2,28.2,68.9,5.9,7.71,37.2,133.9,57.8,122.2,Flood,234.4,5.22,0.71,1.14,13.53,22385,931749,302869,-628880,25133,0.538,49.1,1.14,-207.6409273,0.000538336,313.9,68865.4102,0.106313646
SF11194,Karnataka,Raichur,Rice,Rabi,12.54,457.5,25.5,64.9,6.4,7.25,19.7,131.6,36.2,90.4,Rainfed,40,10.21,0.72,2.41,30.22,21342,659415,644955,-14460,11092,2.724,20.3,2.41,-2.242016885,0.002724486,258.2,21820.48312,0.502955665
SF11195,Telangana,Warangal,Sugarcane,Kharif,14.32,1187.4,30.8,75.1,5.6,6.76,27.7,140.4,96,102.7,Sprinkler,215.6,1.35,0.77,66.24,948.56,3683,953956,3493546,2539590,24373,38.918,85.5,66.24,72.69376158,0.038918475,339.1,1005.688623,0.015789474
SF11196,Tamil Nadu,Erode,Chilli,Rabi,1.13,574.4,21.8,60.6,7,6.18,22.3,131.8,58.2,79.1,Flood,196,4.37,0.79,1.38,1.56,93191,68445,145378,76933,948,1.646,49.7,1.38,52.91928627,0.00164557,269.1,43875,0.087927565
SF11197,Punjab,Ludhiana,Rice,Kharif,4.29,747.1,24.8,77.6,5.8,5.74,31.1,106.8,67,100.1,Flood,215,6.63,0.82,1.29,5.53,18142,307513,100325,-207188,8004,0.691,57.8,1.29,-206.5168203,0.000690905,273.9,55608.13743,0.114705882
SF11198,Gujarat,Rajkot,Sugarcane,Kharif,8.18,906.3,24,53.7,7.2,6.8,36.6,125.3,27.9,124.4,Flood,104.6,3.32,0.76,72.05,589.37,3585,422022,2112891,1690869,21224,27.769,54.7,72.05,80.02632412,0.027769035,277.6,716.0561277,0.060694698
SF11199,Andhra Pradesh,Krishna,Wheat,Kharif,2.23,786.9,33.3,71.3,6.6,5.76,33.6,100.6,61.7,138.4,Sprinkler,200.9,6.6,0.79,1.03,2.3,20801,165381,47842,-117539,1250,1.84,55.9,1.03,-245.6816187,0.00184,300.7,71904.78261,0.118067979
SF11200,Punjab,Ludhiana,Maize,Zaid,14.66,528.9,30.7,59.5,7.4,6.26,22.5,130.5,46.7,61.4,Flood,96.3,5.6,0.7,2.62,38.41,20246,831136,777649,-53487,9788,3.924,47.4,2.62,-6.878038807,0.003924193,238.6,21638.53163,0.11814346
SF11201,Madhya Pradesh,Indore,Wheat,Zaid,0.5,356.7,29.8,41.1,7.9,7.66,22,133.3,72.8,112.3,Rainfed,112.4,2.23,0.66,0.77,0.38,18322,26826,6962,-19864,189,2.011,42.4,0.77,-285.3203103,0.002010582,318.4,70594.73684,0.05259434
SF11202,Maharashtra,Nashik,Sugarcane,Rabi,3.23,405.3,24.9,59.3,7.3,5.72,26.4,139.5,73,111,Flood,286.7,5.79,0.94,20.64,66.67,3713,235033,247546,12513,7296,9.138,42.4,20.64,5.054818094,0.009137884,323.5,3525.318734,0.136556604
SF11203,Andhra Pradesh,Guntur,Maize,Kharif,8.48,858.7,29,73.8,7.1,6.62,32.4,148.8,60.6,142.4,Flood,161.9,5.26,0.79,4.54,38.5,21037,544787,809924,265137,6449,5.97,49.1,4.54,32.73603449,0.005969918,351.8,14150.31169,0.10712831
SF11204,Telangana,Warangal,Wheat,Rabi,4.66,264.1,18.5,60.4,8.4,6.77,21.6,71,35.6,152.2,Drip,143.1,3.39,0.82,2.46,11.46,25677,283552,294258,10706,2247,5.1,49.4,2.46,3.638303801,0.005100134,258.8,24742.75742,0.068623482
SF11205,Telangana,Nalgonda,Rice,Rabi,3.38,539.8,27.9,54.2,7.6,6.92,21.4,87,52.6,149.1,Sprinkler,136.3,5.48,0.79,4.22,14.26,19570,206072,279068,72996,5277,2.702,29.9,4.22,26.15706566,0.002702293,288.7,14451.05189,0.183277592
SF11206,Telangana,Nalgonda,Groundnut,Rabi,11.83,92.5,26,62,9.2,7.52,25.8,133.2,57.8,85.8,Flood,281.2,2.09,0.87,0.66,7.81,46532,813906,363415,-450491,7721,1.012,47.2,0.66,-123.9604859,0.001011527,276.8,104213.3163,0.044279661
SF11207,Maharashtra,Nashik,Cotton,Rabi,11.5,429.9,21.4,60.6,6.9,6.1,24.5,99.5,61.5,38.7,Flood,150.8,2.19,0.84,0.94,10.81,56296,699979,608560,-91419,11330,0.954,36.7,0.94,-15.02218352,0.000954104,199.7,64752.91397,0.059673025
SF11208,Andhra Pradesh,Guntur,Sugarcane,Rabi,13.85,518.4,18.9,42.7,7.8,5.44,27.2,101.2,58.2,100.9,Flood,188.7,3.68,0.67,7.15,99.03,2594,769423,256884,-512539,31992,3.095,39,7.15,-199.5215739,0.003095461,260.3,7769.595072,0.094358974
SF11209,Tamil Nadu,Erode,Groundnut,Rabi,11,422.3,23.3,64.3,7.8,6.57,24.8,122.9,30.6,80.3,Flood,156.1,3.4,0.89,1.56,17.16,52844,667178,906803,239625,7513,2.284,52.2,1.56,26.42525444,0.002284041,233.8,38879.83683,0.0651341
SF11210,Andhra Pradesh,Guntur,Rice,Kharif,4.54,663.7,28.5,61.3,4.7,6.74,33.2,40,31.6,104.7,Flood,180.5,4.06,0.65,3.22,14.62,26710,276050,390500,114450,7756,1.885,55.1,3.22,29.30857875,0.001884992,176.3,18881.66895,0.073684211
SF11211,Telangana,Nalgonda,Pulses,Rabi,5.12,594.8,19.1,59.2,6.2,6.12,19.4,76.8,71.1,192.5,Flood,67,6.49,0.66,0.71,3.64,65213,268084,237375,-30709,2492,1.461,36,0.71,-12.93691417,0.001460674,340.4,73649.45055,0.180277778
SF11212,Telangana,Nalgonda,Sugarcane,Kharif,14.85,664.8,27.7,54.2,6.4,7.04,16.3,107.8,28.6,120.8,Drip,157.1,6.72,0.86,64.45,957.08,3342,883868,3198561,2314693,20165,47.462,47.6,64.45,72.36669865,0.047462435,257.2,923.5048272,0.141176471
SF11213,Andhra Pradesh,Krishna,Rice,Kharif,1.76,721.9,28.5,59.5,8.9,6.83,37.2,104.5,58.7,82.6,Rainfed,203.2,3.08,0.89,4.38,7.71,23600,124279,181956,57677,1567,4.92,57.6,4.38,31.69832267,0.00492023,245.8,16119.19585,0.053472222
SF11214,Gujarat,Rajkot,Rice,Kharif,9.71,899,27,77.6,7.4,5.89,28.9,78.3,65.7,89.1,Rainfed,227.4,8.26,0.86,1.31,12.72,23504,818567,298971,-519596,9109,1.396,58.3,1.31,-173.7947828,0.001396421,233.1,64352.75157,0.141680961
SF11215,Karnataka,Raichur,Maize,Rabi,6.02,463.5,17.7,53.6,8.9,7.84,22.8,140.5,49.6,143.3,Rainfed,244.2,4.31,0.91,0.66,3.97,15396,393142,61122,-332020,1646,2.412,36.8,0.66,-543.2086646,0.002411908,333.4,99028.21159,0.117119565
SF11216,Karnataka,Raichur,Groundnut,Kharif,12.91,1108.5,27.8,68.1,7.3,7.24,39.4,124.3,47.7,65.8,Drip,286.1,4.88,0.94,1.4,18.07,69537,874202,1256534,382332,5197,3.477,64.6,1.4,30.42750932,0.003477006,237.8,48378.63863,0.075541796
SF11217,Maharashtra,Nashik,Pulses,Kharif,9.99,604.9275204,29.6,69.8,5.8,6.23,41,94.8,60.9,180.4,Flood,149.1,4.73,0.94,1.07,10.69,85888,728214,918143,189929,4651,2.298,54.2,1.07,20.68621119,0.00229843,336.1,68121.04771,0.087269373
SF11218,Andhra Pradesh,Guntur,Sugarcane,Rabi,11.54,431.9,22.8,63.1,6.4,6.5,30.5,177.3,55.3,121.7,Sprinkler,137,6.7,0.91,73.89,852.69,3183,760301,2714112,1953811,23161,36.816,37.9,73.89,71.9871177,0.036815768,354.3,891.6499548,0.176781003
SF11219,Tamil Nadu,Erode,Pulses,Rabi,11.36,296.6,22.5,59,7.4,6.62,27.1,115.8,83.8,96.1,Flood,241.7,4.14,0.96,1.24,14.09,71528,778704,1007830,229126,5767,2.443,48.5,1.24,22.73458817,0.002443211,295.7,55266.43009,0.085360825
SF11220,Punjab,Ludhiana,Sugarcane,Rabi,6.61,425,22.2,70.9,6.7,5.73,27,117.4,41.4,103.9,Sprinkler,137.3,4.48,0.83,23.37,154.48,3937,393957,608188,214231,12025,12.847,40.3,23.37,35.22447007,0.01284657,262.7,2550.21362,0.111166253
SF11221,Gujarat,Rajkot,Rice,Kharif,14.32,888.9,27.6,86.2,7.7,7.49,25,94.9,56.6,135.7,Flood,209.7,3.71,0.73,1.81,25.92,21391,951219,554455,-396764,28602,0.906,69.4,1.81,-71.55927893,0.00090623,287.2,36698.26389,0.053458213
SF11222,Maharashtra,Nashik,Wheat,Zaid,2.15,490.4,29.9,54.1,7.6,6.04,17,137.5,54.1,140.5,Flood,259.6,6.11,0.87,1.91,4.11,27332,169643,112335,-57308,1342,3.063,48.8,1.91,-51.01526684,0.003062593,332.1,41275.6691,0.125204918
SF11223,Karnataka,Raichur,Groundnut,Rabi,10.4,362.7,21.2,78.5,8.1,7.21,27.4,135.8,46,98,Flood,179.9,3.76,0.79,1.09,11.34,55082,704223,624630,-79593,6947,1.632,42,1.09,-12.74242351,0.001632359,279.8,62100.79365,0.08952381
SF11224,Karnataka,Raichur,Pulses,Kharif,12.31,824.7,27.7,66.3,6.5,8.4,28.6,111.5,25.1,100.3,Sprinkler,196.4,4.68,0.97,0.3,3.69,79731,970080,294207,-675873,4193,0.88,49.9,0.3,-229.7270289,0.000880038,236.9,262894.3089,0.093787575
SF11225,Karnataka,Raichur,Wheat,Rabi,0.77,435.1,23.8,66.1,5.6,7.01,21.8,182.7,80.9,130.1,Rainfed,165.4,5.73,0.76,2.91,2.24,23604,45558,52873,7315,207,10.821,52,2.91,13.83503868,0.010821256,393.7,20338.39286,0.110192308
SF11226,Andhra Pradesh,Guntur,Groundnut,Rabi,13.99,671.5,22.1,57.8,8.1,6.89,23.4,68.3,59.4,69,Rainfed,363.6,4.91,0.7,1.53,21.4,56146,979523,1201524,222001,3957,5.408,45.8,1.53,18.47661803,0.005408137,196.7,45772.1028,0.10720524
SF11227,Andhra Pradesh,Krishna,Maize,Kharif,4.67,635.2,27,89.2,5.3,6.73,33.4,56.1,44.8,89.3,Flood,218.8,7.14,0.75,4.89,22.84,19821,297735,452712,154977,3191,7.158,46.4,4.89,34.23302232,0.007157631,190.2,13035.68301,0.15387931
SF11228,Tamil Nadu,Erode,Maize,Kharif,14.34,869.5,25.8,73.2,7.5,6.64,30.3,171.5,58.8,105.5,Flood,214.2,5.19,0.87,4.86,69.69,23079,980645,1608376,627731,11516,6.052,47.4,4.86,39.02887136,0.00605158,335.8,14071.53107,0.109493671
SF11229,Andhra Pradesh,Krishna,Maize,Rabi,1.31,607,26.4,39.1,7.2,6.08,27.9,97.9,50.9,172.1,Drip,309.6,4.74,0.68,3.83,5.02,19470,95957,97739,1782,667,7.526,31.1,3.83,1.823223074,0.007526237,320.9,19114.94024,0.152411576
SF11230,Punjab,Ludhiana,Cotton,Rabi,12.75,559.3,25,72.5,7.4,5.58,20.3,107.6,44.7,120.2,Flood,167,6.23,0.68,0.44,5.61,69919,1013954,392246,-621708,11309,0.496,51.2,0.44,-158.4995131,0.000496065,272.5,180740.4635,0.121679688
SF11231,Gujarat,Rajkot,Pulses,Kharif,10.58,501.6,31.1,74.5,5.7,6.39,24.5,153.9,55.9,99.7,Flood,240.4,7.68,0.92,1.17,12.38,63192,750814,782317,31503,4616,2.682,51.3,1.17,4.026884243,0.002681976,309.5,60647.33441,0.149707602
SF11232,Telangana,Warangal,Chilli,Rabi,12.41,255.7,20.7,45.6,7.2,7.18,21.8,102.3,43.3,83.3,Rainfed,150.6,5.72,0.99,1.03,12.78,111431,944108,1424088,479980,4244,3.011,26.2,1.03,33.70437782,0.00301131,228.9,73873.86541,0.218320611
SF11233,Tamil Nadu,Erode,Chilli,Rabi,14.62,325.5,22.5,57.9,6.8,6.25,22.3,64.8,67.3,111.9,Rainfed,232.2,2.98,1,1.15,16.81,115726,1068058,1945354,877296,4641,3.622,32.7,1.15,45.09698492,0.003622064,244,63537.06127,0.091131498
SF11234,Telangana,Nalgonda,Chilli,Kharif,10.01,888.6,25.2,78.6,8,5.95,25.4,120.8,77.5,86.8,Drip,306,4.5,0.98,1.38,13.81,95767,763970,1322542,558572,4236,3.26,61.1,1.38,42.23472676,0.003260151,285.1,55320.05793,0.073649755
SF11235,Punjab,Ludhiana,Rice,Zaid,11.94,235,32.2,67.9,8.8,7.97,17.4,146.4,46.3,46.6,Sprinkler,125.9,5.14,0.74,0.33,3.94,22679,620870,89355,-531515,16869,0.234,30.7,0.33,-594.8352079,0.000233565,239.3,157581.2183,0.16742671
SF11236,Tamil Nadu,Erode,Cotton,Kharif,9.34,716.5,27.9,77.1,7.4,6.7,26.3,145.6,26.5,113.3,Flood,205.7,5.58,0.86,2.26,21.11,64782,728481,1367548,639067,8299,2.544,60.2,2.26,46.73086429,0.00254368,285.4,34508.81099,0.09269103
SF11237,Andhra Pradesh,Guntur,Maize,Rabi,10.31,328.7,22.6,59.9,8.7,6.27,19.9,131,38.6,80.3,Rainfed,192.6,6.37,0.99,2.38,24.54,20369,803381,499855,-303526,2746,8.937,29.4,2.38,-60.72280961,0.008936635,249.9,32737.61206,0.216666667
SF11238,Telangana,Nalgonda,Sugarcane,Kharif,2.78,837,28.4,56.5,8.4,7.16,31.1,82.6,67,118.4,Rainfed,151.5,2.34,0.97,50.33,139.92,4095,132074,572972,440898,2956,47.334,65.6,50.33,76.94930991,0.047334235,268,943.9251001,0.035670732
SF11239,Karnataka,Raichur,Rice,Kharif,10.33,890.4,25.7,53.3,7.5,6.46,29.3,118.6,71,128.3,Rainfed,192.8,6.32,0.9,3.46,35.74,26594,660631,950470,289839,8434,4.238,34.4,3.46,30.49428178,0.00423761,317.9,18484.35926,0.18372093
SF11240,Telangana,Warangal,Pulses,Rabi,9.87,487.2,23.9,50.2,6.9,6.22,12.4,153.6,73.9,114.2,Drip,136.4,4.21,0.78,1.23,12.14,75552,741707,917201,175494,3465,3.504,33.7,1.23,19.13364682,0.003503608,341.7,61096.1285,0.124925816
SF11241,Telangana,Nalgonda,Cotton,Kharif,10.85,866.2,26.6,78.4,6.8,6.69,28.8,98.2,50.1,89.2,Sprinkler,159.4,4.98,0.87,2.48,26.91,70634,702988,1900761,1197773,8303,3.241,59.6,2.48,63.01544487,0.003240997,237.5,26123.6715,0.083557047
SF11242,Punjab,Ludhiana,Wheat,Rabi,12.49,763.1,27.1,54.4,7.8,6.14,22.8,102.5,25.1,69.5,Drip,110,4.23,0.71,2.25,28.1,24991,574483,702247,127764,4054,6.931,53.9,2.25,18.19359855,0.006931426,197.1,20444.23488,0.078478664
SF11243,Gujarat,Rajkot,Wheat,Rabi,14.93,583.9,21.8,58.9,8.3,6.44,19.6,104.8,89.5,128.8,Rainfed,135,0.5,0.7,2.55,38.07,23228,634890,884290,249400,4364,8.724,55.4,2.55,28.20341743,0.008723648,323.1,16676.91095,0.009025271
SF11244,Madhya Pradesh,Indore,Chilli,Kharif,7.14,793.8,29.3,64.4,7.8,6.79,30.5,137.8,93.1,84,Sprinkler,155,5.88,0.71,3.33,23.78,105151,357147,2500491,2143344,4469,5.321,41.2,3.33,85.7169252,0.005321101,314.9,15018.79731,0.142718447
SF11245,Andhra Pradesh,Krishna,Groundnut,Kharif,1.58,959,27.7,72.1,7.9,6.9,36.7,97,50.6,104.6,Sprinkler,157.1,5.03,0.98,1.98,3.13,70000,86556,219100,132544,860,3.64,58,1.98,60.49475126,0.003639535,252.2,27653.67412,0.086724138
SF11246,Andhra Pradesh,Krishna,Sugarcane,Zaid,4.57,566.9,30.4,38.4,5.8,6.84,20.7,147.8,46.3,73.7,Rainfed,213.5,5.91,1,46.48,212.41,3432,317927,728991,411064,5076,41.846,35.1,46.48,56.38807612,0.041845942,267.8,1496.760981,0.168376068
SF11247,Punjab,Ludhiana,Pulses,Zaid,14.67,630.4,32,51,10.2,7.86,19.2,116.8,68.8,115.9,Rainfed,141.3,3.55,0.91,0.3,4.4,70585,786394,310574,-475820,3367,1.307,47.3,0.3,-153.2066432,0.001306801,301.5,178725.9091,0.075052854
SF11248,Maharashtra,Nashik,Groundnut,Rabi,2.39,622.5,22.8,60,8.8,6.59,24.1,126.5,50.4,117.9,Rainfed,162.5,4.04,0.86,1.73,4.13,55917,156022,230937,74915,660,6.258,47.8,1.73,32.43958309,0.006257576,294.8,37777.72397,0.084518828
SF11249,Punjab,Ludhiana,Wheat,Kharif,1.84,686.6,29.2,67.4,5.8,7.73,22.1,86.5,71.1,157.3,Rainfed,104.4,1.71,0.98,0.99,1.82,28354,120699,51604,-69095,455,4,62,0.99,-133.8946593,0.004,314.9,66318.13187,0.027580645
SF11250,Karnataka,Raichur,Cotton,Rabi,5.35,442.9,21.4,63.7,9.5,6.12,22.8,109.5,58.4,113.5,Flood,244.9,4.94,0.89,1.02,5.46,57275,438702,312722,-125980,5093,1.072,22.6,1.02,-40.28498155,0.00107206,281.4,80348.35165,0.218584071
SF11251,Punjab,Ludhiana,Rice,Zaid,14.9,204.5,33.9,44.2,8,6.83,26.2,125.4,45.2,145,Flood,205.1,2.33,0.91,1.86,27.71,24231,1008900,671441,-337459,29489,0.94,42.2,1.86,-50.25892074,0.000939672,315.6,36409.23854,0.05521327
SF11252,Telangana,Warangal,Chilli,Zaid,9.92,151.5,31.8,50.5,8.5,6.27,20.8,71.7,69.9,121.5,Flood,313.9,4.75,0.98,1.22983871,12.2,108639,791746,1325396,533650,7012,1.74,46.4,1.22983871,40.26343825,0.001739875,263.1,64897.21311,0.10237069
SF11253,Punjab,Ludhiana,Groundnut,Kharif,0.6,571.6019185,31.5,76,6.9,6.71,31.7,95.7,82,92.1,Flood,134.8,4.88,0.86,2.03,1.22,60628,30901,73966,43065,390,3.128,48.6,2.03,58.22269691,0.003128205,269.8,25328.68852,0.100411523
SF11254,Telangana,Nalgonda,Sugarcane,Rabi,9.18,450.4,26.3,32.5,8,6.57,31.2,167.8,43.9,103.5,Sprinkler,158,4.56,0.92,70.83,650.22,3895,615233,2532607,1917374,15084,43.107,28.3,70.83,75.70752193,0.043106603,315.2,946.1920581,0.161130742
SF11255,Gujarat,Rajkot,Cotton,Kharif,14.61,1121.5,28.2,83.6,8.2,6.15,29,109.2,65.3,122.3,Flood,178,4.79,0.83,1.16,16.95,69660,1044544,1180737,136193,17394,0.974,78.2,1.16,11.53457544,0.000974474,296.8,61625.01475,0.061253197
SF11256,Punjab,Ludhiana,Chilli,Kharif,1.41,1160.1,24.9,68.8,5.6,7.08,31.2,187.8,63,120.2,Sprinkler,198.2,6.64,0.97,2.26,3.19,102699,97615,327610,229995,825,3.867,66.8,2.26,70.20390098,0.003866667,371,30600.31348,0.099401198
SF11257,Telangana,Nalgonda,Pulses,Rabi,12.94,674,25.2,71.6,7.9,6.04,25.4,106.4,49.2,109,Drip,144.9,5.61,0.92,1.17,15.14,72904,879411,1103767,224356,4046,3.742,43.1,1.17,20.32639135,0.003741967,264.6,58085.27081,0.130162413
SF11258,Madhya Pradesh,Indore,Wheat,Rabi,8.88,348.6,25.2,62.3,7.2,6.18,22.5,153.2,40.7,122.3,Sprinkler,130.2,4.1,0.95,2.02,17.94,18807,478966,337398,-141568,4407,4.071,44.2,2.02,-41.95875494,0.004070796,316.2,26698.21628,0.092760181
SF11259,Maharashtra,Nashik,Pulses,Zaid,9.83,164.4,30.4,45.2,8.4,5.23,26.4,120.9,37.6,153.6,Rainfed,156.5,4.77,0.95,0.3,2.95,69015,698026,203594,-494432,1953,1.51,35.1,0.3,-242.8519505,0.001510497,312.1,236618.9831,0.135897436
SF11260,Telangana,Warangal,Maize,Rabi,13.14,248.6,25.1,71.1,6.7,7.4,19.7,147.3,48,102.8,Rainfed,241.8,7.44,0.85,1.89,24.83,21754,877962,540152,-337810,4324,5.742,27.5,1.89,-62.53980361,0.005742368,298.1,35358.92066,0.270545455
SF11261,Telangana,Nalgonda,Groundnut,Rabi,13.81,426.7,22.4,49.2,7.8,6.02,25.7,108.5,25.3,110.4,Flood,229.1,4.23,0.92,0.81,11.19,58313,1076274,652522,-423752,6354,1.761,40.3,0.81,-64.94064568,0.001761095,244.2,96181.76944,0.104962779
SF11262,Punjab,Ludhiana,Pulses,Rabi,10.78,330.1,24.1,51,7.9,6.84,19,173.4,48.3,99.9,Rainfed,242.2,3.14,0.96,1.08,11.64,60414,732834,703219,-29615,2167,5.371,52.1,1.08,-4.211348101,0.005371481,321.6,62958.24742,0.060268714
SF11263,Gujarat,Rajkot,Rice,Rabi,5.63,776.4,21,57.9,6.3,6.9,23.4,115.2,74.5,126.3,Drip,119.6,4.46,0.99,4.12,23.2,21890,300377,507848,207471,7136,3.251,39.2,4.12,40.85297176,0.003251121,316,12947.28448,0.11377551
SF11264,Gujarat,Rajkot,Cotton,Rabi,9.02,385.9,23.9,46.9,7.2,6.61,32,122.2,19,116.3,Sprinkler,191.9,6.37,0.95,1.8,16.24,64787,481722,1052141,570419,5066,3.206,34,1.8,54.21507193,0.003205685,257.5,29662.68473,0.187352941
SF11265,Andhra Pradesh,Guntur,Groundnut,Rabi,1.12,625.4,23.2,65.9,8.1,7.33,22.3,138.2,32.1,84.3,Drip,146.8,6.11,0.73,1.23,1.38,58005,77743,80047,2304,444,3.108,40.8,1.23,2.878308993,0.003108108,254.6,56335.50725,0.149754902
SF11266,Telangana,Warangal,Wheat,Kharif,6.01,942.9,32.9,64,5.8,6.27,33.7,130.5,46.9,137.1,Drip,211.1,7.18,0.65,2.4,14.42,21519,396260,310304,-85956,3006,4.797,42,2.4,-27.7005775,0.004797073,314.5,27479.88904,0.170952381
SF11267,Andhra Pradesh,Guntur,Rice,Rabi,3.94,480.8,23.6,61.7,7.5,7.02,29.7,82.2,40.8,176.2,Sprinkler,232.9,5.73,0.89,2.72,10.72,23251,244366,249251,4885,4945,2.168,51.7,2.72,1.959871776,0.002167846,299.2,22795.33582,0.110831721
SF11268,Andhra Pradesh,Krishna,Sugarcane,Kharif,4.27,1016.7,32.6,62.6,5.5,6.9,41.2,115.2,48.3,93.8,Drip,224.4,6.71,0.68,66.06,282.08,4059,279504,1144963,865459,5260,53.627,33.2,66.06,75.58838146,0.053627376,257.3,990.8678389,0.202108434
SF11269,Telangana,Warangal,Wheat,Kharif,3.02,1034.1,28.4,61.4,6.5,7.23,26.6,107.8,71.4,90.3,Drip,124.4,4.32,0.76,2.3,6.95,25171,188945,174938,-14007,1561,4.452,58.6,2.3,-8.006836708,0.004452274,269.5,27186.33094,0.073720137
SF11270,Andhra Pradesh,Krishna,Maize,Kharif,11.85,930.4,27.4,78,7.7,7.04,36.6,66.5,72.2,99.5,Rainfed,259.2,5.2,0.65,3.11,36.85,20453,801433,753693,-47740,3661,10.066,48.1,3.11,-6.334144008,0.010065556,238.2,21748.52103,0.108108108
SF11271,Madhya Pradesh,Indore,Rice,Rabi,9.07,201.9,30.2,57,7.9,6.6,26.4,121.5,30,104.7,Flood,173,4.33,0.98,2.81,25.49,18550,693371,472840,-220531,15523,1.642,50.7,2.81,-46.63966669,0.001642079,256.2,27201.68694,0.085404339
SF11272,Gujarat,Rajkot,Maize,Rabi,10.89,316.1,21.8,65.9,6.7,6.99,31.1,170.1,83.6,121.8,Rainfed,169.8,8.82,0.88,3.07,33.43,22556,796672,754047,-42625,3424,9.763,34.4,3.07,-5.652830659,0.009763435,375.5,23831.04996,0.256395349
SF11273,Telangana,Nalgonda,Groundnut,Kharif,3.88,1141.7,27.2,77.5,7,7.74,28.6,156.3,34.2,123.6,Drip,214.5,4.95,1,0.55,2.13,53927,278904,114865,-164039,1697,1.255,60.5,0.55,-142.8102555,0.001255156,314.1,130940.8451,0.081818182
SF11274,Karnataka,Raichur,Groundnut,Kharif,2.57,882.1,28.9,76.7,6.4,6.46,32.1,119,74.6,110.7,Flood,174.2,4.83,0.75,2.03,5.22,52904,152982,276159,123177,1605,3.252,52.1,2.03,44.60365224,0.003252336,304.3,29306.89655,0.092706334
SF11275,Gujarat,Rajkot,Chilli,Kharif,11.47,769.6,27.6,65.9,7,6.1,35,165,41.6,142,Rainfed,126.6,3.69,0.81,1.66,19.04,108309,717297,2062203,1344906,4003,4.756,56.6,1.66,65.21695488,0.004756433,348.6,37673.16176,0.065194346
SF11276,Karnataka,Raichur,Maize,Rabi,13.67,297,26.8,75.8,6.6,7,9.3,145.4,54.1,104.1,Flood,227,4.1,0.98,3.74,51.13,20218,872194,1033746,161552,10927,4.679,45.2,3.74,15.62782347,0.004679235,303.6,17058.36104,0.090707965
SF11277,Andhra Pradesh,Guntur,Cotton,Kharif,5.71,843.4,30.2,81.2,8.7,6.6,31.2,136,95.4,138.9,Drip,162.1,3.82,0.93,2.3,13.13,68002,373772,892866,519094,4295,3.057,63.2,2.3,58.13795127,0.003057043,370.3,28467.02209,0.060443038
SF11278,Maharashtra,Nashik,Maize,Rabi,13.24,618.1,26.5,56,8.9,6.52,24.7,88.4,97.7,75.7,Flood,112.7,6.31,0.89,5.44,72.03,19773,817782,1424249,606467,10116,7.12,43.2,5.44,42.58152893,0.007120403,261.8,11353.35277,0.146064815
SF11279,Andhra Pradesh,Krishna,Wheat,Kharif,11.09,755.2,35.3,81.8,7.9,7.33,31.2,142.8,33.9,148.4,Flood,196.2,4.08,0.72,1.77,19.63,22021,685980,432272,-253708,8347,2.352,62.2,1.77,-58.69174964,0.002351743,325.1,34945.49159,0.065594855
SF11280,Telangana,Warangal,Rice,Rabi,10.49,463.8,25.1,54.9,7.5,6.74,24.8,90.9,63.5,59.1,Rainfed,202.8,5.51,0.97,3.03,31.78,22063,670869,701162,30293,7868,4.039,31.1,3.03,4.320399565,0.004039146,213.5,21109.78603,0.177170418
SF11281,Tamil Nadu,Erode,Maize,Kharif,4.9,709,28,74.4,6.6,5.83,27.6,72.8,75.1,71.5,Drip,306.2,3.67,0.88,2.22,10.88,15000,324134,163200,-160934,2436,4.466,52.2,2.22,-98.61151961,0.004466338,219.4,29791.72794,0.070306513
SF11282,Telangana,Nalgonda,Sugarcane,Zaid,6.92,302.1,27.1,37.8,9.1,7.29,12.3,99.3,72.3,92.6,Flood,219.2,3.79,0.87,35.44,245.24,3433,610847,841909,231062,16288,15.056,29,35.44,27.4450089,0.015056483,264.2,2490.813081,0.130689655
SF11283,Andhra Pradesh,Krishna,Pulses,Kharif,2.3,850,29.5,66.1,8,7.2,24.7,98.4,46.2,94.2,Sprinkler,135.9,4.94,0.76,1.09,2.51,65910,162262,165434,3172,760,3.303,58.4,1.09,1.91738095,0.003302632,238.8,64646.21514,0.084589041
SF11284,Madhya Pradesh,Indore,Cotton,Rabi,7.82,571.6,22.6,55.7,8.2,7.42,26.1,156.8,51.7,108.3,Sprinkler,204.5,1.07,0.83,0.86,6.73,57187,496287,384869,-111418,5404,1.245,54.1,0.86,-28.94959064,0.001245374,316.8,73742.49629,0.019778189
SF11285,Punjab,Ludhiana,Maize,Kharif,2.51,646.1,29.6,70.6,6.2,6.4,27.1,135,61.5,154.2,Drip,171,3.22,0.83,4.79,12.02,19551,176180,235003,58823,1169,10.282,42.2,4.79,25.03074429,0.010282293,350.7,14657.23794,0.076303318
SF11286,Karnataka,Raichur,Cotton,Rabi,4.31,440.3,17.6,66.5,6.8,6.95,29.4,81.6,19.7,95.2,Drip,164.8,6.4,0.99,1.19,5.13,69314,249006,355581,106575,3246,1.58,35.4,1.19,29.97207387,0.001580407,196.5,48539.18129,0.18079096
SF11287,Punjab,Ludhiana,Rice,Kharif,4.45,796.6,26,72,6.7,6,35.2,100.6,43.8,84.5,Rainfed,125.6,5.84,0.77,1.81,8.05,19784,267714,159261,-108453,3569,2.256,41.7,1.81,-68.09765103,0.002255534,228.9,33256.39752,0.140047962
SF11288,Gujarat,Rajkot,Pulses,Rabi,4,658.3,25.8,47.5,7,6.5,30.7,71.6,74.8,99.7,Flood,177.1,2.94,0.67,1.04,4.16,73999,240435,307836,67401,2125,1.958,46.7,1.04,21.89509999,0.001957647,246.1,57796.875,0.062955032
SF11289,Gujarat,Rajkot,Maize,Zaid,12.27,127.9,28.3,52.9,7.1,6.27,17.8,83.5,58.4,94.2,Drip,191.5,2.59,0.84,1.95,23.93,22784,896788,545221,-351567,6438,3.717,46.5,1.95,-64.48155885,0.003716993,236.1,37475.47012,0.055698925
SF11290,Punjab,Ludhiana,Cotton,Kharif,14.95,1231.3,29.1,70.1,8,5.64,28.1,102.3,75.8,65,Rainfed,144,8.97,0.8,0.32,4.78,78840,1005868,376855,-629013,6023,0.794,61.9,0.32,-166.9111462,0.000793624,243.1,210432.636,0.144911147
SF11291,Telangana,Warangal,Groundnut,Rabi,6.97,470.4,26.3,49.8,7.4,6.25,15.6,111,64.3,155.1,Flood,159.4,2.1,0.71,1.52,10.59,59775,407823,633017,225194,4103,2.581,59.9,1.52,35.574716,0.002581038,330.4,38510.1983,0.035058431
SF11292,Telangana,Nalgonda,Maize,Rabi,8.03,539.5,30.3,51.4,6.3,6.57,27.5,148.8,59.9,114.2,Rainfed,194,7.32,0.83,3.97,31.88,20342,551274,648503,97229,2535,12.576,36.1,3.97,14.99283735,0.012575937,322.9,17292.15809,0.202770083
SF11293,Telangana,Nalgonda,Pulses,Rabi,9.42,282,26.6,35,8.7,7.33,30.4,165.8,76.6,103.4,Flood,258.6,2.54,0.98,0.89,8.38,68553,535576,574474,38898,5510,1.521,38.6,0.89,6.771063616,0.001520871,345.8,63911.21718,0.065803109
SF11294,Gujarat,Rajkot,Wheat,Rabi,4.98,137.9,24.7,65.5,5.6,5.64,23.9,166.8,33.6,141.1,Flood,178.3,4.51,0.88,0.6,2.99,27623,346017,82593,-263424,3506,0.853,36.4,0.6,-318.9422832,0.000852824,341.5,115724.7492,0.123901099
SF11295,Andhra Pradesh,Krishna,Pulses,Kharif,3.78,666.7,26.6,69.3,5.7,6.71,24.8,75.4,36.9,96.3,Flood,108.1,6.58,0.82,1.61,6.09,68885,256864,419510,162646,1448,4.206,41,1.61,38.77047031,0.004205801,208.6,42177.99672,0.160487805
SF11296,Gujarat,Rajkot,Rice,Zaid,10.69,80,29.5,54.3,9.3,6.46,12.2,110.5,64.4,118.8,Rainfed,196.9,8.44,0.87,2.02,21.59,20846,817336,450065,-367271,9078,2.378,27.4,2.02,-81.60399053,0.002378277,293.7,37857.15609,0.308029197
SF11297,Madhya Pradesh,Indore,Sugarcane,Kharif,10.25,1110.2,31.6,90.3,4.4,5.2,26.4,109,63.8,109.2,Flood,165.2,7.36,0.8,3.27,33.52,3136,785319,105119,-680200,24337,1.377,58.1,3.27,-647.0761708,0.001377327,282,23428.37112,0.126678141
SF11298,Telangana,Nalgonda,Wheat,Zaid,12.61,509.3,30.3,49.4,8.5,7.01,18.4,145.1,79.1,84.9,Sprinkler,180.7,2.34,0.91,3.27,41.23,21289,771971,877745,105774,7082,5.822,39.4,3.27,12.05065252,0.005821802,309.1,18723.52656,0.059390863
SF11299,Karnataka,Raichur,Wheat,Kharif,4.77,1160.8,27.5,87.9,5.7,6.29,36.3,87.5,55,148.8,Rainfed,190.8,5.77,0.68,1.91,9.11,23886,292759,217601,-75158,1315,6.928,74,1.91,-34.53936333,0.006927757,291.3,32136.00439,0.077972973
SF11300,Gujarat,Rajkot,Wheat,Rabi,12.69,561,21.3,60.8,8,6.87,24.1,136.2,59.2,167.4,Flood,192.6,1.07,0.7,2.89,36.67,22487,913207,824598,-88609,10384,3.531,45.4,2.89,-10.74572095,0.003531394,362.8,24903.38151,0.023568282
SF11301,Telangana,Nalgonda,Chilli,Rabi,10.09,586.1,23.6,51.5,7.7,7.64,32.9,83.7,54.7,94.9,Flood,136.1,7.77,0.97,0.67,6.76,91856,779554,620947,-158607,8485,0.797,34.8,0.67,-25.54275969,0.0007967,233.3,115318.6391,0.223275862
SF11302,Maharashtra,Nashik,Groundnut,Zaid,3.58,470.1,28.2,60.1,8.4,6.17,21.6,91.8,36.4,100.3,Flood,178.4,4.9,0.78,1.42,5.08,54444,227315,276576,49261,2629,1.932,45.3,1.42,17.81101759,0.001932294,228.5,44747.04724,0.10816777
SF11303,Tamil Nadu,Erode,Wheat,Kharif,6.59,954.7,25.7,59.1,7.6,6.62,31.3,190.2,89,69.3,Flood,255.9,5.09,0.82,3.72,24.51,26481,445211,649049,203838,4707,5.207,67.8,3.72,31.40564118,0.005207138,348.5,18164.46348,0.075073746
SF11304,Maharashtra,Nashik,Rice,Zaid,8.24,341.3,27.8,48.7,8.9,6.72,20.4,155.9,56,89.1,Flood,277,7.15,0.81,3.03,24.97,22826,683356,569965,-113391,15039,1.66,22.2,3.03,-19.89437948,0.00166035,301,27367.0805,0.322072072
SF11305,Gujarat,Rajkot,Cotton,Rabi,11.9,715.7,24.7,68.1,5.2,5.79,21.8,133.1,52.6,114.3,Rainfed,186.2,6.89,0.69,0.66,7.85,73142,830253,574165,-256088,5131,1.53,55,0.66,-44.60181307,0.001529916,300,105764.7134,0.125272727
SF11306,Karnataka,Raichur,Maize,Zaid,3.5,257.1,31.1,66.1,7.2,6.49,22.2,123.1,49.3,70.8,Rainfed,249.4,7.37,0.81,2.21,7.74,21506,228019,166456,-61563,909,8.515,41.8,2.21,-36.98454847,0.008514851,243.2,29459.81912,0.176315789
SF11307,Madhya Pradesh,Indore,Cotton,Rabi,6.43,362.5,25.6,74,7.2,6.85,23.3,113.7,28.3,76.5,Flood,256.5,6.49,0.9,1.54,9.9,60636,415694,600296,184602,5986,1.654,43.9,1.54,30.7518291,0.001653859,218.5,41989.29293,0.147835991
SF11308,Punjab,Ludhiana,Wheat,Rabi,5.84,199,23.4,53,7.6,6.41,35.1,117.6,49.1,45.7,Rainfed,231.2,5.89,0.95,1.75,10.22,21913,422219,223951,-198268,1700,6.012,36.3,1.75,-88.53186635,0.006011765,212.4,41313.0137,0.162258953
SF11309,Punjab,Ludhiana,Chilli,Rabi,12.29,376.9,24.8,53.5,7.5,6.46,30.7,99.8,61.2,113.3,Rainfed,130.9,5.45,0.85,1.91,23.47,120306,668563,2823582,2155019,4094,5.733,27.8,1.91,76.32216808,0.00573278,274.3,28485.85428,0.196043165
SF11310,Karnataka,Raichur,Maize,Rabi,14.31,605.4,24.7,74,8.5,7.42,23.3,94.8,66,103.7,Flood,141.7,5.91,0.79,2.17,31.05,22188,1162498,688937,-473561,12196,2.546,59,2.17,-68.73792524,0.002545917,264.5,37439.54911,0.100169492
SF11311,Gujarat,Rajkot,Chilli,Rabi,13.04,301.3,25.4,57.6,6.2,6.21,28.1,143.2,62.3,86.5,Flood,66.2,6.96,0.89,1.65,21.52,112879,586190,2429156,1842966,12107,1.777,29.5,1.65,75.86857328,0.001777484,292,27239.31227,0.235932203
SF11312,Gujarat,Rajkot,Rice,Zaid,13.55,152.9,29.2,44.4,7.8,5.49,26,96.4,41.5,95.3,Drip,234.7,3.48,0.75,0.45,6.1,26735,1065824,163084,-902740,15849,0.385,21.2,0.45,-553.5429595,0.000384882,233.2,174725.2459,0.164150943
SF11313,Tamil Nadu,Erode,Maize,Kharif,1.89,823.8,28.3,63.4,7,7.11,23.2,118.8,56.6,149.2,Sprinkler,222.8,4.01,0.98,4.62,8.73,19483,138631,170087,31456,949,9.199,53,4.62,18.4940648,0.009199157,324.6,15879.83963,0.075660377
SF11314,Andhra Pradesh,Krishna,Maize,Kharif,10.39,979,27.6,81,7.7,6.37,28.8,157.4,56.1,72,Sprinkler,304,10.4,0.69,3.81,39.59,18487,855699,731900,-123799,7003,5.653,43.3,3.81,-16.91474245,0.005653291,285.5,21614.01869,0.240184758
SF11315,Telangana,Warangal,Cotton,Zaid,4.84,213.2,30.8,39,7.2,6.73,22.4,166.8,56.9,120.1,Drip,109.9,7.54,0.83,1.8,8.71,65396,341935,569599,227664,2688,3.24,32.6,1.8,39.96917129,0.003240327,343.8,39257.74971,0.231288344
SF11316,Telangana,Warangal,Groundnut,Zaid,6.73,83.1,28.3,49.1,6.9,7.63,21,79.9,17.1,131.1,Drip,208.8,2.43,0.74,0.5,3.36,55355,492883,185993,-306890,3243,1.036,28.8,0.5,-165.0008334,0.001036078,228.1,146691.369,0.084375
SF11317,Gujarat,Rajkot,Wheat,Rabi,12.46,466.2,23.4,64,9.2,6.96,24,177.7,49.6,84.1,Rainfed,187.2,4.73,0.72,2.45,30.53,18228,811811,556501,-255310,3751,8.139,42.7,2.45,-45.87772529,0.008139163,311.4,26590.59941,0.110772834
SF11318,Gujarat,Rajkot,Wheat,Kharif,13.7,926.7,27.3,70.6,7.3,5.62,29.9,51.8,87.3,119.6,Rainfed,238.2,8.67,0.89,0.69,9.45,25186,883141,238008,-645133,3979,2.375,35,0.69,-271.0551746,0.002374969,258.7,93454.07407,0.247714286
SF11319,Telangana,Warangal,Pulses,Rabi,11.62,543.9,22.1,63.5,8.2,7.48,18.6,54.6,57.8,119.5,Flood,302.6,5.58,0.94,0.52,6.04,66892,833031,404028,-429003,6154,0.981,37.3,0.52,-106.1815023,0.000981475,231.9,137919.0397,0.149597855
SF11320,Andhra Pradesh,Krishna,Rice,Rabi,0.65,154.1,25,61.7,7.7,7.22,24.9,147.1,79.5,68.9,Flood,143.7,7.51,0.91,2.08,1.35,22045,45220,29761,-15459,1630,0.828,33.7,2.08,-51.94381909,0.000828221,295.5,33496.2963,0.222848665
SF11321,Andhra Pradesh,Guntur,Sugarcane,Rabi,4.42,615.8,24.4,58,8.4,6.05,18.1,135.2,44,70.6,Drip,133.2,2.97,1,48.66,215.08,3515,261016,756006,494990,7178,29.964,51.2,48.66,65.47434809,0.029963778,249.8,1213.576344,0.058007813
SF11322,Andhra Pradesh,Krishna,Cotton,Rabi,2.01,333.2,19.8,51.7,6.8,6.53,24.3,158.1,27.3,83.2,Flood,235.8,3.57,0.82,1.39,2.79,64522,173455,180016,6561,1774,1.573,44.6,1.39,3.644676029,0.001572717,268.6,62170.2509,0.080044843
SF11323,Telangana,Warangal,Sugarcane,Rabi,11.16,409.9,21.4,65,7.8,6.28,26.4,96,32.1,90.2,Drip,131.1,3.09,0.91,44.47,496.29,3600,722250,1786644,1064394,19691,25.204,51.4,44.47,59.57504685,0.0252039,218.3,1455.298313,0.060116732
SF11324,Andhra Pradesh,Krishna,Wheat,Rabi,14.49,402.7,27.6,56.3,5.8,6.57,21.3,156.5,83,79.4,Drip,202.8,6.31,0.94,3.41,49.41,23551,1046049,1163655,117606,7193,6.869,37.3,3.41,10.10660376,0.006869178,318.9,21170.79539,0.169168901
SF11325,Telangana,Nalgonda,Rice,Kharif,11.77,619.7,30.2,80.6,5.9,6.72,37.9,172.1,27.5,125.7,Flood,229.5,5.27,0.68,3.69,43.43,26817,705071,1164662,459591,19254,2.256,49.5,3.69,39.46132011,0.002255635,325.3,16234.65347,0.106464646
SF11326,Andhra Pradesh,Guntur,Rice,Kharif,1.24,920.8,29.2,81,6.5,6.85,30,78.2,65.6,99.2,Drip,224.2,7.22,0.75,3.78,4.69,22153,81945,103898,21953,1653,2.837,40.1,3.78,21.12937689,0.002837266,243,17472.28145,0.180049875
SF11327,Telangana,Warangal,Maize,Zaid,10.13,227.2,37.9,32.7,6.7,6.19,15.4,144,41.4,96.7,Drip,182.8,5.19,0.66,2.22,22.49,20941,619063,470963,-148100,6307,3.566,27.5,2.22,-31.44620703,0.003565879,282.1,27526.14495,0.188727273
SF11328,Punjab,Ludhiana,Pulses,Rabi,3.01,177.7,18.5,49.9,6.9,6.72,29.1,110.4,58.6,96.4,Flood,189.7,3.55,1,0.83,2.5,74751,192800,186878,-5922,1430,1.748,32,0.83,-3.168912339,0.001748252,265.4,77120,0.1109375
SF11329,Madhya Pradesh,Indore,Wheat,Zaid,7.58,80,32.2,53.9,7.6,8.22,25.8,144.8,38.3,88.3,Sprinkler,199.5,8.53,0.94,0.3,2.27,25461,502945,57796,-445149,4757,0.477,23.5,0.3,-770.2072808,0.000477192,271.4,221561.674,0.362978723
SF11330,Gujarat,Rajkot,Groundnut,Rabi,6.58,456.1,19.1,42.7,6.4,7.04,20.4,68.1,20.8,67.8,Drip,276.3,3.94,0.69,1.4,9.21,60970,495648,561534,65886,3494,2.636,35.5,1.4,11.73321651,0.002635947,156.7,53816.28664,0.110985915
SF11331,Tamil Nadu,Erode,Rice,Rabi,5.1,373.9,23.2,70.2,6.3,6.2,16.8,63.6,65.4,93.5,Rainfed,165.1,3.27,0.73,1.94,9.89,24429,320674,241603,-79071,4428,2.234,49.2,1.94,-32.72765653,0.002233514,222.5,32424.06471,0.066463415
SF11332,Maharashtra,Nashik,Maize,Rabi,12.91,445.8,24.8,49.1,8.2,6.14,22.6,101.5,51.7,154.7,Sprinkler,334.8,6.4,1,2.87,37.05,21107,1087154,782014,-305140,7239,5.118,27.4,2.87,-39.01976179,0.00511811,307.9,29342.88799,0.233576642
SF11333,Maharashtra,Nashik,Cotton,Rabi,6.71,248,18.6,69.8,7.7,5.88,29.9,73.4,70.6,135.6,Sprinkler,195.4,5.85,0.73,0.61,4.09,68518,396949,280239,-116710,4304,0.95,46.3,0.61,-41.64659451,0.000950279,279.6,97053.54523,0.126349892
SF11334,Andhra Pradesh,Krishna,Cotton,Kharif,5.91,848.3,28.7,74.2,6.9,6.53,32.7,99,42.3,60.8,Sprinkler,271.4,5.46,0.68,2.02,11.94,76486,473404,913243,439839,4516,2.644,59.9,2.02,48.16231824,0.002643933,202.1,39648.57621,0.09115192
SF11335,Telangana,Nalgonda,Sugarcane,Kharif,13.78,1134.8,29.5,75.7,6.1,7.33,26.4,85.4,44.3,135.5,Rainfed,50.5,2.22,0.78,24.92,343.4,2944,645768,1010970,365202,14349,23.932,68,24.92,36.12392059,0.023931981,265.2,1880.512522,0.032647059
SF11336,Madhya Pradesh,Indore,Wheat,Kharif,14.02,758.2,22.4,76.4,6.4,7.33,28.8,144.9,41.9,121.3,Rainfed,287.7,8.21,0.88,1.52,21.31,21689,1131769,462193,-669576,3626,5.877,53.1,1.52,-144.8693511,0.005876999,308.1,53109.76068,0.154613936
SF11337,Maharashtra,Nashik,Wheat,Rabi,10.28,455.1,23,62.2,7.2,6.71,25,113,62.2,105.7,Drip,140.6,4.67,0.87,3.03,31.15,25818,677923,804231,126308,4572,6.813,47.8,3.03,15.70543787,0.006813211,280.9,21763.17817,0.097698745
SF11338,Madhya Pradesh,Indore,Maize,Rabi,11.76,441.8,24.4,59.9,6.4,6.77,24.3,60.2,31.5,136.2,Flood,165.6,3.21,0.79,3.65,42.92,23399,724159,1004285,280126,8040,5.338,42.5,3.65,27.89307816,0.005338308,227.9,16872.2973,0.075529412
SF11339,Tamil Nadu,Erode,Pulses,Rabi,3.4,496,25.9,52.1,6.5,7.31,26.5,114.2,54.5,102,Sprinkler,205.8,4.54,0.67,0.9,3.06,69087,233230,211406,-21824,1333,2.296,42.1,0.9,-10.32326424,0.002295574,270.7,76218.95425,0.10783848
SF11340,Punjab,Ludhiana,Cotton,Rabi,1.62,560.5,22,57.8,7,5.63,20,182.1,56.4,99,Flood,264.5,1.31,0.93,0.4,0.65,73072,110894,47497,-63397,1462,0.445,61.1,0.4,-133.4757985,0.000444596,337.5,170606.1538,0.021440262
SF11341,Andhra Pradesh,Krishna,Chilli,Rabi,7.61,334.7,24.8,77.6,9,5.55,25.2,149.9,71.2,137.1,Rainfed,268.5,5.79,0.85,0.4,3.04,112182,522803,341033,-181770,2360,1.288,53.9,0.4,-53.29982729,0.001288136,358.2,171974.6711,0.10742115
SF11342,Gujarat,Rajkot,Wheat,Rabi,1.46,583.9,23.9,49.2,6.6,5.61,20.6,156.4,52.4,179.6,Sprinkler,221.9,6.39,0.93,0.87,1.27,23475,80834,29813,-51021,720,1.764,23.8,0.87,-171.1367524,0.001763889,388.4,63648.8189,0.268487395
SF11343,Punjab,Ludhiana,Groundnut,Zaid,3.71,354.7,34.4,41.4,8.4,6.31,12.4,102,27,81.7,Rainfed,145.2,4.27,0.7,0.93,3.45,63072,181658,217598,35940,984,3.506,38.4,0.93,16.51669593,0.003506098,210.7,52654.49275,0.111197917
SF11344,Punjab,Ludhiana,Rice,Rabi,2.78,719.2,22.9,66.4,6.8,7.08,23.8,84.8,55,89.4,Drip,138.8,1.44,0.87,3.43,9.54,23078,149716,220164,70448,3817,2.499,64.8,3.43,31.99796515,0.002499345,229.2,15693.50105,0.022222222
SF11345,Karnataka,Raichur,Pulses,Rabi,7.69,678.8,20.7,74.9,6.6,6.41,25.5,157.4,42.7,119.1,Flood,291.6,8.27,0.79,1.15,8.84,68009,527389,601200,73811,3265,2.708,52.1,1.15,12.27727878,0.002707504,319.2,59659.38914,0.158733205
SF11346,Gujarat,Rajkot,Maize,Rabi,14.03,385.2,20.7,74.6,6.6,6.63,18.8,138.3,73,97.6,Drip,229.4,6.66,0.99,3.55,49.81,17933,910116,893243,-16873,6285,7.925,34.5,3.55,-1.888959667,0.007925219,308.9,18271.75266,0.193043478
SF11347,Karnataka,Raichur,Pulses,Kharif,13.78,962.9,30.7,71.1,7.4,5.2,32.3,129.7,72.5,76.9,Rainfed,175.4,4.27,0.83,0.3,4.13,65758,897102,271581,-625521,2606,1.585,57.8,0.3,-230.3257592,0.001584804,279.1,217215.9806,0.073875433
SF11348,Punjab,Ludhiana,Sugarcane,Kharif,10.89,675.2,27.5,80.2,5.7,6.68,47,145.8,76.2,118.7,Rainfed,180.2,5.64,0.98,76.14,829.16,3511,666567,2911181,2244614,10595,78.26,53.4,76.14,77.10321,0.078259556,340.7,803.9063631,0.105617978
SF11349,Tamil Nadu,Erode,Pulses,Kharif,5.21,1035.9,29.4,76.8,7.1,6.74,30,126.2,39.2,133.6,Flood,179.9,5.41,0.71,1.39,7.24,77283,396280,559529,163249,2413,3,70.5,1.39,29.17614637,0.003000414,299,54734.80663,0.076737589
SF11350,Maharashtra,Nashik,Cotton,Kharif,11.4,436,32.5,74.2,5.9,6.31,32.2,123.9,59.1,105.4,Flood,154.8,2.73,0.66,1.45,16.53,67365,826568,1113543,286975,11067,1.494,53.2,1.45,25.77134426,0.00149363,288.4,50004.11373,0.051315789
SF11351,Karnataka,Raichur,Sugarcane,Kharif,2,958.5,27.3,66.7,7.6,7.47,33.8,99.2,59.6,90.8,Rainfed,172.6,5.18,0.9,29.46,58.92,3068,159609,180767,21158,2098,28.084,47.5,29.46,11.70456997,0.028083889,249.6,2708.910387,0.109052632
SF11352,Punjab,Ludhiana,Rice,Zaid,8.46,419.2,26,60.2,8.4,6.5,21.6,98.9,59.5,127.8,Rainfed,312.6,5.03,0.88,2.71,22.93,23039,706780,528284,-178496,6831,3.357,41.7,2.71,-33.78788682,0.003356756,286.2,30823.37549,0.120623501
SF11353,Punjab,Ludhiana,Rice,Zaid,14.7,410.7,29.5,49.1,8.4,6.42,24.3,103.6,53.1,57.8,Flood,212.5,1.74,1,2.55,37.48,15686,1178677,587911,-590766,30583,1.226,47.8,2.55,-100.4856177,0.001225517,214.5,31448.15902,0.036401674
SF11354,Gujarat,Rajkot,Wheat,Kharif,6.74,622.5,27.4,83.4,6.6,6.34,30.6,126.9,15,121.2,Flood,241.3,7.13,0.84,2.99,20.15,21751,511425,438283,-73142,4872,4.136,40.5,2.99,-16.68830413,0.004135878,263.1,25380.8933,0.176049383
SF11355,Telangana,Nalgonda,Rice,Rabi,0.69,251.1,22.9,69.4,7.7,6.3,24.9,153.3,30.3,71.2,Drip,224.7,8.86,0.93,2.04,1.41,21880,50875,30851,-20024,902,1.563,33.4,2.04,-64.9055136,0.001563193,254.8,36081.56028,0.265269461
SF11356,Tamil Nadu,Erode,Pulses,Kharif,7.65,756.5,27.9,69,7.7,6.58,27.2,152.8,106.8,101.3,Drip,172.6,2.13,0.67,2.02,15.45,68613,391952,1060071,668119,2270,6.806,63.2,2.02,63.0258728,0.006806167,360.9,25369.06149,0.033702532
SF11357,Andhra Pradesh,Krishna,Cotton,Zaid,9.99,183.2,33.5,70.7,9.3,6.87,15,83.1,48.3,90.6,Sprinkler,181.6,1.72,0.68,0.94,9.39,68847,590745,646473,55728,7896,1.189,56.9,0.94,8.620313609,0.00118921,222,62912.14058,0.030228471
SF11358,Punjab,Ludhiana,Cotton,Kharif,10.61,904.9,27.8,92.2,8.6,7.31,36,181.5,72.4,114.2,Flood,200.6,3.1,0.84,1.5,15.92,82001,782707,1305456,522749,9446,1.685,72.7,1.5,40.04340246,0.001685369,368.1,49165.01256,0.04264099
SF11359,Karnataka,Raichur,Wheat,Kharif,10.32,777.6,30.7,62.3,6.6,7.06,34.3,136.2,57.5,93.5,Rainfed,153,7.83,0.83,2.59,26.73,23203,755276,620216,-135060,3205,8.34,45.9,2.59,-21.77628439,0.008340094,287.2,28255.74261,0.170588235
SF11360,Andhra Pradesh,Guntur,Sugarcane,Rabi,9.54,266.3,25.1,53,6.9,6.5,21.2,112.7,49.2,149.4,Drip,198.9,5.52,0.94,54.98951782,524.6,3170,668231,1662982,994751,13403,39.14,37.6,54.98951782,59.8173041,0.039140491,311.3,1273.79146,0.146808511
SF11361,Tamil Nadu,Erode,Cotton,Kharif,5.49,698.7,24.9,72.9,6.9,6.56,37.9,77.8,31.7,108.1,Rainfed,212.9,5.71,0.98,1.54,8.45,65215,361776,551067,189291,2156,3.919,55.3,1.54,34.34990664,0.003919295,217.6,42813.72781,0.103254973
SF11362,Telangana,Nalgonda,Maize,Kharif,0.91,717.6,29.4,84.5,7.2,7.07,35.7,145.6,67.2,138.9,Sprinkler,175.6,6.2,0.69,4.74,4.31,23339,57455,100591,43136,549,7.851,56.2,4.74,42.88256405,0.007850638,351.7,13330.62645,0.110320285
SF11363,Maharashtra,Nashik,Wheat,Kharif,11.83,723.6,29.6,74.3,4.6,7.79,35.1,67,53.8,117.2,Sprinkler,176.5,2.16,0.73,0.93,11,25913,883157,285043,-598114,5569,1.975,65.9,0.93,-209.8329024,0.00197522,238,80287,0.032776935
SF11364,Telangana,Warangal,Chilli,Kharif,2.01,880.1,26.4,62.8,7,5.88,30.5,116.7,89.5,108,Rainfed,246.7,8.28,0.79,1.2,2.41,98028,160478,236247,75769,732,3.292,39,1.2,32.07194165,0.00329235,314.2,66588.38174,0.212307692
SF11365,Punjab,Ludhiana,Maize,Kharif,7.74,1043.5,30.7,82.5,7.6,5.94,22.8,73.2,42.7,105.9,Sprinkler,254.7,5.55,0.96,1.98,15.33,20485,531941,314035,-217906,4984,3.076,67,1.98,-69.38908083,0.003075843,221.8,34699.34768,0.082835821
SF11366,Madhya Pradesh,Indore,Rice,Kharif,2.73,1246.9,30.3,72.9,7.3,6.72,29.5,124.4,62.8,108.8,Drip,68.3,4.61,0.96,3.3,9.01,21110,134828,190201,55373,3588,2.511,66.1,3.3,29.11288584,0.002511148,296,14964.26193,0.069742814
SF11367,Gujarat,Rajkot,Rice,Rabi,4.26,551.1,17.6,52.3,7.2,6.6,17.8,96.6,63.7,110,Flood,144,6.54,0.83,3.07,13.08,23120,267093,302410,35317,7933,1.649,38.9,3.07,11.67851592,0.001648809,270.3,20419.95413,0.168123393
SF11368,Telangana,Warangal,Wheat,Rabi,6.47,609.6,21.5,69.8,7.4,6.59,19.1,149.9,74.3,94.1,Flood,117,6.4,0.96,3.19,20.64,21304,488576,439715,-48861,4512,4.574,27.3,3.19,-11.11197025,0.004574468,318.3,23671.31783,0.234432234
SF11369,Gujarat,Rajkot,Rice,Kharif,4.71,932.4,27.8,70.7,7,7.02,35.7,106.9,32.8,125.4,Flood,126.7,2.89,0.7,2.83,13.33,24630,323234,328318,5084,8129,1.64,55.5,2.83,1.548498712,0.001639808,265.1,24248.61215,0.052072072
SF11370,Madhya Pradesh,Indore,Wheat,Kharif,8.09,793.7,30.2,57.6,6.5,6.84,34.2,112.8,57.4,97.9,Sprinkler,159.3,7.91,0.66,3.59,29.04,24043,531538,698209,166671,4285,6.777,29.8,3.59,23.87121908,0.00677713,268.1,18303.65014,0.265436242
SF11371,Telangana,Nalgonda,Maize,Rabi,3.17,385.2,24.8,52.2,8.3,7.6,31.1,166.5,87.7,104.1,Drip,190.5,4.12,0.99,1.68,5.33,21273,211965,113385,-98580,1480,3.601,44.6,1.68,-86.94271729,0.003601351,358.3,39768.29268,0.092376682
SF11372,Punjab,Ludhiana,Wheat,Rabi,4.78,438.9,27,42,6.6,6.58,14.6,112,53.5,80,Rainfed,259.1,4.75,0.67,3.18,15.2,24482,279500,372126,92626,1478,10.284,43.8,3.18,24.89103153,0.010284168,245.5,18388.15789,0.108447489
SF11373,Tamil Nadu,Erode,Rice,Rabi,9.66,359.9,26.6,47.9,7,6.62,18.6,140.7,55.4,132.9,Rainfed,167.2,5.08,0.66,3.51,33.91,24200,491683,820622,328939,7509,4.516,37.4,3.51,40.08410693,0.004515914,329,14499.64612,0.135828877
SF11374,Madhya Pradesh,Indore,Sugarcane,Zaid,9.13,234.6,27.9,61.5,7.4,7.15,30.6,154.2,33.6,107.9,Flood,168.9,3.34,0.82,34.39,313.98,3063,574372,961721,387349,24310,12.916,32.8,34.39,40.27664988,0.012915673,295.7,1829.326709,0.101829268
SF11375,Madhya Pradesh,Indore,Rice,Rabi,3.34,625.3,22.8,70.4,7,7.76,33.3,89.9,56.1,110.3,Sprinkler,271.6,4.27,0.66,0.78,2.61,22642,234218,59096,-175122,4743,0.55,42.8,0.78,-296.3347773,0.000550285,256.3,89738.69732,0.099766355
SF11376,Gujarat,Rajkot,Wheat,Rabi,8.4,352.6,26.2,45.9,8.3,7.53,29.9,98.8,55.2,121.7,Sprinkler,98.5,5.69,0.92,1.4,11.76,24372,473890,286615,-187275,3303,3.56,30.4,1.4,-65.34026482,0.0035604,275.7,40296.76871,0.187171053
SF11377,Madhya Pradesh,Indore,Cotton,Rabi,14.62,680.9,22.5,47.5,7.9,7.71,22.2,130.4,62.7,87.8,Flood,254,6.8,0.89,0.5,7.31,78454,870256,573499,-296757,16530,0.442,27.9,0.5,-51.74498997,0.000442226,280.9,119050.0684,0.243727599
SF11378,Telangana,Warangal,Cotton,Kharif,9.78,931.6,24.8,78.8,7.6,5.8,34,115.3,84.3,153.5,Drip,111.7,5.73,0.67,0.91,8.9,71789,617640,638922,21282,5766,1.544,58.5,0.91,3.330923023,0.001543531,353.1,69397.75281,0.097948718
SF11379,Madhya Pradesh,Indore,Chilli,Kharif,11.81,607,25.7,71.9,6.7,6.2,31,101.1,73.2,77.6,Sprinkler,226.6,6.35,0.68,2.06,24.33,107650,961453,2619124,1657671,7007,3.472,40.5,2.06,63.29104693,0.003472242,251.9,39517.18044,0.156790123
SF11380,Andhra Pradesh,Krishna,Maize,Kharif,9.13,967.3,27.7,69.6,6.7,6.95,26.5,118.3,61.9,86.7,Drip,316.2,2.05,0.66,3.72,33.96,19674,554871,668129,113258,4765,7.127,77.7,3.72,16.95151685,0.007126967,266.9,16338.9576,0.026383526
SF11381,Telangana,Warangal,Rice,Kharif,8.35,868.2,25.8,91.9,7.2,6.89,29,118,84.7,97.7,Drip,111.4,4.21,0.82,4.63,38.66,20217,468898,781589,312691,10681,3.62,68,4.63,40.00708812,0.003619511,300.4,12128.76358,0.061911765
SF11382,Andhra Pradesh,Guntur,Chilli,Kharif,7.83,1011.9,29.8,72.9,7.2,5.67,26.8,104.4,62.6,79.4,Rainfed,269.3,3.98,0.93,0.62,4.85,103974,558321,504274,-54047,2446,1.983,61.8,0.62,-10.71778438,0.001982829,246.4,115117.732,0.064401294
SF11383,Telangana,Warangal,Maize,Kharif,3.14,799.8,33.3,76.5,7.7,8.02,31.8,119.8,52.6,125.1,Rainfed,216.2,4.46,0.96,0.44,1.38,18057,226791,24919,-201872,920,1.5,50.2,0.44,-810.1127654,0.0015,297.5,164341.3043,0.088844622
SF11384,Madhya Pradesh,Indore,Wheat,Kharif,5.29,867.7,27.9,85.1,8.4,6.84,39.7,126.4,85.2,146.8,Drip,279,7.34,0.66,4.56,24.12,18702,444124,451092,6968,2278,10.588,47,4.56,1.544695982,0.010588235,358.4,18413.10116,0.156170213
SF11385,Andhra Pradesh,Krishna,Groundnut,Rabi,6.37,377.3,22,48.2,7.5,6.1,22.5,97.5,32.5,72.5,Drip,271.7,4.32,0.92,0.899529042,5.73,48336,408895,276965,-131930,3129,1.831,42.9,0.899529042,-47.6341776,0.001831256,202.5,71360.38394,0.100699301
SF11386,Tamil Nadu,Erode,Groundnut,Rabi,13.35,511.3,20.5,71.9,6.2,8.25,17,146.8,60.1,124.1,Rainfed,107.6,6.73,0.74,0.3,4,58443,690127,233772,-456355,3368,1.188,36.4,0.3,-195.2137125,0.001187648,331,172531.75,0.18489011
SF11387,Karnataka,Raichur,Pulses,Kharif,1,1095.9,28.1,72.1,6.2,7.25,19.4,94.3,40.5,49.3,Sprinkler,189,3.13,0.82,0.96,0.96,79478,67672,76299,8627,319,3.009,58.5,0.96,11.30683233,0.003009404,184.1,70491.66667,0.053504274
SF11388,Andhra Pradesh,Guntur,Maize,Rabi,5.19,269.3,18.2,47.2,9.3,5.57,30,148.9,68.8,92.2,Sprinkler,166.7,5.38,0.96,0.87,4.52,26097,404533,117958,-286575,2740,1.65,39.1,0.87,-242.946642,0.001649635,309.9,89498.45133,0.137595908
SF11389,Karnataka,Raichur,Cotton,Zaid,13.9,80,32.7,45.5,8.5,5.77,20.4,54,74.9,77.3,Drip,65.8,1.21,0.75,0.45,6.26,67342,608010,421561,-186449,7993,0.783,48.6,0.45,-44.22823743,0.000783185,206.2,97126.19808,0.024897119
SF11390,Andhra Pradesh,Guntur,Rice,Rabi,14.55,372,26.8,54.2,7.6,6.72,27.3,128.5,26.3,90.9,Rainfed,284.5,8.85,0.73,2.77,40.3,19308,1210509,778112,-432397,12362,3.26,30.4,2.77,-55.57002077,0.00325999,245.7,30037.44417,0.291118421
SF11391,Maharashtra,Nashik,Rice,Kharif,2.15,896.7,24.2,75.8,4.5,6.79,30.8,121.2,86.4,30,Sprinkler,255.9,0.5,0.99,3.57,7.68,16891,150243,129723,-20520,3356,2.288,63.1,3.57,-15.81832058,0.002288439,237.6,19562.89063,0.00792393
SF11392,Gujarat,Rajkot,Groundnut,Kharif,6.56,782,26.1,75.2,6.5,6.23,29,187.7,89,118.7,Rainfed,184,3.44,0.7,1.93,12.66,55161,407379,698338,290959,1501,8.434,56.9,1.93,41.66449484,0.008434377,395.4,32178.43602,0.060456942
SF11393,Maharashtra,Nashik,Chilli,Kharif,2.36,784.7,30.6,56.9,5.9,5.26,27.8,95.8,35.2,112.6,Drip,196.1,9.34,0.89,0.3,0.71,100437,171687,71310,-100377,1274,0.557,27.4,0.3,-140.761464,0.0005573,243.6,241812.6761,0.340875912
SF11394,Maharashtra,Nashik,Pulses,Rabi,12.31,198.9,24.1,58.9,7.4,7.2,19.6,156.7,49.5,108.3,Rainfed,122.3,4.67,0.76,0.72,8.86,69029,796197,611597,-184600,2617,3.386,23.6,0.72,-30.18327428,0.003385556,314.5,89864.22122,0.197881356
SF11395,Maharashtra,Nashik,Chilli,Rabi,2.29,289.3,24.5,55.9,8,6.73,19.9,181.7,50.7,115.6,Rainfed,193,2.82,0.81,2.22,5.08,111486,152394,566349,413955,805,6.311,22.6,2.22,73.09185679,0.006310559,348,29998.8189,0.124778761
SF11396,Karnataka,Raichur,Maize,Zaid,14.01,447.1,30.7,55.7,8.7,6.67,24.9,143.7,51.2,107.8,Sprinkler,322.8,1.78,0.84,4.22,59.12,24926,1124023,1473625,349602,9580,6.171,44,4.22,23.72394605,0.00617119,302.7,19012.56766,0.040454545
SF11397,Telangana,Nalgonda,Sugarcane,Rabi,7.36,611.4,23.3,49.7,8.1,5.53,19.1,123.6,64.4,100.7,Sprinkler,150.5,4.16,0.88,14.58,107.31,3183,435268,341568,-93700,11870,9.04,42.7,14.58,-27.43231216,0.009040438,288.7,4056.173702,0.097423888
SF11398,Telangana,Nalgonda,Cotton,Rabi,5.11,413.2,24.7,59.7,9.7,5.65,22,139.5,66.7,110.6,Rainfed,259,8.59,0.88,0.38,1.94,72740,405607,141116,-264491,1988,0.976,27.4,0.38,-187.4280734,0.000975855,316.8,209075.7732,0.31350365
SF11399,Andhra Pradesh,Guntur,Wheat,Rabi,7.61,469.7,23.3,58.2,6.6,6.96,17.2,65.7,48.1,114.8,Sprinkler,143.1,6.27,0.81,2.51,19.1,20530,523371,392123,-131248,4271,4.472,32.7,2.51,-33.47113023,0.004472021,228.6,27401.62304,0.191743119
SF11400,Gujarat,Rajkot,Wheat,Kharif,1.33,577.1,29,68.6,6.8,5.59,34.4,133.1,46.5,72.8,Flood,243,4.86,0.8,0.75,1,21051,98048,21051,-76997,882,1.134,38.3,0.75,-365.7640967,0.001133787,252.4,98048,0.12689295
SF11401,Telangana,Nalgonda,Sugarcane,Zaid,13.6,491.1,30.6,46.8,7.7,6.88,28.6,153.3,37.3,108,Flood,180.6,5.59,0.72,50.01,680.14,4188,802702,2848426,2045724,34392,19.776,48,50.01,71.81945397,0.019776111,298.6,1180.201135,0.116458333
SF11402,Andhra Pradesh,Krishna,Rice,Rabi,2.42,397.5,27.1,50.6,7.6,6,32.9,127.5,46.8,96.9,Rainfed,245.7,5.82,0.82,1.46,3.53,22203,176583,78377,-98206,1816,1.944,28.4,1.46,-125.2995139,0.001943833,271.2,50023.51275,0.204929577
SF11403,Maharashtra,Nashik,Groundnut,Zaid,1.65,80,31.6,56,7.7,5.2,20.3,97.4,55.8,138,Drip,99.8,7.09,0.98,0.3,0.49,60201,95249,29498,-65751,701,0.699,30.9,0.3,-222.8998576,0.000699001,291.2,194385.7143,0.229449838
SF11404,Tamil Nadu,Erode,Cotton,Kharif,5.75,840.5,28.2,65.4,5.8,7.88,25,103.8,86.8,95.9,Sprinkler,151.9,7.23,0.66,0.43,2.47,69903,388574,172660,-215914,4162,0.593,38.9,0.43,-125.0515464,0.000593465,286.5,157317.4089,0.185861183
SF11405,Andhra Pradesh,Guntur,Rice,Rabi,4.31,204.9,25.5,53,7.3,7.31,23.6,136.8,44.8,82.1,Sprinkler,91,3.91,0.82,1.82,7.84,23817,193694,186725,-6969,5683,1.38,35.2,1.82,-3.732226536,0.001379553,263.7,24705.86735,0.111079545
SF11406,Andhra Pradesh,Krishna,Rice,Kharif,9.03,1081.7,26.3,79,5.7,6.88,35.5,185,57.2,156.6,Flood,193.7,3.03,0.97,4.16,37.56,24696,608313,927582,319269,18214,2.062,68.3,4.16,34.41949068,0.00206215,398.8,16195.76677,0.044363104
SF11407,Karnataka,Raichur,Rice,Kharif,11.14,785.4,31.6,83.6,6,6.17,30.6,54.1,60,102.3,Flood,106.9,7.18,0.83,2.05,22.84,23276,740717,531624,-209093,20951,1.09,60.1,2.05,-39.33099333,0.001090163,216.4,32430.69177,0.119467554
SF11408,Punjab,Ludhiana,Wheat,Rabi,6.51,431.1,24.4,65.4,8,7.52,21.6,72.6,65.9,108.5,Flood,176.1,4.91,0.79,1.29,8.4,25410,463087,213444,-249643,4879,1.722,44.8,1.29,-116.9594835,0.001721664,247,55129.40476,0.109598214
SF11409,Telangana,Warangal,Pulses,Rabi,5.57,487.9,27,51.4,6.8,7.66,26.3,93.8,80.9,103.2,Rainfed,214.6,4.37,0.84,0.48,2.67,61232,332707,163489,-169218,1051,2.54,36.8,0.48,-103.5042113,0.002540438,277.9,124609.3633,0.11875
SF11410,Punjab,Ludhiana,Rice,Kharif,8.43,891.5,30.3,66.4,5.9,7.25,26,137.1,44.6,122,Sprinkler,201.4,3.02,0.67,2.07,17.45,19968,582274,348442,-233832,11339,1.539,57.1,2.07,-67.10786874,0.001538936,303.7,33368.13754,0.052889667
SF11411,Andhra Pradesh,Guntur,Groundnut,Rabi,10.83,319.2,23.7,51.1,6.5,7.15,24.3,95.2,66,68.1,Rainfed,199.4,5.32,0.79,1.42,15.38,59489,573810,914941,341131,3005,5.118,34.2,1.42,37.28448064,0.005118136,229.3,37308.84265,0.155555556
SF11412,Telangana,Warangal,Rice,Rabi,3.2,245.2,25.2,59.4,5.9,6.79,24.5,130.6,38.1,127.6,Rainfed,104.8,4.32,0.92,3.08,9.86,23602,161938,232716,70778,2682,3.676,36.3,3.08,30.41389505,0.003676361,296.3,16423.73225,0.119008264
SF11413,Madhya Pradesh,Indore,Sugarcane,Rabi,10.14,374.8,21.9,62.6,7,6.16,17.5,164.7,54.3,117.6,Rainfed,190.1,5.25,0.85,32.35,328.03,3280,712801,1075938,363137,9690,33.852,40.6,32.35,33.75073657,0.033852425,336.6,2172.975033,0.129310345
SF11414,Telangana,Warangal,Sugarcane,Rabi,7.86,191.6,21.7,53.6,7.6,6.82,9,101.7,35.4,99.3,Rainfed,114.7,4.78,0.89,43.39,341.05,3723,427298,1269729,842431,7159,47.639,39.8,43.39,66.34730718,0.047639335,236.4,1252.889606,0.120100503
SF11415,Andhra Pradesh,Krishna,Sugarcane,Rabi,5.67,397.3,18.1,56.6,9.1,6.23,22.1,122.2,65.1,96.8,Drip,335,4.58,0.83,39.9,226.23,3537,424147,800176,376029,8951,25.274,33.6,39.9,46.99328648,0.025274271,284.1,1874.848605,0.136309524
SF11416,Punjab,Ludhiana,Rice,Kharif,3.67,949.5,33.8,70.8,9.1,6.49,37.4,94.9,45.1,78.7,Flood,235.5,1.33,0.92,2.98,10.94,21790,213679,238383,24704,6911,1.583,76.3,2.98,10.36315509,0.001582984,218.7,19531.90128,0.017431193
SF11417,Telangana,Warangal,Cotton,Kharif,1.73,567.8,31.1,83.6,6.7,5.83,34.7,119.5,57.8,130.7,Sprinkler,116.6,1.13,0.67,0.85,1.47,70599,104870,103781,-1089,1268,1.159,60.5,0.85,-1.049325021,0.001159306,308,71340.13605,0.018677686
SF11418,Punjab,Ludhiana,Maize,Rabi,0.91,556.9,21.7,49.1,6,7.12,16,134.4,62.9,99.7,Sprinkler,236.8,2.02,0.96,3.75,3.41,18302,60983,62410,1427,528,6.458,58.4,3.75,2.286492549,0.006458333,297,17883.57771,0.034589041
SF11419,Tamil Nadu,Erode,Maize,Rabi,4.61,603.4,27.7,59.1,5.4,5.87,23.2,160,48.1,95,Flood,225.6,5.59,0.96,2.03,9.36,20747,344480,194192,-150288,3638,2.573,42.5,2.03,-77.39144764,0.002572842,303.1,36803.4188,0.131529412
SF11420,Maharashtra,Nashik,Chilli,Rabi,2.11,125.1,26.5,47.1,9,6.55,22.5,82,74.4,119.9,Flood,222.7,4.57,0.8,1.69,3.57,125821,146729,449181,302452,1668,2.14,31.1,1.69,67.33410362,0.002140288,276.3,41100.56022,0.146945338
SF11421,Karnataka,Raichur,Rice,Rabi,5.06,678.7,24.5,56.7,7.9,6.66,19.6,99,41.8,128.2,Flood,162.9,3.39,0.88,3.87,19.58,18463,350098,361506,11408,10317,1.898,50,3.87,3.155687596,0.001897839,269,17880.38815,0.0678
SF11422,Gujarat,Rajkot,Rice,Kharif,11.92,811.2,28,71,7,6.86,36,49.7,69.3,118.5,Flood,180.4,2.94,0.74,4.05,48.28,28551,861397,1378442,517045,20359,2.371,56.7,4.05,37.50937653,0.002371433,237.5,17841.69428,0.051851852
SF11423,Telangana,Warangal,Pulses,Rabi,0.97,767.3,21.5,51,6.8,6.79,26,110.3,80.6,120.7,Drip,181.7,5.8,0.66,1.42,1.38,67216,63387,92758,29371,363,3.802,45.3,1.42,31.66411522,0.003801653,311.6,45932.6087,0.12803532
SF11424,Telangana,Warangal,Pulses,Kharif,7.32,675.5,28.1,62.1,8,6.32,31.7,117.3,50.3,121.9,Drip,112.2,5.53,0.96,1.62,11.86,62072,469471,736174,266703,2368,5.008,38.9,1.62,36.22825582,0.005008446,289.5,39584.40135,0.142159383
SF11425,Telangana,Warangal,Pulses,Rabi,5.09,386.3,27,54.5,8.4,7.18,21.5,73.4,50.5,99.5,Flood,302.7,8.03,0.85,0.91,4.63,75182,433767,348093,-85674,2443,1.895,37.5,0.91,-24.61238807,0.001895211,223.4,93686.17711,0.214133333
SF11426,Madhya Pradesh,Indore,Pulses,Kharif,9.92,719.2,31,62.3,6.7,7.08,31.4,102.1,89.7,114.6,Flood,144.5,7.34,0.7,1.34,13.29,73818,719818,981041,261223,3979,3.34,44.3,1.34,26.62712364,0.003340035,306.4,54162.37773,0.165688488
SF11427,Telangana,Nalgonda,Wheat,Rabi,11.82,118.1,26,57.6,8.3,6.9,16.6,136.3,59.8,102.8,Sprinkler,99.7,4,0.89,2.56,30.26,27669,637063,837264,200201,5598,5.406,31.4,2.56,23.91133502,0.005405502,298.9,21052.97422,0.127388535
SF11428,Gujarat,Rajkot,Maize,Rabi,13.46,385.4,23.8,70,8,6.47,27,138.7,34.2,70.7,Rainfed,241.9,4.7,0.7,3.47,46.71,21658,1018093,1011645,-6448,3477,13.434,40.9,3.47,-0.637377736,0.013433995,243.6,21796.03939,0.114914425
SF11429,Telangana,Warangal,Wheat,Kharif,11.87,1176.6,28.6,77.1,6.6,5.41,38.6,146.6,29.8,126.1,Sprinkler,183.7,2.45,0.72,0.31,3.68,23412,845422,86156,-759266,4822,0.763,72.5,0.31,-881.2688611,0.000763169,302.5,229734.2391,0.033793103
SF11430,Punjab,Ludhiana,Rice,Kharif,7.84,947.9,28.3,82.7,7,6.64,36,134.5,44.1,162.8,Flood,126.4,6.95,0.79,3.35,26.26,24242,469642,636595,166953,16791,1.564,57.6,3.35,26.22593643,0.001563933,341.4,17884.31074,0.120659722
SF11431,Karnataka,Raichur,Cotton,Rabi,1.5,431.8,24.8,60.1,6.9,6.27,33.4,120.7,64.8,106.2,Rainfed,43.2,2.65,0.8,1.16,1.74,68156,84959,118591,33632,659,2.64,57.4,1.16,28.3596563,0.002640364,291.7,48827.01149,0.046167247
SF11432,Maharashtra,Nashik,Rice,Kharif,10.83,1052,31.5,63.1,6.6,6.42,34.9,125.8,62.6,128.3,Flood,271,4.2,0.74,2.66,28.81,23525,800206,677755,-122451,18797,1.533,52.1,2.66,-18.06714816,0.001532691,316.7,27775.28636,0.080614203
SF11433,Maharashtra,Nashik,Wheat,Kharif,10.12,989.7,27.1,64.8,6.6,6.5,30,99.7,29,98,Rainfed,160,4.51,0.95,2.68,27.12,22629,684121,613698,-70423,3342,8.115,45.4,2.68,-11.47518812,0.008114901,226.7,25225.70059,0.099339207
SF11434,Punjab,Ludhiana,Wheat,Kharif,7.15,859.8,25.3,71.6,5.8,6.19,36.4,132,70.2,91.3,Flood,261.7,4.26,0.98,2.72,19.45,27418,495253,533280,38027,5300,3.67,62.9,2.72,7.130775578,0.003669811,293.5,25462.87918,0.06772655
SF11435,Punjab,Ludhiana,Cotton,Kharif,9.48,862.1,33.7,62.1,9.5,7.53,35.1,138,67.9,118.4,Sprinkler,146.3,6.2,0.7,0.87,8.25,63356,667732,522687,-145045,6473,1.275,57,0.87,-27.74987708,0.001274525,324.3,80937.21212,0.10877193
SF11436,Andhra Pradesh,Guntur,Rice,Kharif,13.97,621.9,28.7,57,5.6,6.42,27.5,127.1,76,79.4,Rainfed,242.3,7.76,1,3.16,44.15,26352,1059561,1163441,103880,9636,4.582,38.8,3.16,8.928686543,0.004581777,282.5,23999.11665,0.2
SF11437,Andhra Pradesh,Guntur,Pulses,Kharif,7.87,814.2,28.7,72.8,6.1,6.72,27.1,67.4,61,80,Rainfed,180.1,5.31,0.8,1.54,12.12,81617,460068,989198,529130,1766,6.863,54.4,1.54,53.4908077,0.006862967,208.4,37959.40594,0.097610294
SF11438,Madhya Pradesh,Indore,Maize,Kharif,4.87,754.6,30.3,82.3,8.3,6.46,31.3,112.9,77.5,137,Flood,168.4,4.52,0.66,5.74,27.95,21039,384050,588040,203990,3522,7.936,55.8,5.74,34.68981702,0.007935832,327.4,13740.60823,0.081003584
SF11439,Andhra Pradesh,Guntur,Chilli,Zaid,10.5,359.5,33.2,43.5,7.1,6.64,23.1,137,56.6,72.6,Rainfed,231,8.33,0.81,1.3,13.65,93872,830425,1281353,450928,3845,3.55,27.2,1.3,35.19155143,0.003550065,266.2,60836.99634,0.30625
SF11440,Telangana,Nalgonda,Pulses,Zaid,2.63,516.8,31.8,46.8,7.8,7.83,16,133.9,83,103,Flood,160.6,8.81,0.89,0.3,0.79,78999,199591,62409,-137182,1439,0.549,26,0.3,-219.8112452,0.000548992,319.9,252646.8354,0.338846154
SF11441,Telangana,Warangal,Rice,Kharif,13.71,1150.6,27.2,80.5,7.7,5.65,33.5,98.7,67.8,70.2,Rainfed,40,8.9,0.86,0.74,10.15,22982,774511,233267,-541244,13116,0.774,52.6,0.74,-232.0276764,0.000773864,236.7,76306.50246,0.169201521
SF11442,Karnataka,Raichur,Chilli,Kharif,12.96,518.5,27,67.1,6.8,5.82,24.8,98.9,74.3,169.8,Sprinkler,172.5,4.61,0.82,1.25,16.2,98545,1001488,1596429,594941,8558,1.893,49.3,1.25,37.26698776,0.001892966,343,61820.24691,0.093509128
SF11443,Maharashtra,Nashik,Pulses,Kharif,0.98,946.5,29.9,66,7.1,6.51,37.6,190,35.8,122.7,Drip,116.8,5.91,0.74,1.69,1.66,60033,53698,99655,45957,278,5.971,68.4,1.69,46.11610055,0.005971223,348.5,32348.19277,0.086403509
SF11444,Madhya Pradesh,Indore,Chilli,Kharif,14.39,418.9,23.4,84.1,6.7,6.3,36.6,134,36.5,30,Flood,145.1,1.54,0.94,1.48,21.3,106535,783074,2269196,1486122,10261,2.076,67.5,1.48,65.49112549,0.002075821,200.5,36764.03756,0.022814815
SF11445,Tamil Nadu,Erode,Rice,Rabi,2.36,202.7,24.7,63,6.9,6.29,21.2,67.1,62.6,80.1,Sprinkler,255.2,0.5,0.91,2.52,5.95,19161,170258,114008,-56250,3695,1.61,54.8,2.52,-49.3386429,0.001610284,209.8,28614.78992,0.009124088
SF11446,Karnataka,Raichur,Cotton,Kharif,2.95,857.4,33.4,65.4,8.6,6.77,35,114.9,54.9,151.7,Flood,224.5,4.07,0.92,1.7,5.02,57990,211266,291110,79844,2833,1.772,66.7,1.7,27.42743293,0.001771973,321.5,42084.86056,0.06101949
SF11447,Andhra Pradesh,Guntur,Pulses,Kharif,3.7,906.1,25.2,57.5,5.7,6.75,31.8,115.3,39.7,142.1,Sprinkler,147.7,4.1,0.96,1.55,5.74,78927,217623,453041,235418,1525,3.764,64.6,1.55,51.96395028,0.003763934,297.1,37913.41463,0.063467492
SF11448,Maharashtra,Nashik,Pulses,Zaid,11.72,222.4,32.4,63.8,8.8,7.39,28.8,154.8,47.9,86.3,Drip,162.3,5.99,0.77,0.64,7.5,69729,763310,522968,-240342,2986,2.512,49.5,0.64,-45.95730523,0.002511721,289,101774.6667,0.121010101
SF11449,Gujarat,Rajkot,Sugarcane,Kharif,10.59,632.9,24.6,66.2,7.4,6.6,33.9,93.8,33.5,145.8,Flood,142.3,5.23,0.7,68.66,727.11,3151,699116,2291124,1592008,26438,27.502,44.2,68.66,69.48589426,0.027502459,273.1,961.4996355,0.118325792
SF11450,Telangana,Warangal,Chilli,Rabi,9.19,582.6,22.1,37.5,7,7.25,28.7,137.9,78.4,85.6,Drip,249,2.44,0.74,1.88,17.28,82190,634290,1420243,785953,4045,4.272,45.4,1.88,55.33933278,0.004271941,301.9,36706.59722,0.053744493
SF11451,Karnataka,Raichur,Wheat,Zaid,13.26,421.7,34.5,47.5,8.5,6.03,19.3,135.9,58.8,149.3,Drip,209.8,5.62,0.99,1.58,20.95,18867,953475,395264,-558211,5920,3.539,28.4,1.58,-141.2248523,0.003538851,344,45511.93317,0.197887324
SF11452,Maharashtra,Nashik,Cotton,Kharif,11.22,999.2,27.5,58.4,6.6,6.08,33.2,116.8,50.2,102.8,Flood,278,4.72,0.83,1.12,12.57,54177,839947,681005,-158942,12547,1.002,47.2,1.12,-23.33932937,0.001001833,269.8,66821.55927,0.1
SF11453,Madhya Pradesh,Indore,Rice,Rabi,11.34,316,24.6,58.4,8.2,7.01,21.7,104.5,22.6,129.6,Flood,209.6,5.03,0.94,2.03,23.02,22793,794979,524695,-270284,23011,1,31.3,2.03,-51.51259303,0.001000391,256.7,34534.27454,0.160702875
SF11454,Gujarat,Rajkot,Maize,Kharif,9.98,654.4,28.3,77.2,6.6,6.8,29.8,93.2,44.7,140.3,Flood,105.1,4.77,0.88,4.71,47.01,23104,647001,1086119,439118,7397,6.355,49.7,4.71,40.43000813,0.006355279,278.2,13763.05041,0.095975855
SF11455,Gujarat,Rajkot,Rice,Rabi,7.48,452.4,24.3,52.7,9,7.5,25.3,108.6,61.4,200,Rainfed,224,4.7,0.78,1.69,12.64,23243,632287,293792,-338495,5093,2.482,41.1,1.69,-115.215867,0.002481838,370,50022.7057,0.114355231
SF11456,Punjab,Ludhiana,Groundnut,Kharif,11.57,847.8,30.5,71.1,7.1,6.46,28.5,146.6,65.5,67.9,Sprinkler,114.6,4.61,0.82,2,23.14,61344,747204,1419500,672296,4252,5.442,58,2,47.3614653,0.005442145,280,32290.57908,0.079482759
SF11457,Telangana,Nalgonda,Pulses,Kharif,10.22,792.1,24.9,58.8,5.6,5.36,32.5,110.2,32.1,41.3,Flood,172.5,6.57,0.85,0.3,3.07,73740,897039,226382,-670657,4437,0.692,42.6,0.3,-296.2501436,0.000691909,183.6,292195.114,0.154225352
SF11458,Tamil Nadu,Erode,Cotton,Rabi,3.71,272.2,23.5,52.5,8.1,7.52,19.4,141.2,73.3,120.1,Flood,113.4,6.42,0.89,0.68,2.52,71480,226066,180130,-45936,3144,0.802,42.3,0.68,-25.50158219,0.000801527,334.6,89708.73016,0.15177305
SF11459,Tamil Nadu,Erode,Groundnut,Kharif,13.29,776.4,32.9,73.8,7,6.68,33.9,88.2,57,113,Rainfed,96.4,7.01,0.94,1.86,24.72,62510,848746,1545247,696501,3745,6.601,55.6,1.86,45.07376491,0.006600801,258.2,34334.38511,0.126079137
SF11460,Telangana,Warangal,Rice,Kharif,10.15,988.2,29.3,76.7,7.1,6.39,32.2,129.1,51.4,133.1,Drip,149.7,8.68,0.98,3.77,38.27,21228,680854,812396,131542,11996,3.19,52.8,3.77,16.19185717,0.00319023,313.6,17790.80219,0.164393939
SF11461,Gujarat,Rajkot,Sugarcane,Rabi,9.51,573.3,21.2,50.6,6.4,6.58,26.4,92.2,79.9,66.8,Sprinkler,233.4,6.93,0.87,67.12,638.31,3328,731205,2124296,1393091,17398,36.689,30.8,67.12,65.57894945,0.0366887,238.9,1145.532735,0.225
SF11462,Tamil Nadu,Erode,Pulses,Kharif,7.88,1046.1,26.7,56.9,6.6,6.76,30.7,167.6,37.2,108.5,Rainfed,201.3,5.35,0.85,1.38,10.87,74570,454597,810576,355979,1335,8.142,35.6,1.38,43.91679497,0.008142322,313.3,41821.25115,0.150280899
SF11463,Andhra Pradesh,Guntur,Maize,Rabi,14.24,551.8,19.3,48.4,8.4,7.1,34.2,96.1,49.3,124.8,Rainfed,252.6,6.13,0.77,3,42.72,19093,1064101,815653,-248448,4446,9.609,31.5,3,-30.46001179,0.009608637,270.2,24908.73127,0.194603175
SF11464,Karnataka,Raichur,Wheat,Kharif,7.66,612.6015666,26.4,72.3,6.9,7.31,32.2,143.7,48.7,83.2,Drip,106,3.77,1,2.03,15.55,21382,441481,332490,-108991,3587,4.335,56.3,2.03,-32.78023399,0.004335099,275.6,28391.06109,0.0669627
SF11465,Maharashtra,Nashik,Sugarcane,Kharif,7.65,579.6,28,75,5.5,6.74,39.4,153,43.2,100.5,Drip,205.1,7.2,1,91.98,703.65,3839,484604,2701312,2216708,12787,55.029,44.5,91.98,82.06042101,0.055028545,296.7,688.7003482,0.161797753
SF11466,Gujarat,Rajkot,Groundnut,Rabi,8.32,400.5,23.9,48,7,5.76,22.1,86.9,45,165,Drip,216.4,6.4,0.85,0.58,4.83,58500,597966,282555,-315411,2885,1.674,33.6,0.58,-111.6281786,0.001674177,296.9,123802.4845,0.19047619
SF11467,Andhra Pradesh,Guntur,Cotton,Zaid,5.82,330.3,31.9,52.7,5.9,7.01,20.2,127.8,37.2,127.1,Flood,136.4,3.75,0.77,1.07,6.23,73344,340964,456933,115969,5638,1.105,42.6,1.07,25.3798697,0.001105002,292.1,54729.374,0.088028169
SF11468,Telangana,Warangal,Cotton,Rabi,9.89,697.8,23.5,63.8,6.6,7.64,22.8,60.1,58.5,99.3,Flood,159.7,2.15,0.75,0.53,5.24,59194,580185,310177,-270008,9590,0.546,53.1,0.53,-87.0496523,0.000546403,217.9,110722.3282,0.040489642
SF11469,Telangana,Warangal,Maize,Kharif,4.84,685.2,27.9,76.4,7.7,6.81,30.6,91.4,54.4,126.6,Sprinkler,81.5,2.55,0.72,5.66,27.39,23418,238854,641419,402565,2658,10.305,64.4,5.66,62.76162696,0.01030474,272.4,8720.481928,0.039596273
SF11470,Andhra Pradesh,Guntur,Pulses,Rabi,11.29,333.7,23.3,64,9.3,6.64,29.9,125.5,67.8,87,Flood,261.9,4.47,0.7,1.05,11.85,65227,748830,772940,24110,5687,2.084,38.7,1.05,3.119258933,0.0020837,280.3,63192.40506,0.115503876
SF11471,Andhra Pradesh,Guntur,Groundnut,Rabi,3.88,264,25.4,61.6,7.7,6.96,28.5,149.4,41.2,94.9,Sprinkler,258.1,5.97,0.87,1.66,6.44,58014,314222,373610,59388,1800,3.578,32,1.66,15.89572014,0.003577778,285.5,48792.23602,0.1865625
SF11472,Andhra Pradesh,Guntur,Pulses,Rabi,14.91,504.5,24.1,38.1,6,6.9,18.2,95.9,53.4,122.1,Rainfed,272,5.58,0.81,1.07,15.95,75559,1091574,1205166,113592,2237,7.13,33.8,1.07,9.425423552,0.007130085,271.4,68437.24138,0.165088757
SF11473,Tamil Nadu,Erode,Rice,Rabi,8.45,357.1,19,53.6,6.5,6.07,23.7,118.9,63.9,118.4,Drip,194.6,4.74,0.92,1.81,15.29,21385,565287,326977,-238310,9973,1.533,33.3,1.81,-72.88280215,0.001533139,301.2,36971.02681,0.142342342
SF11474,Telangana,Nalgonda,Rice,Kharif,6.97,847.5,26.7,70.2,7.5,7.93,27.4,160,43.6,119.7,Sprinkler,52.1,7.91,0.85,0.72,5.02,22102,431178,110952,-320226,8911,0.563,40.4,0.72,-288.6166991,0.000563349,323.3,85892.03187,0.195792079
SF11475,Andhra Pradesh,Guntur,Rice,Rabi,2.28,383.6,22.4,66.7,7.1,6.57,25.2,57.3,65.4,94.1,Rainfed,160.9,4.81,0.69,2.39,5.45,21782,123220,118712,-4508,1580,3.449,52.6,2.39,-3.797425703,0.003449367,216.8,22609.17431,0.091444867
SF11476,Telangana,Nalgonda,Rice,Rabi,10.87,457.3,22.6,45.6,6.9,6.26,30.3,79.5,69.9,49.2,Rainfed,173,5.7,0.8,2,21.74,22722,801055,493976,-307079,9298,2.338,52.9,2,-62.16476104,0.002338137,198.6,36847.05612,0.107750473
SF11477,Andhra Pradesh,Guntur,Chilli,Rabi,3.79,482,24.9,48.7,8.9,6.17,23,82.5,44,112.1,Flood,192.4,5.26,0.99,1.58,5.99,108584,258456,650418,391962,3050,1.964,51.2,1.58,60.26309235,0.001963934,238.6,43147.91319,0.102734375
SF11478,Punjab,Ludhiana,Groundnut,Rabi,0.75,235.2,22.7,48.6,7.6,6.95,20.4,121.6,74.3,146,Rainfed,166.5,4.51,0.73,1.19,0.89,55399,44667,49305,4638,191,4.66,43.9,1.19,9.406753879,0.004659686,341.9,50187.64045,0.102733485
SF11479,Andhra Pradesh,Guntur,Wheat,Kharif,0.73,1075.8,31.4,66.7,6.6,6.8,32.9,93.7,36.9,92.3,Sprinkler,279.8,9.04,0.87,2.39,1.74,22362,58278,38910,-19368,402,4.328,45.4,2.39,-49.77640709,0.004328358,222.9,33493.10345,0.199118943
SF11480,Andhra Pradesh,Krishna,Rice,Rabi,12.89,442.8,22.5,76,7.7,7.93,26.2,130.8,73,108.5,Flood,117.8,4.79,0.9,0.47,6.06,21131,945158,128054,-817104,21743,0.279,45.7,0.47,-638.0933044,0.00027871,312.3,155966.6667,0.104814004
SF11481,Karnataka,Raichur,Pulses,Kharif,13.37,1025.4,31.1,73,6.9,7.54,23.8,67.5,59.7,129.8,Flood,249.2,1.57,0.67,0.48,6.42,72140,1073179,463139,-610040,6942,0.925,60.9,0.48,-131.7185553,0.000924806,257,167161.838,0.025779967
SF11482,Madhya Pradesh,Indore,Pulses,Rabi,5.54,257.7,21.2,53.5,7.1,5.69,20,116.1,25.1,110.7,Sprinkler,210.8,1.31,0.8,0.3,1.66,58047,359519,96358,-263161,2268,0.732,42.7,0.3,-273.107578,0.000731922,251.9,216577.7108,0.030679157
SF11483,Punjab,Ludhiana,Chilli,Zaid,11.36,127,34,48,7.8,6.18,26.8,174.5,82.7,85.8,Drip,123.5,3.47,0.94,1.26,14.31,103686,622905,1483747,860842,7279,1.966,37.2,1.26,58.01811225,0.001965929,343,43529.3501,0.09327957
SF11484,Gujarat,Rajkot,Wheat,Kharif,1.2,1321.6,27.8,64.4,5.4,6.07,28.9,103.5,52.2,119.1,Rainfed,196.9,3.55,0.73,1.23,1.48,23745,79759,35143,-44616,336,4.405,61.3,1.23,-126.9555815,0.004404762,274.8,53891.21622,0.057911909
SF11485,Tamil Nadu,Erode,Pulses,Zaid,7.99,279.4,28.1,56.9,7.6,6.38,26.4,114.9,54.5,126.5,Flood,95.2,4.72,0.66,0.96,7.67,74269,549054,569643,20589,4352,1.762,40.7,0.96,3.614369,0.001762408,295.9,71584.61538,0.115970516
SF11486,Andhra Pradesh,Krishna,Groundnut,Kharif,7.45,772.3,27.6,85.4,7.5,6.65,28.4,102.9,55.7,101.4,Drip,152.8,5.73,0.88,2.45,18.25,52649,466391,960844,494453,2526,7.225,59.1,2.45,51.46027867,0.007224861,260,25555.67123,0.096954315
SF11487,Punjab,Ludhiana,Chilli,Rabi,14.61,553.4,21.7,72.6,6.7,6.76,29.1,171.6,45.5,103.6,Drip,218.2,5.15,0.8,2.69,39.3,94045,812696,3695968,2883272,8730,4.502,44.1,2.69,78.01128148,0.004501718,320.7,20679.28753,0.116780045
SF11488,Telangana,Nalgonda,Pulses,Kharif,3.03,1040.9,28.9,57.6,6.9,5.89,42.3,121.5,28.6,86.4,Flood,182.5,6.55,0.96,0.53,1.61,62681,221958,100916,-121042,1536,1.048,49.5,0.53,-119.9433192,0.001048177,236.5,137862.1118,0.132323232
SF11489,Telangana,Nalgonda,Pulses,Kharif,6.97,845.5,33.3,80.2,4.6,6.43,29.2,98.9,72.7,97.1,Drip,166.3,5.75,0.73,1.36,9.48,73225,424761,694173,269412,2423,3.913,49.8,1.36,38.81049825,0.003912505,268.7,44806.01266,0.115461847
SF11490,Telangana,Warangal,Chilli,Zaid,1.58,236.1,31.3,52.7,7.9,6.3,13,88.4,40.2,102.7,Sprinkler,209.1,3.82,0.69,1.49,2.35,92158,117759,216571,98812,1017,2.311,42.4,1.49,45.62568396,0.002310718,231.3,50110.21277,0.09009434
SF11491,Andhra Pradesh,Krishna,Maize,Rabi,13.78,525.8,28.6,54.4,7.3,5.43,27.1,143.3,70.3,128.3,Drip,109.6,4.23,0.8,0.61,8.41,19507,792857,164054,-628803,6680,1.259,54.3,0.61,-383.2902581,0.001258982,341.9,94275.50535,0.077900552
SF11492,Gujarat,Rajkot,Wheat,Rabi,5.97,724.4,24,68.8,7,7.05,19.4,128,74.5,62.7,Sprinkler,272.9,5.45,0.72,2.9,17.31,24335,376228,421239,45011,3240,5.343,52.9,2.9,10.68538288,0.005342593,265.2,21734.71982,0.103024575
SF11493,Maharashtra,Nashik,Maize,Zaid,9.65,292.6,31.9,37.7,8.8,7.22,18.6,196.8,69.9,95.9,Rainfed,50.6,8.99,0.85,2.18,21.04,17694,412404,372282,-40122,2854,7.372,15.1,2.18,-10.77731397,0.007372109,362.6,19600.95057,0.595364238
SF11494,Punjab,Ludhiana,Groundnut,Kharif,5.91,569.2,32.1,75.4,7.1,6.51,31.3,132.2,49.5,147.2,Flood,150.1,6.82,0.91,1.72,10.17,46330,482059,471176,-10883,3484,2.919,45.3,1.72,-2.309752619,0.002919059,328.9,47400.09833,0.150551876
SF11495,Gujarat,Rajkot,Chilli,Kharif,10.01,788.6,22.9,59.5,8.4,6.51,38.2,74.7,54.6,85.8,Flood,316.1,3.18,0.96,2.23,22.32,89908,883886,2006747,1122861,6484,3.442,57.5,2.23,55.95428821,0.00344232,215.1,39600.62724,0.055304348
SF11496,Andhra Pradesh,Guntur,Wheat,Kharif,3.86,1395.2,25.9,64.4,6.2,6.87,29.8,133.1,53.8,105.5,Flood,163,6.18,0.87,2.4,9.26,22646,231318,209702,-21616,3065,3.021,68.2,2.4,-10.30796082,0.003021207,292.4,24980.34557,0.090615836
SF11497,Gujarat,Rajkot,Sugarcane,Rabi,3.27,575.9673418,28.1,65.6,6.8,6.75,26.7,115.4,52.6,106.3,Flood,192.9,4.72,0.92,79.86,261.14,3227,208043,842699,634656,6440,40.55,47.8,79.86,75.31230012,0.040549689,274.3,796.6722831,0.09874477
SF11498,Telangana,Warangal,Sugarcane,Zaid,14.51,430.5,30,51.8,7.5,7.09,19.3,74.4,47.9,108.4,Rainfed,186.6,4.87,0.86,40.18,583.01,3708,1020799,2161801,1141002,13150,44.335,41.1,40.18,52.78015877,0.044335361,230.7,1750.911648,0.118491484
SF11499,Andhra Pradesh,Krishna,Maize,Kharif,12.44,1139.2,28.8,84.6,5.8,6.15,30.3,96.3,42.7,77.2,Flood,204.4,6.09,0.83,2.46,30.6,21413,924101,655238,-268863,8594,3.561,42.3,2.46,-41.0328766,0.003560624,216.2,30199.37908,0.143971631
SF11500,Maharashtra,Nashik,Maize,Zaid,9.33,169.5,30.2,46.7,8.2,6.83,9.1,161.3,54.4,61.4,Rainfed,217,5.72,0.94,1.9,17.73,21316,635637,377933,-257704,3469,5.111,30.5,1.9,-68.18774756,0.005110983,277.1,35850.93063,0.187540984
SF11501,Telangana,Nalgonda,Maize,Rabi,2.14,313.6,23.9,56.1,7.3,6.1,28.5,167.3,40.9,160.5,Sprinkler,131.9,3,0.74,2.55,5.46,22678,119797,123822,4025,995,5.487,48.5,2.55,3.250633975,0.005487437,368.7,21940.84249,0.06185567
SF11502,Madhya Pradesh,Indore,Maize,Zaid,0.56,244.9,29.5,60,9.8,6.63,21.6,105.1,55.6,56.3,Drip,300.5,8.27,0.97,3.21,1.8,20443,40736,36797,-3939,257,7.004,37.4,3.21,-10.70467701,0.007003891,217,22631.11111,0.221122995
SF11503,Andhra Pradesh,Guntur,Pulses,Kharif,5.03,1167,29.4,84.4,7.1,6.79,29.9,108.1,29.3,121,Flood,232.5,4.03,0.8,1.19,5.99,67182,340711,402420,61709,2575,2.326,61.5,1.19,15.33447642,0.002326214,258.4,56879.96661,0.065528455
SF11504,Madhya Pradesh,Indore,Rice,Kharif,5.08,985.4,24.9,74.6,6.6,6.32,32.7,94.3,48.6,86.6,Flood,259.6,3.25,0.79,2.84,14.43,20014,338419,288802,-49617,10584,1.363,60.7,2.84,-17.18028269,0.001363379,229.5,23452.46015,0.05354201
SF11505,Andhra Pradesh,Krishna,Sugarcane,Rabi,4.58,203.5,25.6,59.5,6.9,6,29.8,132.6,91,137.5,Flood,252.7,7.2,0.88,28.48,130.44,3337,358289,435278,76989,10212,12.773,24.5,28.48,17.68731707,0.012773208,361.1,2746.772462,0.293877551
SF11506,Gujarat,Rajkot,Pulses,Rabi,6.09,321.4,22.2,56.5,8.1,7.72,22.5,180.3,68.9,116.7,Sprinkler,181.1,5.52,0.93,0.3,1.83,88103,396021,161228,-234793,2263,0.809,37.4,0.3,-145.6279306,0.000808661,365.9,216404.918,0.147593583
SF11507,Karnataka,Raichur,Rice,Kharif,12.64,1009.1,27.1,81.7,8.7,6.99,26.4,109.8,60,102.8,Drip,124.8,5.79,0.78,3.82,48.28,20728,807366,1000748,193382,20632,2.34,64.4,3.82,19.32374584,0.002340054,272.6,16722.57664,0.089906832
SF11508,Tamil Nadu,Erode,Rice,Rabi,9.82,480.9,21.3,54.9,9,6.47,22.3,117.9,54.2,92,Drip,340.2,5.9,0.82,3.36,33,23622,686085,779526,93441,11411,2.892,31.2,3.36,11.98689973,0.002891946,264.1,20790.45455,0.189102564
SF11509,Gujarat,Rajkot,Groundnut,Rabi,9.17,407.1,26.4,52.9,7.2,7.33,21.9,154.1,59.1,131.9,Sprinkler,119.1,3.64,0.81,1.02,9.35,50296,529075,470268,-58807,4401,2.125,46.4,1.02,-12.50499715,0.002124517,345.1,56585.5615,0.078448276
SF11510,Telangana,Nalgonda,Wheat,Rabi,4.46,574.8,21.8,57.5,8.6,6.2,20.9,211.9,69.9,114.7,Rainfed,101.9,3.15,0.69,2.48,11.06,24259,241522,268305,26783,1069,10.346,45.2,2.48,9.982296267,0.010346118,396.5,21837.43219,0.069690265
SF11511,Gujarat,Rajkot,Groundnut,Rabi,1.91,456.3,24.6,69.9,7.4,6.95,14.4,79.4,56.1,76.8,Rainfed,246.5,1.62,0.69,1.52,2.9,52656,118096,152702,34606,487,5.955,41.1,1.52,22.66244057,0.005954825,212.3,40722.75862,0.039416058
SF11512,Telangana,Warangal,Groundnut,Rabi,8,550.3,26.3,49.6,6.4,7.13,31,58.8,56.8,101,Rainfed,190.7,9.96,0.94,1.41,11.28,53472,589798,603164,13366,2017,5.592,27.4,1.41,2.21598106,0.005592464,216.6,52287.05674,0.36350365
SF11513,Karnataka,Raichur,Rice,Rabi,0.54,315.5,23.6,49.5,8.7,6.18,17.3,158.6,61.1,52.6,Sprinkler,159.3,5.1,0.75,2.2,1.19,22645,32924,26948,-5976,821,1.449,30.5,2.2,-22.17604275,0.001449452,272.3,27667.22689,0.167213115
SF11514,Maharashtra,Nashik,Groundnut,Kharif,10.14,1097.3,26.8,67.7,4.6,7.33,32.9,117.7,88.3,83.1,Rainfed,124.1,3.74,0.99,0.88,8.92,59622,632016,531828,-100188,2747,3.247,67,0.88,-18.83842144,0.003247179,289.1,70853.81166,0.055820896
SF11515,Punjab,Ludhiana,Rice,Kharif,13.37,1047.4,26.7,68.5,7.1,6.19,27,116.9,76.3,145.4,Drip,189.6,5.02,0.8,2.84,37.97,23189,962185,880486,-81699,16672,2.277,44.5,2.84,-9.278852815,0.002277471,338.6,25340.66368,0.112808989
SF11516,Karnataka,Raichur,Sugarcane,Rabi,8.12,344.8,24.7,48.9,9.8,6.01,20.5,81,72.1,63.5,Drip,216.8,2.44,0.95,29.09,236.21,3436,516358,811618,295260,14776,15.986,37.1,29.09,36.37918331,0.015986058,216.6,2186.012447,0.065768194
SF11517,Telangana,Warangal,Pulses,Kharif,9.52,706.1,25.7,67.5,5.3,6.75,32.4,148.8,65.5,160,Flood,124,7.64,0.91,1.75,16.66,65284,719681,1087631,367950,4520,3.686,42.7,1.75,33.83040756,0.003685841,374.3,43198.13926,0.178922717
SF11518,Telangana,Nalgonda,Cotton,Rabi,4.64,609.4,24.6,62.8,6.9,6.15,22.4,97.9,51.9,96.9,Rainfed,198.5,4.87,0.81,1.01,4.69,62456,254342,292919,38577,1920,2.443,46.9,1.01,13.16985242,0.002442708,246.7,54230.70362,0.103837953
SF11519,Andhra Pradesh,Krishna,Chilli,Rabi,9.66,540.5,21,54.7,8,6.56,17.7,154.9,46.7,121.1,Flood,150.3,7.67,0.95,2.2,21.25,88186,656636,1873952,1217316,7908,2.687,37.6,2.2,64.95982821,0.002687152,322.7,30900.51765,0.203989362
SF11520,Andhra Pradesh,Guntur,Maize,Rabi,13.24,373.3,24,57.4,7.3,6.35,24.4,69.9,84.1,71.3,Flood,173.7,6.07,0.98,3.68,48.72,23996,977146,1169085,191939,9358,5.206,32.9,3.68,16.41788236,0.005206241,225.3,20056.36289,0.18449848
SF11521,Telangana,Nalgonda,Sugarcane,Kharif,11.54,734.7,27.9,76.4,6,5.66,22.6,95.9,39,45,Flood,251.4,6.88,0.92,17.79,205.3,3698,1009237,759199,-250038,30054,6.831,49.7,17.79,-32.93444802,0.006831037,179.9,4915.913298,0.138430584
SF11522,Gujarat,Rajkot,Pulses,Rabi,8.13,472.8,20.8,60.1,7,7.4,18.8,49.1,54.4,84.9,Drip,153.3,7.4,0.89,0.63,5.12,65920,527589,337510,-190079,2263,2.262,44.8,0.63,-56.31803502,0.002262483,188.4,103044.7266,0.165178571
SF11523,Andhra Pradesh,Guntur,Pulses,Kharif,9.96,839.5,28.9,72.9,7.2,7.7,22,142.5,43,125.2,Drip,191.4,4.59,0.82,0.58,5.78,65855,668240,380642,-287598,2559,2.259,55.8,0.58,-75.55603428,0.002258695,310.7,115612.4567,0.082258065
SF11524,Punjab,Ludhiana,Cotton,Kharif,1.34,635.1,28.5,73.3,6.9,6.41,30.1,129.9,65.9,30,Sprinkler,248.1,3.82,0.71,1.88,2.52,55050,95725,138726,43001,860,2.93,54.7,1.88,30.99707337,0.002930233,225.8,37986.11111,0.069835466
SF11525,Karnataka,Raichur,Rice,Kharif,13.01,883.7,25.6,74.4,6,7.49,23.2,157.8,62.6,96.3,Rainfed,145.2,5.57,0.76,1.9,24.72,21653,814830,535262,-279568,9343,2.646,56.5,1.9,-52.23012282,0.002645831,316.7,32962.37864,0.098584071
SF11526,Andhra Pradesh,Guntur,Maize,Rabi,4.5,702.3,19.9,71.2,6.1,6.96,25.9,115.7,64.5,84.4,Flood,258.9,2.36,0.7,3.37,15.16,20946,327597,317541,-10056,2662,5.695,60.4,3.37,-3.166835149,0.005694966,264.6,21609.30079,0.039072848
SF11527,Telangana,Nalgonda,Rice,Kharif,9.1,644.5,28.6,74.5,6.9,6.66,34.2,124.4,85.2,79.3,Drip,214.6,6.76,0.78,5.67,51.6,21419,655450,1105220,449770,11141,4.632,36.5,5.67,40.69506524,0.004631541,288.9,12702.51938,0.185205479
SF11528,Telangana,Warangal,Cotton,Rabi,12.76,346.2,23.1,41.7,8.7,5.28,20.2,108.1,40.3,111.5,Rainfed,208.7,6.07,0.79,0.3,3.83,66522,856983,254779,-602204,5217,0.734,27.4,0.3,-236.3632795,0.000734138,259.9,223755.3525,0.221532847
SF11529,Maharashtra,Nashik,Rice,Kharif,6.25,823.7,27.8,64.8,6.1,6.94,30.3,113.7,74.2,94.8,Rainfed,149.3,5.05,0.66,3.16,19.75,18958,369710,374420,4710,4842,4.079,48.8,3.16,1.257945623,0.004078893,282.7,18719.49367,0.103483607
SF11530,Gujarat,Rajkot,Rice,Rabi,8.18,511.5,24.9,73.3,9.2,5.85,21.9,144.6,55.8,107.4,Sprinkler,170.6,5.89,0.84,1.69,13.82,23553,568960,325502,-243458,10842,1.275,38.7,1.69,-74.79462492,0.001274673,307.8,41169.31983,0.152196382
SF11531,Karnataka,Raichur,Pulses,Zaid,1.97,279.7,30.6,42.4,8.1,6.52,11.7,72.6,61.6,125.3,Sprinkler,158.2,7.05,0.72,0.82,1.62,55153,110739,89348,-21391,613,2.643,27.6,0.82,-23.94121861,0.002642741,259.5,68357.40741,0.255434783
SF11532,Andhra Pradesh,Guntur,Chilli,Rabi,2.21,314.5,20.9,52.3,5.8,6.69,21.9,116.7,56.2,117.9,Sprinkler,166.9,7.3,0.93,1.67,3.69,115364,158940,425693,266753,1022,3.611,34.1,1.67,62.66323383,0.003610568,290.8,43073.17073,0.214076246
SF11533,Andhra Pradesh,Guntur,Groundnut,Rabi,3.43,598.6,24.8,51.1,7.6,5.6,24.6,54.9,80,131.7,Rainfed,197.8,3.12,0.88,0.41,1.41,61279,212084,86403,-125681,883,1.597,42.9,0.41,-145.4590697,0.001596829,266.6,150414.1844,0.072727273
SF11534,Andhra Pradesh,Guntur,Rice,Kharif,3.68,810.1,25.7,78.7,7.4,6.28,33.5,132.2,64.9,104.9,Sprinkler,215.3,1.07,0.91,3.34,12.29,19439,247904,238905,-8999,6068,2.025,55.2,3.34,-3.766769218,0.002025379,302,20171.19609,0.019384058
SF11535,Madhya Pradesh,Indore,Maize,Rabi,13.17,370.7,22,68.4,9,5.56,21.7,106.6,66.6,123.3,Rainfed,260.1,5.83,0.68,0.54,7.11,16092,957450,114414,-843036,4210,1.689,38.1,0.54,-736.829409,0.001688836,296.5,134662.4473,0.153018373
SF11536,Tamil Nadu,Erode,Rice,Kharif,8.24,1041.6,26.3,77.6,7.2,6.21,32.3,80.6,34.9,107.3,Flood,158.2,7.13,0.88,2.48,20.44,22842,552490,466890,-85600,13268,1.541,56.2,2.48,-18.33408297,0.001540549,222.8,27029.84344,0.126868327
SF11537,Andhra Pradesh,Krishna,Cotton,Kharif,13.54,536.1,23.9,59.2,7.1,6.42,25.2,130.3,62.2,98,Drip,223.9,5.88,0.97,2.22,30.06,65686,798319,1974521,1176202,7802,3.853,31.5,2.22,59.56897901,0.003852858,290.5,26557.5183,0.186666667
SF11538,Maharashtra,Nashik,Maize,Kharif,6.42,967,30.1,75.4,6.6,6.96,34.8,115.2,77.8,145.2,Drip,199.1,4.57,0.87,4.31,27.67,19934,497089,551574,54485,2813,9.836,60.4,4.31,9.878094326,0.009836474,338.2,17964.90784,0.075662252
SF11539,Karnataka,Raichur,Sugarcane,Kharif,12.87,830.4,30.2,71.1,6.1,5.95,43.5,160.4,94.1,116.6,Flood,231,3.94,0.94,37.75,485.84,3502,907621,1701412,793791,28126,17.274,61,37.75,46.65483728,0.017273697,371.1,1868.14795,0.064590164
SF11540,Tamil Nadu,Erode,Rice,Rabi,4.67,553,25.5,44.6,6.7,6.04,18.1,137,79.8,78.6,Sprinkler,164.5,3.09,0.92,2.36,11.02,21877,316858,241085,-75773,6506,1.694,43.1,2.36,-31.42999357,0.001693821,295.4,28752.99456,0.071693735
SF11541,Punjab,Ludhiana,Maize,Kharif,9.38,829.1,29.3,64.5,7.3,7.4,36.1,101.4,71.1,123.5,Rainfed,108.8,4.39,0.78,2.32,21.76,24780,520526,539213,18687,3139,6.932,57.2,2.32,3.465606356,0.006932144,296,23921.23162,0.076748252
SF11542,Andhra Pradesh,Krishna,Pulses,Kharif,4.77,817.2,30.1,74.1,6.7,6.22,36.5,117.9,60,94.4,Flood,114.3,4.96,0.84,0.92,4.39,70158,302777,307994,5217,2316,1.896,51.1,0.92,1.693864166,0.001895509,272.3,68969.70387,0.097064579
SF11543,Telangana,Nalgonda,Pulses,Kharif,14.07,606.8,30.5,62.9,6.2,5.73,28.4,172.5,53.7,133.8,Drip,289.9,5.63,0.97,0.57,8.02,67533,1120882,541615,-579267,4939,1.624,51.7,0.57,-106.9518016,0.00162381,360,139760.8479,0.108897485
SF11544,Andhra Pradesh,Guntur,Cotton,Zaid,6.59,125.5,29.2,51.4,9.5,7.65,26.7,96.7,53.1,132.3,Drip,162.8,5.94,0.85,0.43,2.83,73496,461848,207994,-253854,4029,0.702,28.5,0.43,-122.0487129,0.000702408,282.1,163197.1731,0.208421053
SF11545,Madhya Pradesh,Indore,Cotton,Rabi,7.87,587.1,22,62.1,7.4,6.26,22.8,91.4,54.9,133.3,Sprinkler,145.7,1.91,0.74,1.54,12.12,61019,455001,739550,284549,5073,2.389,46.4,1.54,38.47596511,0.002389119,279.6,37541.33663,0.041163793
SF11546,Telangana,Warangal,Groundnut,Kharif,2.41,722.3,28.9,80.5,8,5.75,36.2,112.5,56.6,108.8,Rainfed,172.1,4.97,0.7,0.62,1.49,58401,137444,87017,-50427,581,2.565,56.8,0.62,-57.95074526,0.002564544,277.9,92244.2953,0.0875
SF11547,Gujarat,Rajkot,Groundnut,Kharif,7.73,982.6,31,72.3,6.3,6.47,26.4,86.1,81.2,139.4,Flood,190.9,3.81,0.68,1.74,13.45,63337,497733,851883,354150,4711,2.855,62.8,1.74,41.57261032,0.00285502,306.7,37006.171,0.06066879
SF11548,Gujarat,Rajkot,Sugarcane,Rabi,4.39,317.1,25,67.3,8.5,5.6,15.6,57.7,47.2,113.2,Flood,206.9,3.67,0.68,9.09,39.91,3867,271062,154332,-116730,11757,3.395,51.3,9.09,-75.63564264,0.003394573,218.1,6791.831621,0.071539961
SF11549,Tamil Nadu,Erode,Cotton,Zaid,12.64,197,31.8,51.9,9.1,5.82,16.1,98,39.2,50.1,Flood,178.2,7.08,0.99,0.38,4.8,61866,915408,296957,-618451,12378,0.388,23.4,0.38,-208.2628125,0.000387785,187.3,190710,0.302564103
SF11550,Madhya Pradesh,Indore,Wheat,Zaid,10.59,353.2,29.6,43.6,9.7,6.59,26.5,127.8,34.5,105.5,Rainfed,40,3.29,0.86,2.1,22.24,26423,604279,587648,-16631,3154,7.051,54.5,2.1,-2.830095567,0.007051363,267.8,27170.81835,0.060366972
SF11551,Telangana,Warangal,Pulses,Kharif,14.73,894.2,27.1,63.2,7.2,6.97,26.4,147.8,51.9,93.4,Flood,144.2,6.43,0.92,1.28,18.85,75797,1062377,1428773,366396,7214,2.613,58.2,1.28,25.64410162,0.002612975,293.1,56359.52255,0.1104811
SF11552,Andhra Pradesh,Krishna,Cotton,Rabi,8.62,317.3,20.3,58.6,8.4,6.67,19.5,109.2,48.7,125.5,Flood,104.6,2.4,0.98,1.52,13.1,59005,513161,772966,259805,9524,1.375,45.4,1.52,33.61143957,0.001375472,283.4,39172.59542,0.052863436
SF11553,Telangana,Nalgonda,Wheat,Rabi,6.78,622.2,30,68.2,9.1,5.61,16.5,164.6,41.4,85.1,Rainfed,217.4,5.83,0.68,0.75,5.08,25403,484362,129047,-355315,1932,2.629,42.8,0.75,-275.3376677,0.0026294,291.1,95346.85039,0.136214953
SF11554,Gujarat,Rajkot,Rice,Kharif,11.22,892.3,32.6,70,6.2,6.82,24.5,135.1,61,169.4,Flood,220,1.56,0.92,3.63,40.73,21418,887424,872355,-15069,19361,2.104,74.4,3.63,-1.727393091,0.002103714,365.5,21787.96956,0.020967742
SF11555,Madhya Pradesh,Indore,Wheat,Kharif,7.69,859.4,31.8,83.6,6.1,6.58,38.1,115,54,74,Sprinkler,142.5,1.94,0.92,2.6,19.99,18399,450733,367796,-82937,3912,5.11,53.5,2.6,-22.54972865,0.005109918,243,22547.92396,0.036261682
SF11556,Telangana,Nalgonda,Groundnut,Kharif,13.57,738.5,28.4,69.1,7.4,6.86,24.5,94.1,49.9,73.4,Flood,123.4,6.14,0.91,1.74,23.61,59116,882008,1395729,513721,7803,3.026,52,1.74,36.8066437,0.003025759,217.4,37357.39094,0.118076923
SF11557,Telangana,Warangal,Rice,Rabi,12.82,319.5,24.5,72.5,6.9,6.04,31.4,133.6,72.8,114.2,Sprinkler,201.4,6.67,0.81,1.92,24.61,16902,1035543,415958,-619585,20851,1.18,35.2,1.92,-148.9537405,0.001180279,320.6,42078.13897,0.189488636
SF11558,Telangana,Warangal,Rice,Kharif,0.89,882.7,26.2,71.8,8.2,6.57,32.8,100.3,56.5,144.3,Flood,168.2,8.25,0.88,4.29,3.82,24445,57675,93380,35705,1800,2.122,47.3,4.29,38.23623902,0.002122222,301.1,15098.16754,0.174418605
SF11559,Andhra Pradesh,Krishna,Pulses,Rabi,4.58,149.7,29.3,65.9,8,6.48,27,146.3,72.5,94.3,Rainfed,261.3,7.79,0.81,0.98,4.49,70556,301669,316796,15127,769,5.839,49.2,0.98,4.774997159,0.005838752,313.1,67186.85969,0.158333333
SF11560,Karnataka,Raichur,Groundnut,Kharif,13.13,717.9,30.7,73.5,6.4,6.46,32.3,107,69.5,49.3,Rainfed,194,2.8,0.65,1.78,23.37,55623,885704,1299910,414206,3815,6.126,56.6,1.78,31.86420598,0.006125819,225.8,37899.18699,0.049469965
SF11561,Telangana,Nalgonda,Pulses,Rabi,2.69,311.1,23.5,51.7,7.8,6.52,18.8,76.9,86.5,95.1,Rainfed,241.1,8.09,0.81,0.87,2.34,65502,222228,153275,-68953,611,3.83,31.4,0.87,-44.98646224,0.003829787,258.5,94969.23077,0.257643312
SF11562,Maharashtra,Nashik,Groundnut,Rabi,6.54,391.5,21.4,73.1,7.5,6.08,22.3,93.7,61.5,109.8,Flood,223.2,2.79,0.96,0.8,5.23,60378,501937,315777,-186160,4033,1.297,52.9,0.8,-58.95299531,0.001296801,265,95972.65774,0.052741021
SF11563,Punjab,Ludhiana,Pulses,Kharif,8.1,797.5,33.9,82.3,7.5,6.95,37.3,94.3,58.5,92.7,Rainfed,211.7,4.42,0.89,1.1,8.91,78354,586986,698134,111148,1586,5.618,76.9,1.1,15.92072582,0.005617907,245.5,65879.46128,0.057477243
SF11564,Maharashtra,Nashik,Cotton,Zaid,8.18,80,32.9,67.2,9.3,5.3,18.7,135,45,50.4,Sprinkler,139.6,7.39,0.71,0.3,2.45,60543,483844,148330,-335514,6197,0.395,19.5,0.3,-226.1942965,0.000395353,230.4,197487.3469,0.378974359
SF11565,Andhra Pradesh,Krishna,Wheat,Kharif,9.85,1019.2,29.8,73.5,8.4,6.23,25.9,181.7,58.8,76.8,Rainfed,40,7.19,0.89,1.98,19.5,22863,519279,445828,-73451,3130,6.23,63.1,1.98,-16.47518774,0.006230032,317.3,26629.69231,0.113946117
SF11566,Telangana,Nalgonda,Wheat,Kharif,9.19,721.4,27.7,60.8,7.5,6.94,29,144.7,69.3,112.3,Rainfed,163.2,5.89,0.95,3.25,29.87,23711,537518,708248,170730,2476,12.064,55.3,3.25,24.10596288,0.012063813,326.3,17995.24607,0.106509946
SF11567,Tamil Nadu,Erode,Maize,Kharif,12.37,1136.7,30.4,68.4,6.5,6.53,22.3,99.4,78.3,103,Rainfed,155.3,6.29,0.78,3.21,39.71,24963,814805,991281,176476,3548,11.192,67.6,3.21,17.80282281,0.011192221,280.7,20518.88693,0.093047337
SF11568,Maharashtra,Nashik,Wheat,Zaid,3.78,80,29.4,52,9.3,6.37,22.5,112.5,54.8,112.8,Rainfed,134.7,3.03,0.94,1.81,6.84,24822,235978,169782,-66196,1181,5.792,32.9,1.81,-38.98882096,0.005791702,280.1,34499.7076,0.092097264
SF11569,Telangana,Nalgonda,Maize,Kharif,8.15,984.3,28.4,73.9,8.3,7,32.7,149.2,76.3,164.2,Sprinkler,270.3,5.19,0.73,4.03,32.84,22780,496066,748095,252029,4261,7.707,53.6,4.03,33.68943784,0.007707111,389.7,15105.54202,0.096828358
SF11570,Karnataka,Raichur,Chilli,Kharif,12.94,702.5,28.6,82.2,6.1,6.98,35.3,110.5,68.1,135.3,Rainfed,157.1,2.34,0.96,2.81,36.36,105099,717338,3821400,3104062,5055,7.193,53.9,2.81,81.22839797,0.007192878,313.9,19728.76788,0.043413729
SF11571,Maharashtra,Nashik,Wheat,Kharif,11.72,733,29,81.5,8.1,7.32,34.8,155.1,49.9,111.9,Rainfed,140.5,3.18,0.74,1.94,22.74,26708,684718,607340,-77378,2909,7.817,68.1,1.94,-12.74047486,0.007817119,316.9,30110.72999,0.046696035
SF11572,Karnataka,Raichur,Cotton,Rabi,11.85,365.3,24,64,5.2,6.72,33.3,96.4,91.9,114.3,Drip,311.5,6.89,0.77,1.7,20.14,63489,913688,1278668,364980,6968,2.89,45.4,1.7,28.54376586,0.002890356,302.6,45366.83217,0.151762115
SF11573,Madhya Pradesh,Indore,Wheat,Rabi,9.24,720.6,23.6,51.9,7.1,6.82,21.5,116.4,72.6,112.3,Sprinkler,138.7,6.29,0.86,3.16,29.2,23135,659835,675542,15707,3958,7.377,52.4,3.16,2.325095997,0.007377463,301.3,22597.08904,0.120038168
SF11574,Andhra Pradesh,Krishna,Groundnut,Kharif,14.7,1098.9,29.3,86.8,5.3,8.4,27.5,123.2,57.1,46.9,Sprinkler,210.3,5.35,0.65,0.3,4.41,52960,1118092,233554,-884538,6285,0.702,66.2,0.3,-378.7295443,0.000701671,227.2,253535.6009,0.08081571
SF11575,Andhra Pradesh,Krishna,Wheat,Rabi,11.47,491.5,25.6,61.6,7.3,6.45,25.8,107.8,33.4,103.9,Rainfed,211,5.3,0.89,2.73,31.31,25948,789587,812432,22845,3307,9.468,36,2.73,2.811927644,0.009467796,245.1,25218.36474,0.147222222
SF11576,Maharashtra,Nashik,Rice,Kharif,10.02,902.1,29.1,65.5,9.3,6.64,33.1,132.3,48.3,85.4,Rainfed,174.5,0.5,0.89,3.15,31.56,21815,492498,688481,195983,9867,3.199,66.1,3.15,28.46599979,0.003198541,266,15605.13308,0.007564297
SF11577,Punjab,Ludhiana,Groundnut,Kharif,12.79,866.5,28.9,53,6.2,7.01,22.2,87.7,76.1,121.1,Rainfed,168.3,5.51,0.81,1.77,22.64,53220,814476,1204901,390425,3063,7.391,44.5,1.77,32.4030771,0.007391446,284.9,35975.08834,0.123820225
SF11578,Punjab,Ludhiana,Rice,Zaid,11.33,214.8,28.3,59.8,8,6.37,21.2,70.7,50.6,86.3,Sprinkler,171.1,1.83,0.75,2.76,31.27,25808,741282,807016,65734,14837,2.108,56.2,2.76,8.145315582,0.002107569,207.6,23705.85225,0.032562278
SF11579,Karnataka,Raichur,Chilli,Kharif,0.6,634.4,27.6,87.6,5.6,5.68,27.7,123.6,74.9,88.9,Rainfed,179.9,6.16,0.77,0.69,0.41,96669,35174,39634,4460,260,1.577,59.6,0.69,11.25296463,0.001576923,287.4,85790.2439,0.103355705
SF11580,Gujarat,Rajkot,Pulses,Rabi,5.29,463.1,22.6,55.8,6.6,6.01,29.2,89.8,25.7,119.6,Flood,219.8,6.99,0.73,0.7,3.7,71382,376315,264113,-112202,2134,1.734,23.2,0.7,-42.48257375,0.001733833,235.1,101706.7568,0.301293103
SF11581,Gujarat,Rajkot,Cotton,Rabi,11.65,293.3,18.8,59,5.4,6.17,33.6,154.1,51,79.8,Flood,125.7,4.64,0.84,0.88,10.25,69359,795403,710930,-84473,11472,0.893,38.5,0.88,-11.88204183,0.00089348,284.9,77600.29268,0.120519481
SF11582,Andhra Pradesh,Krishna,Cotton,Rabi,0.93,536,27.1,75.7,8.1,7.5,31,111.5,38.1,119.5,Flood,179.1,0.84,0.89,0.82,0.76,57158,56442,43440,-13002,871,0.873,63.9,0.82,-29.93093923,0.00087256,269.1,74265.78947,0.01314554
SF11583,Telangana,Warangal,Maize,Rabi,0.92,399,21.3,58.9,8,5.99,20.9,64.7,64.1,121.5,Drip,207.4,5.22,0.77,2.13,1.96,24192,59388,47416,-11972,428,4.579,47.1,2.13,-25.24886114,0.004579439,250.3,30300,0.110828025
SF11584,Karnataka,Raichur,Cotton,Kharif,14.8,897.7,25.6,66.3,7.5,6.75,27.7,125.6,55.7,98.7,Rainfed,201.8,1.18,0.69,1.44,21.31,60601,740462,1291407,550945,5148,4.139,63,1.44,42.66238297,0.004139472,280,34747.16096,0.018730159
SF11585,Tamil Nadu,Erode,Sugarcane,Rabi,9.95,394,21.4,58.8,7.8,7.17,32.1,131.7,53.7,122,Flood,222.8,5.6,0.78,45.46,452.33,3872,811945,1751422,939477,22625,19.992,39.8,45.46,53.64081301,0.019992486,307.4,1795.027966,0.140703518
SF11586,Madhya Pradesh,Indore,Maize,Rabi,1.51,339.6,20.7,56.2,7.8,8.15,24.5,120.4,65.3,77.6,Drip,107.7,3.5,0.88,0.3,0.45,19629,81699,8833,-72866,837,0.538,34.3,0.3,-824.9292426,0.000537634,263.3,181553.3333,0.102040816
SF11587,Telangana,Nalgonda,Rice,Rabi,2.18,486.2,21.6,65.2,7.9,6.43,25.9,118.3,39.9,72.4,Drip,40,3.02,1,3.35,7.3,22436,118235,163783,45548,2794,2.613,54.3,3.35,27.80996807,0.002612742,230.6,16196.57534,0.055616943
SF11588,Maharashtra,Nashik,Maize,Kharif,12.05,1093.5,30,73.2,7.2,6.52,23.8,80,70,124.7,Sprinkler,153.1,5.8,0.69,3.73,44.95,19834,805762,891538,85776,6697,6.712,59.1,3.73,9.621126637,0.006711961,274.7,17925.73971,0.098138748
SF11589,Andhra Pradesh,Krishna,Pulses,Rabi,6.32,465.8,24.8,53.7,6.7,7.16,15.2,76.6,32.8,125.6,Rainfed,215.1,5.98,0.96,0.91,5.75,60071,398121,345408,-52713,1080,5.324,40.1,0.91,-15.26108255,0.005324074,235,69238.43478,0.149127182
SF11590,Telangana,Nalgonda,Chilli,Kharif,5.31,864,26.1,67.7,7.9,6.37,39.4,143.8,71.8,142.9,Drip,152,1.37,0.8,2.64,14.02,105943,301782,1485321,1183539,2750,5.098,63.9,2.64,79.68237169,0.005098182,358.5,21525.10699,0.02143975
SF11591,Tamil Nadu,Erode,Rice,Kharif,4.35,742.9,26.8,63.6,6.7,5.82,35.7,117.8,52,64.9,Flood,213,1.54,0.79,1.55,6.74,22032,283583,148496,-135087,8006,0.842,59.1,1.55,-90.97012714,0.000841869,234.7,42074.62908,0.02605753
SF11592,Telangana,Warangal,Wheat,Zaid,8.99,482.1,32.6,51.8,8.9,6.13,21.1,111.9,72.2,115.5,Flood,294.2,4.18,0.86,1.48,13.31,26643,593665,354618,-239047,6233,2.135,44.2,1.48,-67.40971975,0.002135408,299.6,44602.93013,0.094570136
SF11593,Madhya Pradesh,Indore,Groundnut,Zaid,11.15,80,31.8,61.8,8.6,5.56,19.8,79.2,59.7,75.6,Drip,128.5,5.88,0.96,0.3,3.34,56964,579752,190260,-389492,4729,0.706,32.3,0.3,-204.7156523,0.00070628,214.5,173578.4431,0.182043344
SF11594,Andhra Pradesh,Krishna,Pulses,Rabi,14.11,411.6,26.3,58.5,8.2,6.61,27.8,104.1,69.3,118.6,Drip,217,5.08,0.95,1.6,22.58,91070,853156,2056361,1203205,4174,5.41,32.7,1.6,58.51137033,0.005409679,292,37783.70239,0.155351682
SF11595,Madhya Pradesh,Indore,Wheat,Kharif,7.1,814.9,27.9,72.2,6.5,6.66,33.8,136.8,41.5,86.5,Flood,134.9,5.14,0.9,2.83,20.09,24771,401230,497649,96419,5519,3.64,60.6,2.83,19.37490078,0.003640152,264.8,19971.62768,0.084818482
SF11596,Telangana,Warangal,Chilli,Kharif,4.43,846.7,26.5,70.7,8.6,6.13,29,91.5,62,91.6,Sprinkler,159.8,3.47,0.86,1.96,8.68,102593,235214,890507,655293,2790,3.111,56.8,1.96,73.58650746,0.003111111,245.1,27098.3871,0.061091549
SF11597,Telangana,Warangal,Cotton,Rabi,6.4,661.3,22.6,58.6,8.3,6.46,27.5,86.8,35.4,147.7,Drip,160,3.59,0.79,1.66,10.62,67268,432770,714386,281616,4531,2.344,53.3,1.66,39.42070533,0.002343853,269.9,40750.47081,0.067354597
SF11598,Telangana,Nalgonda,Chilli,Rabi,6.5,301.9,21.2,86,7.8,7.1,19.9,81.5,57.7,126.3,Rainfed,245.7,8.59,0.9,1.66,10.79,98658,524144,1064520,540376,2130,5.066,38.7,1.66,50.76240935,0.005065728,265.5,48576.8304,0.221963824
SF11599,Gujarat,Rajkot,Chilli,Kharif,10.24,675.6,26,65.4,6.1,5.77,33.8,68,42.5,127.9,Sprinkler,221.4,4.24,0.97,0.95,9.73,90514,718521,880701,162180,6479,1.502,55.5,0.95,18.41487633,0.001501775,238.4,73845.94039,0.076396396
SF11600,Punjab,Ludhiana,Rice,Zaid,10.73,131.4,34.4,47.2,6.1,6.21,23.6,101.3,66.2,113.8,Flood,266.8,5.22,0.97,1.5,16.1,23383,893586,376466,-517120,22513,0.715,51.5,1.5,-137.3616741,0.000715142,281.3,55502.23602,0.101359223
SF11601,Karnataka,Raichur,Chilli,Kharif,13.93,805.4,31.1,63.3,7.4,7.96,28.7,122.1,61.2,135,Flood,279.6,8.3,0.93,0.37,5.15,104406,1101858,537691,-564167,11950,0.431,38,0.37,-104.9240177,0.000430962,318.3,213953.0097,0.218421053
SF11602,Karnataka,Raichur,Rice,Rabi,6.59,381.4,25.6,46.6,7,6.59,20.2,183.4,86,44.8,Rainfed,186.6,2.63,1,3.24,21.35,21746,410209,464277,54068,5993,3.562,53.3,3.24,11.64563396,0.00356249,314.2,19213.5363,0.04934334
SF11603,Punjab,Ludhiana,Pulses,Rabi,7.4,186.1,24.8,53.9,8.2,7.76,23.5,118.1,21.2,73.1,Sprinkler,202.6,4.62,0.94,0.3,2.22,61635,448968,136830,-312138,2689,0.826,49,0.3,-228.1210261,0.000825586,212.4,202237.8378,0.094285714
SF11604,Punjab,Ludhiana,Rice,Rabi,13.05,284.8,23.5,45.6,6.7,7.49,38.7,121.6,80.5,116.7,Rainfed,281.4,0.5,0.94,1.24,16.18,22061,880921,356947,-523974,9694,1.669,40.6,1.24,-146.7932214,0.001669074,318.8,54445.05562,0.012315271
SF11605,Punjab,Ludhiana,Rice,Kharif,5.91,1054.3,28.8,73.2,7.4,6.28,28,140,49.2,126.9,Flood,244,3.08,0.82,2.87,16.96,19899,460200,337487,-122713,10864,1.561,61.3,2.87,-36.36080797,0.001561119,316.1,27134.43396,0.050244698
SF11606,Andhra Pradesh,Guntur,Rice,Kharif,5.29,730,26.8,48.7,8,6.7,32.3,122.2,61.8,99.5,Rainfed,320.7,4.96,0.98,4.49,23.75,17862,377477,424222,46745,4601,5.162,49.3,4.49,11.01899477,0.005161921,283.5,15893.76842,0.100608519
SF11607,Telangana,Warangal,Cotton,Rabi,11.19,178.6,28.1,49.6,8,8.4,21.7,117.2,45.2,118.7,Rainfed,204,1.23,0.98,0.3,3.36,65757,518592,220944,-297648,5267,0.638,41.5,0.3,-134.7164892,0.000637934,281.1,154342.8571,0.029638554
SF11608,Tamil Nadu,Erode,Maize,Rabi,2.08,482.5,22.4,49.4,7.2,6.04,20.3,119.5,30.5,92.6,Sprinkler,141.7,2.85,0.9,2.64,5.49,17480,128514,95965,-32549,1404,3.91,14.2,2.64,-33.91757412,0.003910256,242.6,23408.74317,0.200704225
SF11609,Maharashtra,Nashik,Rice,Rabi,4.87,475.3,21.5,54.6,6.3,5.98,21.1,121,78.7,95,Flood,175.6,4.9,0.85,1.66,8.08,20484,287747,165511,-122236,10789,0.749,46.8,1.66,-73.85370157,0.000748911,294.7,35612.25248,0.104700855
SF11610,Gujarat,Rajkot,Chilli,Rabi,1.82,436.6,20.8,55,8.1,5.2,20.6,44.5,63.2,51.7,Flood,267.2,7.01,0.78,0.3,0.55,114084,137534,62746,-74788,1547,0.356,33,0.3,-119.1916616,0.000355527,159.4,250061.8182,0.212424242
SF11611,Karnataka,Raichur,Cotton,Rabi,7.87,437,21.1,58.8,7.1,6.77,24,94.9,58.7,110.8,Rainfed,252.1,1.62,0.88,1.28,10.07,84443,597250,850341,253091,3039,3.314,39.2,1.28,29.76347136,0.00331359,264.4,59309.83118,0.041326531
SF11612,Telangana,Warangal,Wheat,Kharif,11.92,906.7,23.4,71.4,8.4,6.42,34,126.4,59.4,72.8,Sprinkler,229.9,8.34,0.98,2.13,25.39,21152,869542,537049,-332493,6066,4.186,54.3,2.13,-61.91111053,0.004185625,258.6,34247.42024,0.15359116
SF11613,Madhya Pradesh,Indore,Rice,Kharif,8.43,692.3,30.5,70.4,7.5,6.44,30.1,116.5,68,113.7,Flood,77.5,3.77,0.81,3.81,32.12,21640,445272,695077,249805,17254,1.862,68.2,3.81,35.93918372,0.001861597,298.2,13862.76463,0.055278592
SF11614,Telangana,Nalgonda,Maize,Rabi,6.22,344.1,20.3,51.7,7.3,7.66,26.4,114.6,65.7,134.9,Drip,138.2,6.97,0.85,1.19,7.4,24216,374470,179198,-195272,3137,2.359,14.8,1.19,-108.9699662,0.002358942,315.2,50604.05405,0.470945946
SF11615,Andhra Pradesh,Guntur,Maize,Zaid,8.27,191.5,37.2,56.3,8.9,6.75,15,97.9,61.2,88.4,Rainfed,135.5,4.84,0.69,1.89,15.63,20202,548305,315757,-232548,2958,5.284,54,1.89,-73.64777345,0.005283976,247.5,35080.29431,0.08962963
SF11616,Andhra Pradesh,Guntur,Wheat,Kharif,14.3,1203.8,30.6,53.1,7.6,7.49,38.6,137.3,56.2,131.7,Flood,244.5,5.4,0.7,1.19,17.02,24903,1027084,423849,-603235,10454,1.628,47.6,1.19,-142.3230915,0.001628085,325.2,60345.71093,0.113445378
SF11617,Maharashtra,Nashik,Sugarcane,Zaid,14.9,498,28.6,57.3,9.6,7,13.1,110.3,75.7,115.6,Drip,267.1,4.22,0.7,64.21,956.73,3661,1152599,3502589,2349990,19708,48.545,37.6,64.21,67.09294182,0.048545261,301.6,1204.727562,0.112234043
SF11618,Telangana,Nalgonda,Cotton,Kharif,2.13,614.7,29.4,71.2,5.6,7.55,24.9,131.7,24.7,125.2,Sprinkler,216.1,2.75,0.97,0.93,1.98,67429,180157,133509,-46648,1410,1.404,53.1,0.93,-34.93996659,0.001404255,281.6,90988.38384,0.051789077
SF11619,Punjab,Ludhiana,Pulses,Kharif,13.66,1137.4,30.5,68,8.2,5.33,36.5,165.3,44.8,113.7,Flood,179.6,3.3,0.7,0.3,4.1,70451,737205,288849,-448356,5390,0.761,62.8,0.3,-155.2215864,0.000760668,323.8,179806.0976,0.052547771
SF11620,Tamil Nadu,Erode,Maize,Rabi,6.67,757.2,18.9,70.6,7.7,7.04,24.8,111.3,68.6,116.5,Flood,172.5,2.81,0.68,2.93,19.54,21065,422800,411610,-11190,5534,3.531,44.6,2.93,-2.718592843,0.0035309,296.4,21637.66633,0.063004484
SF11621,Andhra Pradesh,Guntur,Maize,Kharif,7.59,889.7,27.7,69.6,7.2,6.77,34.3,87.8,52.3,122.3,Sprinkler,235.1,4.46,0.89,5.7,43.26,21497,514811,929960,415149,4520,9.571,52,5.7,44.64159749,0.009570796,262.4,11900.39297,0.085769231
SF11622,Karnataka,Raichur,Cotton,Zaid,1.09,80,27.5,46.4,8.4,6.48,22.9,61,78.1,117.9,Drip,40,1.84,0.9,1.22,1.33,62571,69232,83219,13987,733,1.814,44.8,1.22,16.80745983,0.001814461,257,52054.13534,0.041071429
SF11623,Telangana,Nalgonda,Wheat,Rabi,2.39,584.3,19.3,50.3,7.5,6.8,19.4,105.3,80.4,129,Sprinkler,161.5,7.27,0.83,3.04,7.27,23796,156988,172997,16009,1131,6.428,41.6,3.04,9.253917698,0.00642794,314.7,21593.94773,0.174759615
SF11624,Punjab,Ludhiana,Wheat,Rabi,4.42,381.7,23.2,51.8,9.1,5.95,27.5,110.4,47.7,85.3,Rainfed,230.7,5.37,0.71,1.17,5.17,24639,327615,127384,-200231,1453,3.558,35,1.17,-157.1869309,0.003558156,243.4,63368.47195,0.153428571
SF11625,Andhra Pradesh,Krishna,Maize,Kharif,4.05,794.4,25.8,82,6.1,7.03,24.6,111.2,88.4,60.9,Flood,232.9,4.46,0.79,3.11,12.6,19614,309927,247136,-62791,3361,3.749,52.6,3.11,-25.40746795,0.003748884,260.5,24597.38095,0.084790875
SF11626,Punjab,Ludhiana,Groundnut,Kharif,4.59,975.9,30.2,79.8,5.4,6.78,29.2,127.5,53.1,156.7,Rainfed,112.4,4.74,0.71,1.64,7.53,61704,235611,464631,229020,1113,6.765,59.1,1.64,49.29072748,0.006765499,337.3,31289.64143,0.080203046
SF11627,Maharashtra,Nashik,Cotton,Zaid,14.57,345.6,31.7,61.1,9.3,6.13,13.7,70.2,43.3,105.9,Rainfed,222.5,3.61,0.73,0.54,7.87,71557,969796,563154,-406642,6293,1.251,46.6,0.54,-72.20795733,0.001250596,219.4,123226.9377,0.077467811
SF11628,Gujarat,Rajkot,Maize,Kharif,3.17,584.3,27.7,75.7,8.4,6.58,36,132.3,38.8,37.8,Rainfed,231.2,4.46,0.83,3.85,12.2,19300,238432,235460,-2972,984,12.398,48,3.85,-1.262210142,0.012398374,208.9,19543.60656,0.092916667
SF11629,Andhra Pradesh,Krishna,Wheat,Rabi,9.08,269.1,21.7,48.3,7.9,7.04,22.8,150.1,15,131.8,Flood,89.5,6.4,0.91,1.89,17.16,26522,614500,455118,-159382,6660,2.577,38.3,1.89,-35.0199289,0.002576577,296.9,35810.02331,0.167101828
SF11630,Tamil Nadu,Erode,Rice,Rabi,10.79,367.5,24.4,50.7,8.4,8.09,22.7,89.8,61.8,99.7,Flood,237.6,4.17,0.98,0.3,3.24,22938,745534,74319,-671215,17312,0.187,29,0.3,-903.1539714,0.000187153,251.3,230103.0864,0.143793103
SF11631,Punjab,Ludhiana,Wheat,Rabi,11.51,686.9,22.3,52.6,8,7.53,22.1,140,61.8,104.2,Rainfed,203.6,5.54,0.96,1.16,13.35,28949,776014,386469,-389545,3565,3.745,46,1.16,-100.7959241,0.003744741,306,58128.38951,0.120434783
SF11632,Tamil Nadu,Erode,Wheat,Kharif,11.73,760.6,25.2,83.2,8.7,6.75,35.2,135.9,72.1,113.7,Drip,202.4,2.62,0.68,3.92,45.98,21802,779225,1002456,223231,4456,10.319,71.8,3.92,22.26840879,0.010318671,321.7,16947.04219,0.036490251
SF11633,Madhya Pradesh,Indore,Pulses,Rabi,8.53,403,26,64.9,8.5,5.71,25,143.6,56.2,112.4,Drip,205.9,5.1,0.96,0.51,4.35,77680,474381,337908,-136473,2694,1.615,33,0.51,-40.3876203,0.001614699,312.2,109053.1034,0.154545455
SF11634,Andhra Pradesh,Krishna,Wheat,Rabi,7.35,372.7,25.7,64,8.7,6.53,29.4,79.4,64.4,128.2,Rainfed,42,8.47,0.68,2.36,17.35,18309,428044,317661,-110383,2093,8.29,29.3,2.36,-34.74867862,0.008289537,272,24671.12392,0.289078498
SF11635,Punjab,Ludhiana,Chilli,Zaid,9.52,410.1,32.7,56.3,6.9,7.41,17,136.4,77.8,81.5,Flood,213.7,3.64,0.71,1,9.52,108739,693316,1035195,341879,8873,1.073,40.7,1,33.02556523,0.001072918,295.7,72827.31092,0.089434889
SF11636,Andhra Pradesh,Guntur,Groundnut,Kharif,12.37,1054.3,28,72,5.9,5.2,30.4,129.5,79.9,140.9,Sprinkler,335,4.79,0.94,0.3,3.71,62054,979898,230220,-749678,5658,0.656,59.8,0.3,-325.6354791,0.000655709,350.3,264123.4501,0.080100334
SF11637,Telangana,Warangal,Maize,Kharif,9.99,1266.2,24.8,81.6,7.5,7.18,25.7,102.4,48.8,81.9,Flood,195.7,9.47,0.86,2.27,22.68,19427,844569,440604,-403965,6395,3.547,38.7,2.27,-91.68436964,0.003546521,233.1,37238.49206,0.244702842
SF11638,Punjab,Ludhiana,Pulses,Rabi,9.19,400.2,27.4,60.8,6.6,6.01,18.5,101.3,45.5,119.8,Sprinkler,269.3,7.35,0.97,0.66,6.07,68964,714821,418611,-296210,3287,1.847,44,0.66,-70.76020458,0.001846669,266.6,117762.9325,0.167045455
SF11639,Punjab,Ludhiana,Sugarcane,Rabi,14.6,546.2,21.3,53.3,6.5,6.51,29.4,99.5,50.7,120,Flood,219,6,0.9,60.98,890.31,3654,935528,3253193,2317665,29834,29.842,35.6,60.98,71.24277594,0.029842126,270.2,1050.789051,0.168539326
SF11640,Tamil Nadu,Erode,Rice,Kharif,5.84,724.6,25.8,72.1,8.2,6.28,33.4,107.1,70.9,85,Drip,40,4.26,0.91,3.58,20.91,19650,288836,410882,122046,8288,2.523,57.2,3.58,29.7034185,0.002522925,263,13813.29507,0.074475524
SF11641,Tamil Nadu,Erode,Wheat,Rabi,3.01,422.2,21.4,59.7,8.5,6.96,27.4,70.4,58.9,77,Flood,76.7,3.17,0.95,2.51,7.56,25411,166822,192107,25285,2066,3.659,40.9,2.51,13.1619358,0.003659245,206.3,22066.40212,0.077506112
SF11642,Maharashtra,Nashik,Rice,Kharif,3.55,905.7,27.4,74.2,8.1,7.18,31.7,185.6,65.5,100.2,Flood,227.6,3.68,0.72,3.73,13.24,23961,237088,317244,80156,7035,1.882,58.3,3.73,25.2663565,0.001882018,351.3,17906.94864,0.063121784
SF11643,Punjab,Ludhiana,Rice,Rabi,2.64,593.7,24.2,60.3,9.1,7.19,22.6,68.3,42.7,124.7,Flood,224.3,6.11,0.75,2.39,6.31,26246,176788,165612,-11176,5520,1.143,40.1,2.39,-6.748303263,0.001143116,235.7,28017.11569,0.152369077
SF11644,Madhya Pradesh,Indore,Wheat,Kharif,10.91,891.5,28.2,74.8,8.5,7.17,34.4,116.2,58.9,125.2,Flood,121.5,5.95,0.66,2.29,24.98,20638,826296,515537,-310759,6795,3.676,53.5,2.29,-60.27869969,0.003676233,300.3,33078.30264,0.111214953
SF11645,Punjab,Ludhiana,Maize,Zaid,9.87,361.4,34.8,50.6,8.7,6.35,10.3,120.8,31.4,108.1,Flood,240.1,1.45,0.85,1.94,19.15,19032,625159,364463,-260696,7494,2.555,42,1.94,-71.52879716,0.002555378,260.3,32645.37859,0.03452381
SF11646,Andhra Pradesh,Guntur,Cotton,Kharif,5.88,682.3,28,82.3,7.9,7.24,26.5,150,74.1,132.5,Flood,234,5.36,0.71,1.46,8.58,61275,354374,525740,171366,6637,1.293,66.8,1.46,32.59519915,0.001292753,356.6,41302.331,0.080239521
SF11647,Punjab,Ludhiana,Chilli,Kharif,6.12,893.3,31.5,79.8,7.8,7.87,30.4,154.9,33.8,92.3,Flood,130.6,2.76,0.86,0.38,2.33,95764,368943,223130,-145813,4248,0.548,67.3,0.38,-65.34889974,0.000548493,281,158344.6352,0.041010401
SF11648,Telangana,Warangal,Cotton,Rabi,5.49,259,24.3,75.5,9.3,6.34,14.5,52,49,87.1,Sprinkler,168.2,1.69,0.71,1.24,6.81,73586,303865,501121,197256,3636,1.873,54.6,1.24,39.36294827,0.001872937,188.1,44620.41116,0.030952381
SF11649,Telangana,Warangal,Chilli,Kharif,1.6,1008.7,28.1,63.9,6.3,7.24,20.5,111.8,54.7,72.6,Flood,189,1.42,0.86,1.63,2.61,95612,103015,249547,146532,1496,1.745,61.2,1.63,58.71919919,0.001744652,239.1,39469.34866,0.023202614
SF11650,Tamil Nadu,Erode,Rice,Kharif,4.83,1247,27.5,74.3,6.1,6.14,34.8,83.4,43.3,58.8,Sprinkler,193,5.55,0.91,2.01,9.71,24887,384869,241653,-143216,6301,1.541,69,2.01,-59.26514465,0.001541025,185.5,39636.35427,0.080434783
SF11651,Telangana,Nalgonda,Groundnut,Rabi,12.84,553.7,25.6,65.2,7,6.2,12.3,135.2,57.4,121.3,Rainfed,124.2,5.56,0.86,1.19,15.28,57891,839220,884574,45354,4150,3.682,49.3,1.19,5.127213777,0.003681928,313.9,54922.77487,0.112778905
SF11652,Madhya Pradesh,Indore,Rice,Kharif,5.77,895.8,28.9,57.4,5.1,7.73,29.1,111.1,45.8,91.4,Drip,144.9,2.98,0.77,0.98,5.65,23199,418402,131074,-287328,6927,0.816,66.5,0.98,-219.2105223,0.000815649,248.3,74053.45133,0.04481203
SF11653,Gujarat,Rajkot,Wheat,Kharif,1.54,820.8,28.7,60.8,6.2,7.44,29.6,112.5,35.8,127.7,Rainfed,222.3,6.59,0.79,1.68,2.59,26321,102659,68171,-34488,430,6.023,49.5,1.68,-50.59042701,0.006023256,276,39636.67954,0.133131313
SF11654,Maharashtra,Nashik,Wheat,Rabi,5.36,520.5,22.8,62.9,7.6,7.28,21.1,151.4,43.1,106.4,Rainfed,251.1,4.62,0.96,2.17,11.63,21798,286491,253511,-32980,1839,6.324,49.3,2.17,-13.00929743,0.006324089,300.9,24633.79192,0.093711968
SF11655,Telangana,Warangal,Cotton,Rabi,11.08,326.7,21.2,66.3,6.8,6.15,25.6,138,65.2,57,Drip,246.7,5.19,0.88,0.93,10.3,65209,879272,671653,-207619,8304,1.24,29,0.93,-30.91164634,0.001240366,260.2,85366.21359,0.178965517
SF11656,Punjab,Ludhiana,Maize,Kharif,8.32,809.7,31.2,79.3,6.7,5.76,26.6,110.3,60.1,106.3,Rainfed,104.5,0.68,0.74,1.23,10.23,20245,520128,207106,-313022,3174,3.223,73.6,1.23,-151.1409616,0.003223062,276.7,50843.40176,0.00923913
SF11657,Gujarat,Rajkot,Chilli,Rabi,12.69,296.9,24.7,57.3,8,5.42,22,96.1,57,107.1,Sprinkler,132.7,3.99,0.9,0.3,3.81,101412,805442,386380,-419062,8550,0.446,30,0.3,-108.4585123,0.000445614,260.2,211402.0997,0.133
SF11658,Andhra Pradesh,Krishna,Maize,Kharif,8.64,929.2,28.4,83.7,7.3,7.37,32.3,88.4,47.2,123.7,Rainfed,247.5,3.59,0.75,2.2,19.01,21816,594763,414722,-180041,2561,7.423,76,2.2,-43.41245461,0.007422882,259.3,31286.84903,0.047236842
SF11659,Punjab,Ludhiana,Cotton,Rabi,11.37,578.4,25.1,53.5,8.6,5.98,24.4,131.8,58.6,130.2,Sprinkler,248.9,6.6,0.81,1.09,12.39,67099,734858,831357,96499,7454,1.662,37.7,1.09,11.60740813,0.001662195,320.6,59310.57304,0.175066313
SF11660,Gujarat,Rajkot,Wheat,Rabi,5.49,325.9,25.9,43.1,7.3,7.39,26.3,124.1,73.9,120.1,Flood,227.4,8.39,0.89,1.49,8.18,25338,395911,207265,-188646,4124,1.984,32.1,1.49,-91.01681422,0.001983511,318.1,48399.87775,0.261370717
SF11661,Tamil Nadu,Erode,Wheat,Rabi,4.27,367.8,21.5,55.4,6.5,6.28,23.2,161.1,91,129.4,Flood,140,5.38,0.78,2.43,10.38,21275,329603,220835,-108768,2701,3.843,40.7,2.43,-49.25306224,0.003843021,381.5,31753.66089,0.132186732
SF11662,Karnataka,Raichur,Maize,Rabi,13.86,427.9,26.8,57.4,7.9,6.95,28,134.2,76.5,131.9,Flood,300.7,3.24,0.96,4.36,60.43,22543,995860,1362273,366413,8623,7.008,49.9,4.36,26.89717847,0.007008002,342.6,16479.56313,0.06492986
SF11663,Telangana,Warangal,Wheat,Rabi,7.82,550.7,20.6,64.2,7.1,5.98,18.7,76.6,40.5,105,Sprinkler,235.4,3.3,0.84,1.29,10.09,23025,438523,232322,-206201,4410,2.288,65.6,1.29,-88.7565534,0.002287982,222.1,43461.14965,0.050304878
SF11664,Punjab,Ludhiana,Sugarcane,Rabi,11.99,562.9,25.6,41.4,7.5,6.22,20.9,133,54.2,114.4,Sprinkler,186.2,3.77,0.91,56.05,672.04,3961,849840,2661950,1812110,20474,32.824,39.5,56.05,68.07453183,0.03282407,301.6,1264.567585,0.095443038
SF11665,Tamil Nadu,Erode,Pulses,Rabi,3.17,240,26.5,55.1,9.6,5.48,25.5,143.8,59.9,139.6,Drip,202.5,7.79,0.82,0.3,0.95,63670,237353,60486,-176867,946,1.004,31.3,0.3,-292.4098138,0.001004228,343.3,249845.2632,0.248881789
SF11666,Gujarat,Rajkot,Pulses,Kharif,13.93,594.9,28.4,91,6.3,6.81,28.9,84,77.5,81.6,Drip,318.6,6.33,0.85,1.67,23.26,75777,1114635,1762573,647938,4553,5.109,57.2,1.67,36.76091714,0.00510872,243.1,47920.67928,0.110664336
SF11667,Gujarat,Rajkot,Maize,Rabi,5.81,774.3,27.5,68.5,8.8,6.55,26.9,107.3,64.5,136.1,Drip,229.8,4.12,0.9,4.54,26.38,17692,379333,466715,87382,2781,9.486,54.2,4.54,18.72277514,0.009485796,307.9,14379.56785,0.07601476
SF11668,Maharashtra,Nashik,Rice,Rabi,0.53,80,21.6,51.7,7.3,6.22,23.5,129,78,115.7,Drip,204.7,4.38,0.88,1.96,1.04,21192,37621,22040,-15581,651,1.598,19.6,1.96,-70.69419238,0.001597542,322.7,36174.03846,0.223469388
SF11669,Madhya Pradesh,Indore,Wheat,Zaid,4.12,310.1,31.5,67,9.5,6.11,14,95.4,61,79.9,Flood,99.3,5.9,0.96,1.19,4.9,21794,228581,106791,-121790,2510,1.952,43.6,1.19,-114.0451911,0.001952191,236.3,46649.18367,0.135321101
SF11670,Karnataka,Raichur,Rice,Kharif,12.25,750.6,27,73.6,7.2,6.99,25.7,111.1,42.7,98.5,Rainfed,268.5,5.05,0.9,3.26,39.93,21303,870101,850629,-19472,10910,3.66,54.8,3.26,-2.289129574,0.003659945,252.3,21790.65865,0.092153285
SF11671,Telangana,Nalgonda,Rice,Kharif,11.97,1142.7,24.8,77.1,5.9,6.16,30.9,130.2,74.9,89.3,Flood,114.2,9.27,0.68,2.25,26.93,16693,784002,449542,-334460,24950,1.079,53.4,2.25,-74.40016728,0.001079359,294.4,29112.58819,0.173595506
SF11672,Madhya Pradesh,Indore,Chilli,Kharif,10.69,784.5,32.5,62.4,7.6,6.88,33.6,96.5,83.3,98.9,Drip,167.5,6.27,0.72,2.63,28.11,104613,766473,2940671,2174198,5664,4.963,44.8,2.63,73.93543854,0.004962924,278.7,27266.91569,0.139955357
SF11673,Maharashtra,Nashik,Maize,Kharif,3.91,532.5,23.5,67.6,6.1,8.4,30.3,101.7,28.7,98.7,Sprinkler,248.2,11.8,0.68,0.3,1.17,19003,347262,22234,-325028,2174,0.538,21.3,0.3,-1461.851219,0.000538178,229.1,296805.1282,0.55399061
SF11674,Karnataka,Raichur,Pulses,Zaid,13.9,313.4,33.9,59.4,7.5,7.2,17.3,125.7,39.6,107.6,Sprinkler,196,5.71,0.71,0.69,9.59,68470,1055194,656627,-398567,4176,2.296,30.7,0.69,-60.69914883,0.002296456,272.9,110030.6569,0.185993485
SF11675,Karnataka,Raichur,Groundnut,Kharif,4.31,519,27.3,73.1,8.2,5.93,22,97.2,36.4,106.2,Flood,209.3,5.86,0.67,0.88,3.79,54931,271020,208188,-62832,2612,1.451,58,0.88,-30.18041386,0.001450995,239.8,71509.23483,0.101034483
SF11676,Punjab,Ludhiana,Maize,Zaid,0.74,492,33.8,68.2,10.4,6.67,17.9,168,45.7,74.5,Rainfed,247.7,5.03,0.96,3.16,2.34,18852,59245,44114,-15131,222,10.541,47.8,3.16,-34.29976878,0.010540541,288.2,25318.37607,0.105230126
SF11677,Tamil Nadu,Erode,Maize,Kharif,8.33,746.2,27.7,66.4,6.5,6.98,37.9,130.5,40.2,108.7,Flood,196.4,4.66,0.69,3.95,32.9,20830,545892,685307,139415,6063,5.426,50.4,3.95,20.34343732,0.005426357,279.4,16592.46201,0.092460317
SF11678,Andhra Pradesh,Guntur,Groundnut,Rabi,1.78,663.8,22.8,57.7,4.9,6.31,28.6,54.9,51.4,98.4,Flood,292.1,2.83,0.75,1.45,2.58,57486,125670,148314,22644,1147,2.249,48.2,1.45,15.26760791,0.002249346,204.7,48709.30233,0.058713693
SF11679,Gujarat,Rajkot,Cotton,Rabi,2.96,693.4,23.5,77,8.1,7.19,26.5,74.4,73.2,79.3,Rainfed,239.6,6.81,0.95,1.28,3.79,67841,201019,257117,56098,1232,3.076,42.1,1.28,21.81808282,0.003076299,226.9,53039.31398,0.16175772
SF11680,Telangana,Nalgonda,Maize,Rabi,3.93,694.5,23,65.3,7.9,6.98,26.2,84.7,79,117.6,Rainfed,129.4,7.16,0.68,3.93,15.44,19655,209797,303473,93676,1371,11.262,48.7,3.93,30.86798496,0.011261853,281.3,13587.8886,0.147022587
SF11681,Punjab,Ludhiana,Cotton,Rabi,13.56,144.6,26.3,63.3,6.5,7.48,21.7,93.1,47,81.4,Rainfed,137.7,3.18,0.99,0.51,6.92,65176,923979,451018,-472961,5114,1.353,48.9,0.51,-104.865216,0.001353148,221.5,133522.9769,0.065030675
SF11682,Madhya Pradesh,Indore,Rice,Kharif,3.09,538.5,31,73.3,6.4,6.28,33.9,111.5,63.6,101.4,Flood,236.3,5,0.91,2.81,8.68,19255,225728,167133,-58595,5554,1.563,50.8,2.81,-35.05890518,0.001562838,276.5,26005.52995,0.098425197
SF11683,Telangana,Warangal,Sugarcane,Kharif,12.27,852.6,28.4,72.3,5.8,6.5,35.1,98.3,67.9,103.5,Rainfed,218.8,2.26,0.93,65.04,798.04,3851,794145,3073252,2279107,12941,61.668,58.6,65.04,74.15945715,0.061667568,269.7,995.1192923,0.038566553
SF11684,Andhra Pradesh,Krishna,Maize,Zaid,7.21,342.1,25.6,48.8,7.6,6.54,27.6,108,53.4,117.7,Drip,161.8,6.73,0.69,4.12,29.71,21474,439193,637993,198800,3667,8.102,16.2,4.12,31.16021649,0.008101991,279.1,14782.66577,0.415432099
SF11685,Gujarat,Rajkot,Sugarcane,Kharif,14.21,875.5,22.5,72.2,6.8,6.11,29.8,181.2,40.8,99.1,Rainfed,206.4,0.5,0.81,40.42,574.37,3706,989587,2128615,1139028,15181,37.835,70.7,40.42,53.51028721,0.037834793,321.1,1722.908578,0.007072136
SF11686,Maharashtra,Nashik,Rice,Kharif,10.88,1129.5,28.1,75,6.9,5.64,26.3,66,90.1,90.4,Rainfed,147.4,3.48,0.7,0.63,6.85,22639,791814,155077,-636737,10156,0.674,67.3,0.63,-410.594092,0.000674478,246.5,115593.2847,0.051708767
SF11687,Gujarat,Rajkot,Sugarcane,Kharif,13.3,925.8,32.5,59.3,7.6,6.19,38.9,151.3,52.5,113.1,Drip,156.1,4.71,0.98,48.03,638.8,3036,994860,1939397,944537,19293,33.11,58.7,48.03,48.7026122,0.033110455,316.9,1557.388854,0.080238501
SF11688,Telangana,Nalgonda,Cotton,Rabi,8.83,604.9,23.9,59.9,8.2,7.39,18.9,81.8,57.4,99.4,Flood,221.3,0.5,0.73,1.22,10.77,69587,519963,749452,229489,7747,1.39,61.2,1.22,30.62090701,0.001390216,238.6,48278.83008,0.008169935
SF11689,Punjab,Ludhiana,Rice,Rabi,11.94,197.2,24.2,56.6,7.1,6.01,31.4,105,62.3,92.9,Rainfed,191.9,4.97,0.76,1.24,14.81,22842,666146,338290,-327856,9363,1.582,40.9,1.24,-96.91566408,0.001581758,260.2,44979.47333,0.121515892
SF11690,Madhya Pradesh,Indore,Maize,Rabi,6.87,346.5,26.3,73.7,6.5,6.6,26.4,87.3,28.8,36.4,Drip,63.8,5.96,0.69,3.67,25.21,19243,399013,485116,86103,3148,8.008,50.7,3.67,17.74895077,0.008008259,152.5,15827.56843,0.117554241
SF11691,Telangana,Warangal,Chilli,Kharif,13.04,921,28.4,77.6,6.5,6.65,39.2,141.1,46.1,96,Drip,163.1,4.65,0.97,3.01,39.25,115222,784135,4522464,3738329,7074,5.548,47.4,3.01,82.66133241,0.005548487,283.2,19977.96178,0.098101266
SF11692,Tamil Nadu,Erode,Pulses,Kharif,7.49,719.7,22.6,78.8,5.2,7.01,26.1,97,61.2,81.9,Drip,84.3,7.77,0.7,1.33,9.96,80929,558122,806053,247931,2427,4.104,39.1,1.33,30.75864738,0.004103832,240.1,56036.34538,0.198721228
SF11693,Gujarat,Rajkot,Chilli,Kharif,9.68,788.8,31.4,72.7,6.4,6.81,45.7,87.3,19.7,143.6,Rainfed,233.4,5.85,0.71,2.17,21.01,105796,658186,2222774,1564588,3127,6.719,45,2.17,70.38898242,0.0067189,250.6,31327.27273,0.13
SF11694,Gujarat,Rajkot,Maize,Zaid,12.93,377,27.4,48.8,8.7,6.51,26.4,145,59.1,169.3,Rainfed,208.7,4.87,0.8,3.44,44.48,24775,891309,1101992,210683,4895,9.087,41.1,3.44,19.11837835,0.009086823,373.4,20038.42176,0.118491484
SF11695,Telangana,Warangal,Groundnut,Rabi,6.86,948.9,19.7,71.6,8.3,6.86,27.4,122,63.7,106.4,Flood,218,3.22,0.91,1.78,12.21,46948,474197,573235,99038,3964,3.08,49.8,1.78,17.27703298,0.003080222,292.1,38836.77314,0.064658635
SF11696,Gujarat,Rajkot,Cotton,Rabi,2.78,371.9,24.2,70.2,6.9,7.64,22.9,111.2,64.9,87.3,Rainfed,207.8,8.42,0.73,0.46,1.28,63306,225653,81032,-144621,1170,1.094,19.5,0.46,-178.4739362,0.001094017,263.4,176291.4063,0.431794872
SF11697,Telangana,Nalgonda,Cotton,Kharif,3.95,834.9,31.6,81.3,5.9,5.2,22.5,164.3,39.3,147.5,Flood,267.5,3.17,0.74,0.3,1.18,71960,260522,84913,-175609,3923,0.301,61.6,0.3,-206.8105002,0.00030079,351.1,220781.3559,0.051461039
SF11698,Telangana,Warangal,Rice,Rabi,5.18,272.1,25.2,65.3,5.7,6.87,25.6,180.1,54.4,131.2,Rainfed,150.6,4.18,0.98,2.76,14.3,26717,325783,382053,56270,4163,3.435,44.8,2.76,14.72832303,0.003435023,365.7,22782.02797,0.093303571
SF11699,Telangana,Nalgonda,Groundnut,Rabi,8.47,477.8,23.3,52.5,9.5,6.05,20.7,113,60.7,112.6,Flood,90.1,6.99,0.99,1.17,9.91,59193,487787,586603,98816,4845,2.045,38,1.17,16.84546448,0.002045408,286.3,49221.69526,0.183947368
SF11700,Tamil Nadu,Erode,Pulses,Kharif,13.05,868.3,23.2,71.6,6.7,6.46,27.9,69.8,67.1,123.8,Rainfed,268.3,4.71,0.87,1.19,15.53,64572,832415,1002803,170388,2533,6.131,52.3,1.19,16.99117374,0.00613107,260.7,53600.45074,0.090057361
SF11701,Madhya Pradesh,Indore,Rice,Rabi,3.09,544.8,23.2,49.6,7.1,5.78,16.2,102.8,74,108.1,Sprinkler,111.4,3.19,0.87,1.38,4.26,20949,184868,89243,-95625,4594,0.927,42.2,1.38,-107.1512612,0.000927296,284.9,43396.24413,0.075592417
SF11702,Telangana,Warangal,Rice,Rabi,0.68,268.4,22.7,54.5,7.5,6.32,27.3,87.3,62.8,96.5,Sprinkler,214.1,5.53,0.99,2.31,1.57,21311,47268,33458,-13810,995,1.578,26,2.31,-41.27562915,0.001577889,246.6,30107.00637,0.212692308
SF11703,Madhya Pradesh,Indore,Rice,Rabi,5.39,239.2,23.1,53.2,7.5,6.99,16.3,133.6,62.5,115.4,Flood,267.7,4.91,0.73,2.38,12.83,23474,359829,301171,-58658,10083,1.272,32.7,2.38,-19.47664284,0.001272439,311.5,28045.90803,0.150152905
SF11704,Karnataka,Raichur,Sugarcane,Kharif,9.35,845.8,30.6,78.9,7.7,6.78,22.8,141.4,51,93.3,Flood,193.5,4.22,0.97,71.42,667.78,3938,664050,2629718,1965668,18582,35.937,46.1,71.42,74.74824297,0.035936928,285.7,994.4143281,0.09154013
SF11705,Madhya Pradesh,Indore,Groundnut,Rabi,10.07,80,22.3,48.3,7.2,5.2,25.6,153.6,22.3,58.7,Sprinkler,166.4,3.73,0.71,0.3,3.02,50998,668966,154014,-514952,5793,0.521,31.1,0.3,-334.3540198,0.000521319,234.6,221511.9205,0.119935691
SF11706,Karnataka,Raichur,Groundnut,Kharif,14.64,829.4,32.3,79.5,6.6,6.47,38.9,158.6,50.4,132.3,Sprinkler,276,7.12,0.86,1.85,27.08,51416,978911,1392345,413434,7832,3.458,55.9,1.85,29.69335905,0.00345761,341.3,36148.85524,0.127370304
SF11707,Andhra Pradesh,Krishna,Maize,Kharif,1.41,849.3,30.7,83.5,7,6.61,37.3,117.6,64.8,141.2,Rainfed,89.4,3.19,0.71,3.91,5.51,22852,76242,125915,49673,449,12.272,65.9,3.91,39.44962872,0.012271715,323.6,13837.02359,0.048406677
SF11708,Gujarat,Rajkot,Pulses,Kharif,10.44,644.6,30.7,75.5,7.5,6.88,29.8,102.2,87.4,51.7,Flood,228.3,5.3,0.78,1.22,12.74,65124,852257,829680,-22577,5253,2.425,55.1,1.22,-2.721169608,0.002425281,241.3,66896.15385,0.096188748
SF11709,Gujarat,Rajkot,Wheat,Rabi,1.22,585.1,24.1,57.2,7.1,5.39,22.5,137.1,83.5,120.2,Sprinkler,148.1,4.86,0.82,0.52,0.63,22371,85319,14094,-71225,698,0.903,56.6,0.52,-505.3568895,0.000902579,340.8,135426.9841,0.085865724
SF11710,Telangana,Nalgonda,Rice,Kharif,12.43,1008.1,32.1,66.4,5.6,6.64,28.1,93.7,59,78.8,Drip,205.4,4.04,0.83,3.42,42.51,20719,834823,880765,45942,13733,3.095,52,3.42,5.216147326,0.003095463,231.5,19638.27335,0.077692308
SF11711,Punjab,Ludhiana,Pulses,Kharif,10.72,842.5,23.1,78.4,7.6,6.12,29.9,65.1,45.2,126.6,Sprinkler,190.7,6.12,0.82,0.95,10.18,69978,894889,712376,-182513,4098,2.484,44.4,0.95,-25.62031848,0.002484139,236.9,87906.58153,0.137837838
SF11712,Karnataka,Raichur,Pulses,Kharif,6.01,778.5,25.1,62.5,4.1,6.49,34.5,134.3,58.6,91.9,Rainfed,185.5,3.11,1,1.51,9.08,64699,408237,587467,179230,1284,7.072,57.8,1.51,30.50894774,0.007071651,284.8,44960.02203,0.053806228
SF11713,Tamil Nadu,Erode,Sugarcane,Rabi,14.66,253.1,26.8,50,8.8,7.26,27.4,95.7,72,118.1,Rainfed,190.2,1.7,0.98,34.78,509.87,3579,808095,1824825,1016730,14661,34.777,39.7,34.78,55.71657556,0.0347773,285.8,1584.903995,0.042821159
SF11714,Gujarat,Rajkot,Cotton,Rabi,13.13,187.1,22.9,54.1,8.7,6.45,29.3,96.1,33.7,128.5,Flood,218.3,7.19,0.87,1.03,13.52,52201,1088504,705758,-382746,12377,1.092,31.9,1.03,-54.23190385,0.001092349,258.3,80510.65089,0.22539185
SF11715,Telangana,Warangal,Wheat,Kharif,5.55,1117.3,30.4,74.2,6.3,6.71,29.9,120.6,38.2,98.6,Rainfed,331.3,5.7,0.85,2.3,12.76,24846,459378,317035,-142343,1725,7.397,58.3,2.3,-44.89819736,0.007397101,257.4,36001.41066,0.097770154
SF11716,Madhya Pradesh,Indore,Sugarcane,Kharif,6.32,689,29.6,68.2,5.9,6.68,30.5,125.9,71.8,103.9,Drip,171,0.5,0.75,101.44,641.1,3077,364374,1972665,1608291,11781,54.418,60.1,101.44,81.5288455,0.054418131,301.6,568.3575105,0.008319468
SF11717,Maharashtra,Nashik,Wheat,Rabi,4.41,208.4,27.9,61.6,8.6,7.51,25.1,149.5,49.6,46.1,Flood,214,4.27,0.9,0.97,4.28,22746,340731,97353,-243378,2945,1.453,42,0.97,-249.9953776,0.001453311,245.2,79610.04673,0.101666667
SF11718,Punjab,Ludhiana,Rice,Zaid,0.85,388.1,29,54.6,8.7,6.57,15.3,120.2,62.5,128.1,Sprinkler,286.7,5.99,1,2.85,2.42,22581,66219,54646,-11573,1294,1.87,41,2.85,-21.17812832,0.00187017,310.8,27363.22314,0.146097561
SF11719,Telangana,Nalgonda,Rice,Rabi,14.42,450.9,23.6,72.4,7.7,6.82,31.6,114.1,70.4,140.5,Sprinkler,204.6,6.71,0.65,3.91,56.38,25392,952561,1431601,479040,21350,2.641,53.5,3.91,33.46183748,0.002640749,325,16895.3707,0.125420561
SF11720,Punjab,Ludhiana,Pulses,Kharif,9.51,623.9,26.4,84.7,7.4,6.27,34.3,91.7,55.2,94.8,Drip,175.5,3.77,0.93,1.17,11.13,56008,472580,623369,150789,3527,3.156,61.9,1.17,24.18936457,0.003155656,241.7,42460.01797,0.060904685
SF11721,Gujarat,Rajkot,Rice,Rabi,5.38,509.7,19.9,38.6,7.2,5.57,14,98.6,55.3,55.7,Flood,178.4,3.24,0.65,0.49,2.64,23322,348779,61570,-287209,9528,0.277,17.2,0.49,-466.4755563,0.000277078,209.6,132113.2576,0.188372093
SF11722,Tamil Nadu,Erode,Pulses,Rabi,10.52,99.1,21.9,52.1,8.9,5.49,22.9,139.1,71.9,118.1,Flood,139.5,3.74,0.88,0.3,3.16,65722,535978,207682,-328296,4789,0.66,47.8,0.3,-158.0762897,0.000659845,329.1,169613.2911,0.078242678
SF11723,Telangana,Nalgonda,Groundnut,Rabi,7.01,499.4,22.1,60,7.7,7.19,24.6,104.7,64.1,93,Flood,312.6,3.44,0.95,1.29,9.04,57788,568807,522404,-46403,5477,1.651,51,1.29,-8.882588954,0.001650539,261.8,62921.12832,0.06745098
SF11724,Maharashtra,Nashik,Sugarcane,Kharif,13.62,552.2,28.6,61,8.1,5.76,25,132.1,42.2,85.6,Sprinkler,116.9,5.87,0.85,26.4,359.57,3341,932036,1201323,269287,21437,16.773,52,26.4,22.41586984,0.016773336,259.9,2592.08499,0.112884615
SF11725,Gujarat,Rajkot,Rice,Kharif,12.14,994.5,24.6,63.5,7.2,7.77,39.2,112.7,63.2,134.3,Flood,286.5,3.23,0.82,0.95,11.53,23311,842078,268776,-573302,21359,0.54,72.4,0.95,-213.3010388,0.000539819,310.2,73033.65134,0.04461326
SF11726,Telangana,Warangal,Pulses,Rabi,13.42,683.7,23.2,55,4.1,6.44,25.9,135.4,77.5,148.1,Rainfed,182.2,6.77,0.87,1.52,20.4,74239,662530,1514476,851946,2805,7.273,51.4,1.52,56.25351607,0.007272727,361,32476.96078,0.131712062
SF11727,Andhra Pradesh,Krishna,Maize,Kharif,10.31,852.4,22.7,80.2,4.8,6.97,35,159.6,57.8,107.1,Rainfed,214.5,6.66,0.77,3.93,40.52,18412,686760,746054,59294,3185,12.722,45.6,3.93,7.947682071,0.012722135,324.5,16948.66732,0.146052632
SF11728,Gujarat,Rajkot,Chilli,Kharif,5.88,888.8,25.8,68.7,6.5,7.29,30.1,125,31.7,80.3,Drip,200.6,5.71,0.98,2.4,14.11,124599,412314,1758092,1345778,3154,4.474,51.9,2.4,76.5476437,0.004473684,237,29221.40326,0.110019268
SF11729,Punjab,Ludhiana,Maize,Rabi,7.95,264.3,26.6,54.9,7.4,7.85,31.7,155.3,69.8,116.6,Drip,218.3,8.01,0.82,0.87,6.92,17059,545383,118048,-427335,3863,1.791,29.8,0.87,-362.0010504,0.001791354,341.7,78812.57225,0.268791946
SF11730,Andhra Pradesh,Krishna,Wheat,Zaid,3.8,236.3,35.4,35.2,7.9,5.67,14.8,163.5,85,96.8,Drip,180.1,9.02,0.93,0.58,2.2,25027,243974,55059,-188915,1896,1.16,22.3,0.58,-343.1137507,0.001160338,345.3,110897.2727,0.404484305
SF11731,Telangana,Nalgonda,Sugarcane,Rabi,6.28,127.7,23.7,60.3,8.2,6.55,23.1,128.1,80.9,114.7,Rainfed,236.9,5.59,0.66,44.48,279.33,3761,403898,1050560,646662,6079,45.95,35.4,44.48,61.55402833,0.045949992,323.7,1445.952816,0.157909605
SF11732,Andhra Pradesh,Krishna,Groundnut,Kharif,3.04,993.8,31.5,79.1,5.9,7.47,18.2,137.9,60.9,119.4,Flood,40.1,5.01,0.97,1.01,3.07,55783,174834,171254,-3580,1784,1.721,62.4,1.01,-2.090462121,0.001720852,318.2,56949.18567,0.080288462
SF11733,Maharashtra,Nashik,Chilli,Rabi,6.46,383,22.2,51.6,6.9,6.33,23.9,91.6,53.7,80.7,Sprinkler,171.8,6.32,0.92,1.93,12.47,103594,458157,1291817,833660,3709,3.362,29.2,1.93,64.53390844,0.003362092,226,36740.73777,0.216438356
SF11734,Maharashtra,Nashik,Sugarcane,Kharif,6.22,560.7,30.5,84.7,7.4,7.05,36.4,91.6,52.2,102.2,Rainfed,204.3,4.23,0.67,50.8,315.98,3112,444267,983330,539063,5797,54.508,59.6,50.8,54.82015193,0.054507504,246,1405.997215,0.070973154
SF11735,Gujarat,Rajkot,Wheat,Kharif,7.22,1003.3,28.2,72.5,7.2,5.82,32.5,167.8,50,112.8,Flood,131,4.93,0.7,1.17,8.45,20693,377997,174856,-203141,4928,1.715,61.8,1.17,-116.1761678,0.001714692,330.6,44733.37278,0.079773463
SF11736,Andhra Pradesh,Guntur,Rice,Rabi,12.42,468,25.3,70.4,6.3,7.19,22.7,137.9,48.1,49.9,Flood,134.5,5.15,0.76,2.32,28.81,23388,759887,673808,-86079,23569,1.222,32.7,2.32,-12.77500416,0.001222368,235.9,26375.80701,0.157492355
SF11737,Andhra Pradesh,Krishna,Rice,Kharif,3.25,1066.6,27.1,94.3,6.7,5.29,28.3,149.1,66.7,128.5,Drip,257.6,6.34,0.86,0.36,1.17,23946,240158,28017,-212141,3976,0.294,66.7,0.36,-757.1867081,0.000294266,344.3,205263.2479,0.095052474
SF11738,Telangana,Nalgonda,Groundnut,Rabi,8.79,456.2,19.7,61.2,6.5,5.56,26.3,126.4,52.3,76.8,Flood,174.9,8.93,0.77,0.33,2.9,52760,548150,153004,-395146,5007,0.579,25.3,0.33,-258.2586076,0.000579189,255.5,189017.2414,0.352964427
SF11739,Madhya Pradesh,Indore,Chilli,Kharif,9.89,1053.2,27.9,82.4,6.8,6.56,30,136.6,47.3,95.1,Drip,85.3,1.97,0.88,2.77,27.4,91827,614229,2516060,1901831,5801,4.723,67.4,2.77,75.58766484,0.004723324,279,22417.11679,0.029228487
SF11740,Karnataka,Raichur,Chilli,Kharif,8.05,585.4,25.5,71.4,7.5,6.36,32.5,54.4,39.4,123.2,Flood,109.9,6.58,0.97,2.18,17.55,101917,533839,1788643,1254804,6894,2.546,47.4,2.18,70.15396588,0.002545692,217,30418.17664,0.138818565
SF11741,Telangana,Nalgonda,Rice,Kharif,5.91,769.8,26.7,65,6.8,7.25,33.9,129.7,41.8,150.4,Rainfed,132.6,3.44,0.89,3.46,20.45,19326,304198,395217,91019,5718,3.576,57.1,3.46,23.03013281,0.003576425,321.9,14875.20782,0.060245184
SF11742,Madhya Pradesh,Indore,Wheat,Rabi,4.33,517.8,25.8,53.5,8.4,6.87,22.6,101.2,50.9,112.4,Rainfed,196.4,2.67,0.96,2.64,11.43,24299,290504,277738,-12766,1274,8.972,41.3,2.64,-4.596418207,0.008971743,264.5,25415.92301,0.06464891
SF11743,Andhra Pradesh,Guntur,Rice,Kharif,1.93,912.6,25.6,63.1,6.4,5.93,35,147.2,37.4,113.8,Sprinkler,164.6,4,0.75,2.33,4.5,23848,147617,107316,-40301,3017,1.492,40.1,2.33,-37.55358008,0.001491548,298.4,32803.77778,0.099750623
SF11744,Karnataka,Raichur,Pulses,Zaid,3.03,192.5,30,53.7,9.1,7.16,28.9,150,48,103.8,Sprinkler,117.9,8.06,0.87,0.86,2.61,75127,178661,196081,17420,1083,2.41,25.8,0.86,8.884083619,0.002409972,301.8,68452.49042,0.312403101
SF11745,Gujarat,Rajkot,Groundnut,Zaid,4.73,253.5,33.7,40.1,6.8,6.79,24.6,166.7,58.9,97.8,Flood,184.3,1.67,0.86,1.4,6.62,43672,292272,289109,-3163,3024,2.189,43.6,1.4,-1.094051033,0.002189153,323.4,44149.84894,0.038302752
SF11746,Punjab,Ludhiana,Maize,Zaid,12.91,212.1,30.1,49.1,8.4,7.11,24,150.7,40.4,101.5,Drip,150.9,5.91,0.78,2.83,36.54,20703,812013,756488,-55525,5956,6.135,37,2.83,-7.339838834,0.00613499,292.6,22222.578,0.15972973
SF11747,Punjab,Ludhiana,Sugarcane,Kharif,4.75,741.1,26.7,59.8,7,7.09,27.6,101.5,45.1,124.5,Rainfed,201.8,7.19,0.8,59.05,280.49,3312,294912,928983,634071,3601,77.892,54.8,59.05,68.25431682,0.077892252,271.1,1051.417163,0.13120438
SF11748,Karnataka,Raichur,Wheat,Rabi,9.28,559.5,18,49.6,7.8,6.25,21.3,188.8,78.2,103.2,Rainfed,257.3,6.69,0.89,2.07,19.21,20218,650242,388388,-261854,2863,6.71,21.4,2.07,-67.42072361,0.006709745,370.2,33849.14107,0.312616822
SF11749,Telangana,Nalgonda,Sugarcane,Rabi,9.61,157.1,21.8,65.2,7.5,6.71,20.9,148.8,68.2,93.5,Flood,154.6,6.21,0.9,46.96,451.29,3243,551843,1463533,911690,24478,18.437,21.7,46.96,62.29377814,0.018436555,310.5,1222.812382,0.286175115
SF11750,Telangana,Nalgonda,Rice,Zaid,13.8,477,28.1,40.6,8.4,7.86,23.4,82.8,48.3,77.3,Flood,299.7,4.88,0.97,0.51,7.04,22978,963976,161765,-802211,23354,0.301,44.7,0.51,-495.9113529,0.000301447,208.4,136928.4091,0.10917226
SF11751,Gujarat,Rajkot,Cotton,Zaid,6.62,273.3,33.9,45.8,7,6.21,24.3,142.7,92.7,108.4,Rainfed,290.4,4.08,0.84,0.64,4.24,68676,472649,291186,-181463,2459,1.724,28.2,0.64,-62.31858675,0.001724278,343.8,111473.8208,0.144680851
SF11752,Tamil Nadu,Erode,Rice,Rabi,9.38,359.7,23.8,46.7,7.8,8.31,23.9,151,57.9,113.2,Drip,280.7,5.71,0.99,0.3,2.81,22737,634846,63891,-570955,11590,0.242,36.9,0.3,-893.6391667,0.00024245,322.1,225923.8434,0.154742547
SF11753,Maharashtra,Nashik,Wheat,Kharif,12.04,1137.7,30.7,64.5,6.3,7.08,38.6,115.3,74.2,95.4,Flood,183.9,2.98,0.95,1.9,22.88,25535,888555,584241,-304314,9536,2.399,71.6,1.9,-52.08706681,0.002399329,284.9,38835.4458,0.041620112
SF11754,Tamil Nadu,Erode,Cotton,Kharif,10.06,568.2,26.5,68.8,6.6,6.75,35.6,127.2,39.8,112,Flood,140.6,2.2,0.88,1.86,18.71,70175,454507,1312974,858467,9314,2.009,53.2,1.86,65.38339678,0.002008804,279,24292.19669,0.041353383
SF11755,Tamil Nadu,Erode,Pulses,Zaid,4.86,561.8,32.1,62.1,7.4,5.58,16.3,140.1,31.1,110.1,Rainfed,254.8,5.98,1,0.3,1.46,54096,352213,78980,-273233,1094,1.335,56.6,0.3,-345.9521398,0.001334552,281.3,241241.7808,0.10565371
SF11756,Andhra Pradesh,Guntur,Rice,Kharif,11.23,606.5359375,32.5,67.9,6.5,7.67,32.3,165.8,21.7,90.4,Rainfed,142.1,7.92,0.76,1.12,12.58,26125,649666,328652,-321014,9487,1.326,33.1,1.12,-97.6759612,0.001326025,277.9,51642.7663,0.239274924
SF11757,Maharashtra,Nashik,Rice,Rabi,12.28,260.4,19.8,49.5,6,6.02,25.5,152.6,68.5,124.7,Rainfed,232.6,8.97,0.81,1.14,14,22727,1005380,318178,-687202,9385,1.492,29.8,1.14,-215.9803632,0.001491742,345.8,71812.85714,0.301006711
SF11758,Andhra Pradesh,Krishna,Cotton,Rabi,7.72,489.3,20.6,42.9,6.4,6.24,24,165.8,48.3,72.3,Flood,145.2,4.86,1,1.36,10.5,86548,504676,908754,404078,6656,1.578,38.5,1.36,44.46505875,0.001577524,286.4,48064.38095,0.126233766
SF11759,Maharashtra,Nashik,Cotton,Rabi,12.99,840,21.2,49.4,6.7,6.53,12.4,137.5,51.8,196.9,Drip,252.1,5.4,0.86,2.1,27.28,78333,983344,2136924,1153580,7905,3.451,40.8,2.1,53.98320202,0.00345098,386.2,36046.33431,0.132352941
SF11760,Karnataka,Raichur,Maize,Zaid,1.85,203,30.9,52.3,8.5,6.25,22.9,116,61.3,136,Flood,257,5.54,0.85,2.18,4.03,23059,140841,92928,-47913,1481,2.721,29.9,2.18,-51.55927169,0.002721134,313.3,34948.13896,0.185284281
SF11761,Andhra Pradesh,Guntur,Maize,Kharif,14.79,862.2,26.3,82.8,8.2,7.82,31.5,180.3,56.7,102.6,Flood,101.2,4.98,0.67,0.99,14.64,23574,994452,345123,-649329,12670,1.155,49.3,0.99,-188.1442268,0.001155485,339.6,67927.04918,0.101014199
SF11762,Andhra Pradesh,Guntur,Maize,Rabi,5.19,466.8,24.7,48.7,9.3,7.1,24.5,113.6,44.8,132.5,Drip,153.7,2.56,0.96,3.67,19.05,20383,325294,388296,63002,2629,7.246,53.8,3.67,16.22525084,0.007246101,290.9,17075.80052,0.047583643
SF11763,Telangana,Nalgonda,Cotton,Rabi,10.46,556.9,19.4,46.7,7.3,6.12,12.2,110.3,22.6,137.3,Sprinkler,287.8,4.25,0.9,1.01,10.56,54636,820752,576956,-243796,7225,1.462,28.5,1.01,-42.25556195,0.001461592,270.2,77722.72727,0.149122807
SF11764,Andhra Pradesh,Guntur,Cotton,Rabi,6.4,361.8,26.2,61.2,8.4,7.07,14.8,127,88.5,100.2,Flood,306.8,5.44,0.86,1.53,9.79,78705,518027,770522,252495,5735,1.707,47.8,1.53,32.76934338,0.001707062,315.7,52913.89173,0.113807531
SF11765,Telangana,Nalgonda,Rice,Kharif,1.85,749.7,28.4,71.9,7.9,8.08,28.5,76.6,89.5,107.9,Rainfed,221,2.03,0.69,0.34,0.63,23263,130753,14656,-116097,1508,0.418,44.1,0.34,-792.1465611,0.000417772,274,207544.4444,0.046031746
SF11766,Gujarat,Rajkot,Wheat,Kharif,11.69,956,26.8,76.5,7.1,6.94,35,143.6,43.5,127.2,Flood,125.6,5.95,0.85,3.19,37.29,21842,772588,814488,41900,8685,4.294,52.2,3.19,5.144336074,0.00429361,314.3,20718.36954,0.113984674
SF11767,Andhra Pradesh,Krishna,Maize,Kharif,9.56,722.9,29.3,69.9,7.4,6.74,37.9,138.6,52.6,150.7,Flood,55.7,5.83,0.75,5.81,55.54,20129,591755,1117965,526210,6885,8.067,49,5.81,47.0685576,0.008066812,341.9,10654.57328,0.118979592
SF11768,Madhya Pradesh,Indore,Cotton,Zaid,14.41,221.4,34.2,47,7.3,7.76,17.7,107.1,33,142.9,Drip,178.1,3.05,0.97,0.3,4.32,70927,995405,306405,-689000,9916,0.436,38.2,0.3,-224.8657822,0.00043566,283,230417.8241,0.079842932
SF11769,Andhra Pradesh,Guntur,Maize,Zaid,12.36,525.7,33.1,50,7.1,5.52,19.6,162.5,64.4,155.6,Drip,159.9,1.41,0.82,0.68,8.4,22199,689540,186472,-503068,6330,1.327,57.7,0.68,-269.7820584,0.001327014,382.5,82088.09524,0.024436742
SF11770,Punjab,Ludhiana,Wheat,Kharif,8.74,1025,28.8,70.6,7,7.1,27.5,111.7,81,153.3,Sprinkler,124.8,6.39,0.7,2.31,20.19,19938,569442,402548,-166894,4539,4.448,66.3,2.31,-41.4594036,0.004448116,346,28204.16048,0.09638009
SF11771,Telangana,Nalgonda,Chilli,Rabi,3.32,363.9,23.6,70.1,8.4,5.2,31.4,131.9,36.7,80.1,Drip,126.4,3.91,0.68,0.3,1,96843,187584,96843,-90741,1607,0.622,49.4,0.3,-93.69907995,0.000622278,248.7,187584,0.079149798
SF11772,Telangana,Warangal,Cotton,Rabi,1.59,480.3,24.6,39.2,7.9,6.2,28.1,136.3,31.1,99.5,Drip,182.8,4.95,0.78,1.56,2.48,66071,108392,163856,55464,1138,2.179,38.7,1.56,33.84923347,0.002179262,266.9,43706.45161,0.127906977
SF11773,Maharashtra,Nashik,Chilli,Rabi,6.43,662.3,26,49.3,7.5,7.87,30.8,115.2,82.4,72.4,Rainfed,194.4,3.44,0.93,0.5,3.22,89133,409408,287008,-122400,2226,1.447,50.7,0.5,-42.64689486,0.001446541,270,127145.3416,0.067850099
SF11774,Punjab,Ludhiana,Chilli,Rabi,4.23,650.7,22.7,44.1,7.4,6.47,27.4,104.5,42.3,146.8,Drip,262.8,4.95,0.9,2.88,12.18,106077,288984,1292018,1003034,2202,5.531,48.4,2.88,77.63312895,0.005531335,293.6,23726.10837,0.102272727
SF11775,Andhra Pradesh,Guntur,Pulses,Kharif,5.12,771.5,34,69.7,6.4,7.98,33.9,170.6,67.5,97.4,Flood,209,6,0.82,0.3,1.54,96590,374195,148749,-225446,2602,0.592,48.1,0.3,-151.561355,0.000591852,335.5,242983.7662,0.124740125
SF11776,Madhya Pradesh,Indore,Sugarcane,Kharif,9.76,1009.5,28.7,69.1,6.2,7.09,31.6,95.9,70.8,65,Drip,305.7,4.26,0.77,56.17,548.22,3887,707549,2130931,1423382,15700,34.918,45.3,56.17,66.79625009,0.034918471,231.7,1290.629674,0.094039735
SF11777,Punjab,Ludhiana,Wheat,Kharif,12.51,710.1,27.5,67.1,6.1,6,25.2,94.5,43.3,127.2,Flood,102.7,4.94,0.98,2.41,30.15,23918,784297,721128,-63169,8163,3.693,47.7,2.41,-8.759748616,0.003693495,265,26013.1675,0.103563941
SF11778,Gujarat,Rajkot,Rice,Rabi,4.98,168.3,18.9,60,9.4,7.94,24,74,39.8,105.1,Flood,202.4,5.04,0.89,0.32,1.59,23448,347808,37282,-310526,9333,0.17,28.6,0.32,-832.9113245,0.000170363,218.9,218747.1698,0.176223776
SF11779,Madhya Pradesh,Indore,Cotton,Kharif,5.8,1054.6,34.9,83.8,6.5,7.01,38,59.2,39.2,83.2,Sprinkler,117,5.27,0.76,1.4,8.12,73565,323241,597348,274107,4850,1.674,68.8,1.4,45.88732196,0.001674227,181.6,39808.00493,0.076598837
SF11780,Telangana,Warangal,Sugarcane,Rabi,8.33,374.5,23.2,47,6.2,6.54,29.3,132.8,56.9,105.4,Drip,224.5,4.22,0.7,55.17,459.57,4026,575397,1850229,1274832,13001,35.349,32.2,55.17,68.90130897,0.035348819,295.1,1252.033423,0.131055901
SF11781,Karnataka,Raichur,Chilli,Rabi,7.09,395.1,21.3,63.2,7.7,6.57,23.4,104.2,71,65.4,Flood,133.6,1.55,0.89,2.09,14.82,91633,454833,1358001,903168,6164,2.404,47.2,2.09,66.50716752,0.002404283,240.6,30690.48583,0.032838983
SF11782,Karnataka,Raichur,Wheat,Rabi,11.94,414.4,25.5,81.3,6.5,6.72,30.7,163.9,39.8,75.7,Flood,197.7,5.42,0.83,2.67,31.88,20400,769179,650352,-118827,9026,3.532,52.8,2.67,-18.27118238,0.003532019,279.4,24127.3212,0.102651515
SF11783,Punjab,Ludhiana,Groundnut,Zaid,7.58,465.8,29.4,55.9,8.5,6.12,8,82.1,45.1,124.1,Flood,253.5,3.37,0.94,1.05,7.96,51445,508029,409502,-98527,4241,1.877,50.7,1.05,-24.06019995,0.001876916,251.3,63822.73869,0.066469428
SF11784,Telangana,Nalgonda,Rice,Kharif,13.87,886,25.9,66.8,7.6,6.45,24,121.8,77.4,65.3,Flood,178.2,5.12,0.81,4.2,58.25,16940,700751,986755,286004,24058,2.421,57,4.2,28.98429701,0.002421232,264.5,12030.06009,0.089824561
SF11785,Maharashtra,Nashik,Groundnut,Kharif,3.46,313.2,30,75.5,6.8,7.02,23.5,144.5,71.1,90.7,Sprinkler,146.2,2.91,0.89,1.43,4.95,46833,210522,231823,21301,1644,3.011,62.2,1.43,9.188475691,0.003010949,306.3,42529.69697,0.046784566
SF11786,Telangana,Warangal,Maize,Rabi,6.47,182.6,27.8,51.8,7.7,7.06,20.5,132.4,45.5,34.4,Rainfed,94.3,6.02,0.86,2.12,13.72,14462,365994,198419,-167575,1853,7.404,26.5,2.12,-84.45511771,0.007404209,212.3,26675.94752,0.227169811
SF11787,Gujarat,Rajkot,Maize,Rabi,3.14,80,28.2,56.2,8.6,7.26,21.1,154.6,52.7,46.8,Flood,193.1,6.65,0.82,1.98,6.22,21988,217275,136765,-80510,2101,2.96,32.9,1.98,-58.86740029,0.002960495,254.1,34931.67203,0.20212766
SF11788,Andhra Pradesh,Krishna,Rice,Rabi,1.32,86.5,22.4,59.2,8.7,6.79,24,91.4,67.1,73.8,Flood,128.2,5.47,0.86,2.03,2.68,22892,91481,61351,-30130,2024,1.324,40.3,2.03,-49.11085394,0.001324111,232.3,34134.70149,0.13573201
SF11789,Gujarat,Rajkot,Chilli,Kharif,7.7,728.5,33,74.9,6.9,8.38,37.7,149.1,51.6,150.6,Drip,310.7,4.44,0.97,0.3,2.31,98503,559500,227542,-331958,3492,0.662,52.7,0.3,-145.8886711,0.000661512,351.3,242207.7922,0.084250474
SF11790,Karnataka,Raichur,Cotton,Kharif,0.79,1058.2,26.7,60.9,7.5,6.57,31.3,138.8,15,57,Sprinkler,198.4,7.61,0.78,1.7,1.34,82716,55125,110839,55714,517,2.592,56.3,1.7,50.2657007,0.002591876,210.8,41138.0597,0.135168739
SF11791,Maharashtra,Nashik,Maize,Kharif,1.37,954.5,22.9,63,7.1,6.99,35.9,152.6,65.8,123.5,Sprinkler,215.1,3.38,0.68,4.3,5.89,19789,91147,116557,25410,796,7.399,53.8,4.3,21.80049246,0.007399497,341.9,15474.87267,0.062825279
SF11792,Madhya Pradesh,Indore,Wheat,Rabi,8.76,259.1,24.2,50.3,7,5.99,29.2,108.7,85.3,143.9,Flood,205.6,5.55,0.95,1.34,11.74,28747,571984,337490,-234494,5686,2.065,28,1.34,-69.48176242,0.00206472,337.9,48720.954,0.198214286
SF11793,Punjab,Ludhiana,Chilli,Kharif,14.43,1163.8,27.8,82.9,8.4,6.67,31.6,144,55.1,70.3,Flood,270.9,2.04,0.89,2.08,30.01,104534,1000485,3137065,2136580,11614,2.584,76.9,2.08,68.10761014,0.00258395,269.4,33338.3872,0.026527958
SF11794,Madhya Pradesh,Indore,Cotton,Zaid,5.27,157.7,32.3,54.6,6.6,7.11,19,131.2,46.4,73.1,Flood,264.9,2.37,0.68,0.87,4.58,65217,391790,298694,-93096,4825,0.949,55,0.87,-31.16768331,0.000949223,250.7,85543.66812,0.043090909
SF11795,Telangana,Nalgonda,Cotton,Kharif,13.86,608.5,30.4,69.5,5.9,6.66,23.8,107.5,59.6,47.1,Drip,131.3,0.8,0.77,2.09,28.97,55260,777753,1600882,823129,8869,3.266,58.5,2.09,51.41721876,0.003266434,214.2,26846.84156,0.013675214
SF11796,Andhra Pradesh,Krishna,Cotton,Zaid,6.9,269.1,31.6,38.2,8.1,7.35,30.9,69.7,67.5,100.4,Rainfed,192.8,5.8,0.73,0.64,4.42,80141,410519,354223,-56296,2866,1.542,30.3,0.64,-15.89281328,0.001542219,237.6,92877.60181,0.191419142
SF11797,Maharashtra,Nashik,Groundnut,Kharif,5.98,1319.6,25.9,70.1,4.4,8.37,28.7,112.7,73.5,109.4,Flood,94,4.86,0.82,0.3,1.79,56821,310065,101710,-208355,4662,0.384,55.3,0.3,-204.8520303,0.000383955,295.6,173220.6704,0.087884268
SF11798,Maharashtra,Nashik,Cotton,Kharif,12.96,906.1,25.2,62.8,6.8,6.24,37.2,128.3,60.3,58.2,Drip,220.6,5.49,0.68,1.32,17.11,70116,895809,1199685,303876,8356,2.048,59.1,1.32,25.32964903,0.00204763,246.8,52355.87376,0.092893401
SF11799,Andhra Pradesh,Krishna,Rice,Rabi,2.31,596.9,22.6,76.9,5.8,6.91,14.9,97.4,67.6,86.1,Drip,121.3,2.19,0.97,4.17,9.63,23556,143765,226844,83079,3000,3.21,58.2,4.17,36.62384723,0.00321,251.1,14928.86812,0.037628866
SF11800,Tamil Nadu,Erode,Cotton,Kharif,11.02,954.9,29.7,66.6,6.3,6.73,31,105.1,67.5,101.5,Rainfed,279,6.18,0.84,1.84,20.28,67187,854696,1362552,507856,3960,5.121,50,1.84,37.27241236,0.005121212,274.1,42144.77318,0.1236
SF11801,Tamil Nadu,Erode,Cotton,Kharif,6.69,1125.9,30.4,76.8,8.3,6.95,33,76.2,45.2,118.9,Rainfed,185.5,4.18,0.72,1.14,7.63,69650,426321,531430,105109,2839,2.688,60.1,1.14,19.7785221,0.002687566,240.3,55874.31193,0.069550749
SF11802,Madhya Pradesh,Indore,Pulses,Kharif,5.84,477.5,30.6,63.2,6.4,5.44,23.6,71.3,58,136.9,Drip,160.3,3.16,0.8,0.3,1.75,71006,377889,124260,-253629,1882,0.93,47.3,0.3,-204.1115403,0.000929862,266.2,215936.5714,0.066807611
SF11803,Madhya Pradesh,Indore,Sugarcane,Kharif,7.38,903.8,33.5,86.7,6,7.01,35.1,132.1,63,84.7,Rainfed,250.9,7.5,0.78,45.17,333.35,3650,456033,1216728,760695,8656,38.511,49.6,45.17,62.51972503,0.03851086,279.8,1368.030598,0.151209677
SF11804,Telangana,Nalgonda,Wheat,Kharif,2.08,941.3,30.8,60.1,5.1,6.94,30.6,171.9,55.5,83.7,Drip,176.4,4.81,0.84,3.57,7.43,26430,128965,196375,67410,1149,6.466,52.8,3.57,34.32718014,0.006466493,311.1,17357.33513,0.091098485
SF11805,Madhya Pradesh,Indore,Wheat,Zaid,12.75,254,30.5,50.9,8.4,7.88,18.5,106.9,52,117.1,Sprinkler,178.7,6.64,0.88,0.4,5.1,23902,727452,121900,-605552,6395,0.797,23.1,0.4,-496.7612797,0.000797498,276,142637.6471,0.287445887
SF11806,Andhra Pradesh,Guntur,Chilli,Kharif,13.67,899.9,36.8,64.6,6.1,5.86,30.4,122,60.4,112.3,Flood,155.7,7.12,0.87,0.7,9.57,93053,1107177,890517,-216660,11563,0.828,51.1,0.7,-24.32968714,0.00082764,294.7,115692.4765,0.139334638
SF11807,Andhra Pradesh,Krishna,Maize,Zaid,7.97,99.2,28,56.5,9.1,6.52,21.4,136.6,35.5,73.3,Rainfed,218.8,6.98,0.86,2.01,16.02,22984,642758,368204,-274554,2183,7.339,19.1,2.01,-74.56572987,0.007338525,245.4,40122.22222,0.365445026
SF11808,Telangana,Nalgonda,Groundnut,Kharif,6.12,850.5,30.4,64.9,6.6,8.17,21.2,83.4,41.9,93.1,Sprinkler,193.3,4.97,0.65,0.3,1.84,57858,428657,106459,-322198,2883,0.638,62.2,0.3,-302.6498464,0.000638224,218.4,232965.7609,0.079903537
SF11809,Telangana,Nalgonda,Sugarcane,Zaid,7.22,393.2,31.3,59.3,8.8,6.5,22.3,191.3,76.5,112.7,Sprinkler,236,1.75,0.72,57.04,411.83,3927,474477,1617256,1142779,11744,35.067,56.5,57.04,70.66160212,0.035067268,380.5,1152.118593,0.030973451
SF11810,Maharashtra,Nashik,Rice,Kharif,3.43,675.5,29.9,70.9,6.2,6.81,36.3,98.4,63.6,93.1,Rainfed,46,3.25,0.85,3.61,12.38,19611,154852,242784,87932,2836,4.365,66.3,3.61,36.21820219,0.004365303,255.1,12508.2391,0.049019608
SF11811,Punjab,Ludhiana,Maize,Zaid,9.18,412.7,33.8,59.5,7.9,6.57,19.9,95.4,51.1,98.6,Rainfed,174.4,9.39,1,2.28,20.93,20054,660706,419730,-240976,2913,7.185,32.6,2.28,-57.4121459,0.007185033,245.1,31567.41519,0.28803681
SF11812,Punjab,Ludhiana,Sugarcane,Kharif,5.59,1090.3,29,72.8,8.4,6.02,37.5,155.8,54.9,108.8,Rainfed,223.5,7.41,0.69,29.43,164.51,3223,438360,530216,91856,5950,27.649,49.8,29.43,17.3242603,0.027648739,319.5,2664.640447,0.148795181
SF11813,Karnataka,Raichur,Pulses,Rabi,12.1,633.7,21.3,60.9,8.2,7,19,138.9,81.3,79.2,Sprinkler,152.8,6.95,0.79,1.26,15.25,75814,722852,1156164,433312,4687,3.254,31.6,1.26,37.47842002,0.00325368,299.4,47400.13115,0.219936709
SF11814,Telangana,Warangal,Rice,Kharif,10.89,540,30.7,76,9.5,7.07,35.6,157.5,110.8,98.1,Rainfed,289,3.34,0.66,3.02,32.89,19623,804188,645400,-158788,9161,3.59,40.6,3.02,-24.60303688,0.003590219,366.4,24450.83612,0.08226601
SF11815,Maharashtra,Nashik,Rice,Kharif,9.97,789,24.6,72.2,5.9,7.05,29.7,72.3,87.4,89.1,Drip,229.8,3.12,0.78,3.35,33.4,22160,819414,740144,-79270,11623,2.874,69.2,3.35,-10.71007804,0.002873613,248.8,24533.35329,0.045086705
SF11816,Telangana,Nalgonda,Pulses,Rabi,0.91,417.5,21.5,53.6,7.3,5.86,29.1,153.5,53.1,84.1,Flood,192.3,4.8,0.69,0.39,0.35,79127,61651,27694,-33957,456,0.768,45.7,0.39,-122.6150069,0.000767544,290.7,176145.7143,0.105032823
SF11817,Karnataka,Raichur,Chilli,Zaid,10.47,260,31.6,37.9,8.7,5.75,22.6,44.6,43.1,90.2,Drip,215.4,7.31,0.95,0.49,5.13,88628,752035,454662,-297373,5127,1.001,33.9,0.49,-65.40529008,0.001000585,177.9,146595.5166,0.215634218
SF11818,Maharashtra,Nashik,Chilli,Kharif,0.7,1025.5,23.2,69,6.9,7.31,34.2,181.9,59.7,150.4,Rainfed,276.9,6.74,0.8,1.32,0.92,93063,46277,85618,39341,235,3.915,42.5,1.32,45.94944988,0.003914894,392,50301.08696,0.158588235
SF11819,Maharashtra,Nashik,Rice,Kharif,11.09,1148.4,26.7,69.3,8.6,7.01,35.1,78.6,35,30,Flood,182,2.61,0.83,2.35,26.06,20250,657211,527715,-129496,21180,1.23,73.7,2.35,-24.53900306,0.001230406,143.6,25219.14812,0.03541384
SF11820,Karnataka,Raichur,Pulses,Rabi,6.3,250.6,22.6,56.9,8.5,7.32,25.6,79.1,57.1,52.2,Drip,112,4.6,0.97,0.59,3.72,71259,350280,265083,-85197,1836,2.026,41.5,0.59,-32.13974491,0.002026144,188.4,94161.29032,0.110843373
SF11821,Punjab,Ludhiana,Pulses,Kharif,6.7,1132.3,27.3,55.2,7,6.99,25.3,127.4,73.1,85.9,Drip,223.2,2.01,0.89,1.24,8.31,67826,525717,563634,37917,2192,3.791,61.5,1.24,6.727237888,0.003791058,286.4,63263.1769,0.032682927
SF11822,Karnataka,Raichur,Wheat,Rabi,7.62,209,23.1,70.4,8.1,6.8,28.8,105,66.9,136.3,Rainfed,201.9,6.09,0.85,1.8,13.72,21355,536908,292991,-243917,2186,6.276,36.9,1.8,-83.25068006,0.006276304,308.2,39133.23615,0.16504065
SF11823,Madhya Pradesh,Indore,Sugarcane,Kharif,11.42,726,31.1,75.4,7.1,6.44,34.6,131.2,39.7,67.9,Flood,222.2,2.63,0.81,70.82,808.76,3351,853338,2710155,1856817,28388,28.49,62.8,70.82,68.51331381,0.028489503,238.8,1055.118948,0.041878981
SF11824,Andhra Pradesh,Guntur,Chilli,Rabi,8.46,308.4,21.4,61,7,6.66,33.3,94.5,77.5,116.5,Flood,134.2,1.32,0.68,1.62,13.71,111870,504184,1533738,1029554,5986,2.29,40,1.62,67.12711037,0.002290344,288.5,36774.90883,0.033
SF11825,Telangana,Nalgonda,Wheat,Kharif,8.5,648.7,24.8,90.3,6.2,6.39,40.6,124.7,76.7,90,Flood,196.2,3.61,0.88,3.19,27.12,24084,538955,653158,114203,6075,4.464,65.2,3.19,17.48474335,0.004464198,291.4,19872.97198,0.055368098
SF11826,Gujarat,Rajkot,Chilli,Rabi,8.19,615.3,23.6,74.5,7.7,7.15,23.8,134.1,65.7,82.4,Rainfed,178.1,6.29,0.68,1.86,15.23,92765,496662,1412811,916149,2473,6.159,43.2,1.86,64.84582864,0.006158512,282.2,32610.76822,0.145601852
SF11827,Andhra Pradesh,Guntur,Pulses,Rabi,2.17,308.2,24.3,56.7,7.3,5.77,31.3,125.9,65.4,84.7,Flood,180.5,3.82,0.93,0.42,0.91,82482,145024,75059,-69965,1217,0.748,43.1,0.42,-93.21333884,0.00074774,276,159367.033,0.08863109
SF11828,Andhra Pradesh,Krishna,Wheat,Kharif,9.33,561.5,28,72.8,6.4,7.12,25.9,61.7,78.9,129.5,Flood,118.2,5.27,0.65,3.08,28.74,22777,507026,654611,147585,6130,4.688,44.4,3.08,22.54545066,0.004688418,270.1,17641.82324,0.118693694
SF11829,Punjab,Ludhiana,Sugarcane,Kharif,1.42,916.4,25.4,76.6,7.3,6.18,32,139.3,65.2,124.4,Sprinkler,187.2,5.09,0.77,62.41,88.62,3682,104569,326299,221730,2517,35.209,45.2,62.41,67.95301242,0.035208582,328.9,1179.970661,0.112610619
SF11830,Andhra Pradesh,Krishna,Sugarcane,Rabi,9.26,496.4,20.5,66.2,5.5,5.66,29.1,111.2,63.1,78.7,Sprinkler,112.1,5.81,0.79,19.22,177.98,3487,592275,620616,28341,15749,11.301,37.3,19.22,4.566591902,0.011301035,253,3327.761546,0.155764075
SF11831,Telangana,Nalgonda,Pulses,Zaid,2.67,158.4,29.7,49.3,9.3,6.91,17.4,126.3,74.2,107.6,Flood,146.5,4.04,0.91,0.88,2.35,75606,150519,177674,27155,1165,2.017,37.9,0.88,15.28360931,0.002017167,308.1,64050.6383,0.106596306
SF11832,Punjab,Ludhiana,Rice,Kharif,10.04,794.9,22.1,78.2,6.6,6.39,26.4,127.7,50,108.3,Rainfed,134.2,6.67,0.91,2.72,27.31,19180,687905,523806,-164099,8162,3.346,44.8,2.72,-31.32820166,0.003345994,286,25188.7587,0.148883929
SF11833,Gujarat,Rajkot,Maize,Rabi,10.22,269.4,27.6,53.4,8.7,5.49,27.7,110.3,47.4,106.2,Drip,171.9,4.3,0.83,0.78,7.97,20301,716596,161799,-554797,4907,1.624,30.3,0.78,-342.8927249,0.00162421,263.9,89911.66876,0.141914191
SF11834,Punjab,Ludhiana,Groundnut,Rabi,3.98,244.7,24.5,78.4,6.5,5.34,23.3,128.4,46.2,104.1,Sprinkler,273.9,5.83,0.79,0.3,1.19,56235,308269,66920,-241349,2015,0.591,41.1,0.3,-360.6530185,0.000590571,278.7,259049.5798,0.141849148
SF11835,Punjab,Ludhiana,Groundnut,Rabi,8,465.1,24.3,68.7,8.2,6.97,18,132,54.5,100.7,Sprinkler,197.7,8.62,0.88,1.6,12.8,53619,538378,686323,147945,4230,3.026,45.3,1.6,21.5561769,0.003026005,287.2,42060.78125,0.190286976
SF11836,Gujarat,Rajkot,Rice,Kharif,11.82,451.2,24.3,61.4,6,6.8,30.3,81.7,58.3,140,Flood,172.1,8.52,0.72,3.72,43.97,17967,795221,790009,-5212,24440,1.799,33.2,3.72,-0.659739319,0.0017991,280,18085.53559,0.256626506
SF11837,Andhra Pradesh,Krishna,Chilli,Zaid,13.98,191.4,29.1,47.1,8.6,7.44,20.3,43.1,59.2,71,Drip,147.5,0.5,0.99,0.79,11.04,89710,816173,990398,174225,8441,1.308,47,0.79,17.59141275,0.001307902,173.3,73928.71377,0.010638298
SF11838,Punjab,Ludhiana,Chilli,Kharif,12.06,993,30.8,78.1,5.7,6.73,28.3,133.2,80.1,143.7,Drip,148.5,6.89,0.68,2.59,31.24,102621,839705,3205880,2366175,6341,4.927,40.5,2.59,73.80734775,0.004926668,357,26879.16133,0.170123457
SF11839,Gujarat,Rajkot,Wheat,Zaid,13.2,343.8,27.6,45.7,8.8,6.52,25,72.9,76.4,108,Rainfed,151.5,6.64,0.76,1.97,26,24809,833889,645034,-188855,3377,7.699,32.5,1.97,-29.27830161,0.007699141,257.3,32072.65385,0.204307692
SF11840,Telangana,Nalgonda,Wheat,Rabi,14.72,326,27.3,69.7,6.6,5.98,27.3,108.1,80.9,62.3,Sprinkler,131.7,4.5,0.86,1.67,24.58,25418,756327,624774,-131553,8032,3.06,30.2,1.67,-21.05609388,0.003060259,251.3,30770.01627,0.149006623
SF11841,Andhra Pradesh,Guntur,Pulses,Kharif,12.6,1122.6,28.6,67.8,4.9,8.03,36.2,148.2,53.5,137.6,Rainfed,200.1,8.79,0.86,0.3,3.78,78449,864129,296537,-567592,2612,1.447,46.1,0.3,-191.4068059,0.001447167,339.3,228605.5556,0.190672451
SF11842,Tamil Nadu,Erode,Rice,Kharif,10.82,973.8,31.8,70,8.8,6.86,28.6,111.5,51.2,118.1,Drip,133.4,4.15,0.87,3.87,41.87,19241,735536,805621,70085,13712,3.054,59.7,3.87,8.699500137,0.00305353,280.8,17567.13637,0.069514238
SF11843,Andhra Pradesh,Guntur,Groundnut,Rabi,9.12,341.6,24,42.7,7.7,6.19,20,126.1,66.3,55.9,Rainfed,126.9,7.24,0.75,1.1,10.03,51156,513283,513095,-188,2129,4.711,40.8,1.1,-0.036640388,0.004711132,248.3,51174.77567,0.17745098
SF11844,Punjab,Ludhiana,Cotton,Rabi,5.46,517.2,24.6,56.6,7.9,6.16,23,174.4,93.4,107.4,Drip,140.3,4.52,0.71,1.41,7.7,56960,321019,438592,117573,4080,1.887,32.4,1.41,26.8069185,0.001887255,375.2,41690.77922,0.139506173
SF11845,Punjab,Ludhiana,Wheat,Rabi,7.08,504.5,26.6,68.7,7.7,7.09,22.6,122,55.6,58.9,Sprinkler,228.1,7.48,0.89,3.18,22.51,27091,484345,609818,125473,4121,5.462,28.2,3.18,20.57548318,0.005462266,236.5,21516.88139,0.265248227
SF11846,Madhya Pradesh,Indore,Maize,Zaid,10.78,609,31.6,44.4,8.4,6.89,26.5,71.6,61.8,113,Sprinkler,400,5.23,0.92,3.62,39.02,20736,981651,809119,-172532,6221,6.272,44,3.62,-21.32343944,0.006272303,246.4,25157.63711,0.118863636
SF11847,Madhya Pradesh,Indore,Pulses,Rabi,2.88,386.9,24.1,57,10.5,5.83,29,181.5,68.6,135.4,Drip,160.9,5.49,0.73,0.53,1.53,72741,193767,111294,-82473,905,1.691,38.3,0.53,-74.10372527,0.001690608,385.5,126645.098,0.143342037
SF11848,Maharashtra,Nashik,Maize,Kharif,7.8,1033.9,29.9,56.7,6.5,7.03,27,137.7,70.6,30,Sprinkler,56,5.89,0.77,4,31.2,22665,524319,707148,182829,4085,7.638,66.6,4,25.85441803,0.007637699,238.3,16805.09615,0.088438438
SF11849,Telangana,Nalgonda,Maize,Kharif,2.44,844.2,33,78.7,7,6.91,33.5,129.2,37.4,109.5,Flood,212.7,1.67,0.69,3.89,9.49,18348,149821,174123,24302,1916,4.953,68.4,3.89,13.95680065,0.004953027,276.1,15787.24974,0.024415205
SF11850,Punjab,Ludhiana,Cotton,Kharif,13.27,690.5,32.9,82.7,8,7.31,27.8,126.7,70.9,124,Sprinkler,253.1,7.09,0.95,1.44,19.11,69629,882125,1330610,448485,9804,1.949,63.4,1.44,33.70521791,0.001949204,321.6,46160.38723,0.111829653
SF11851,Andhra Pradesh,Guntur,Cotton,Rabi,14.93,88.2,28.5,56.6,7.7,7.1,26.7,133.4,68.4,100.3,Drip,58.5,7.88,0.76,1.35,20.16,67730,793458,1365437,571979,12354,1.632,23.4,1.35,41.88981257,0.00163186,302.1,39358.03571,0.336752137
SF11852,Telangana,Nalgonda,Maize,Zaid,1.7,621.6,30.3,58.7,8.2,6.52,11.1,145.7,53.5,141,Drip,226.4,4.79,0.95,4.44,7.55,20084,125373,151634,26261,908,8.315,51.7,4.44,17.31867523,0.008314978,340.2,16605.69536,0.092649903
SF11853,Telangana,Nalgonda,Groundnut,Rabi,14.68,360.7,25.1,49.5,9.2,6.3,24.7,110,33.7,67,Flood,175,8.32,0.85,1.32,19.38,58166,950791,1127257,176466,8624,2.247,22.5,1.32,15.65446034,0.002247217,210.7,49060.42312,0.369777778
SF11854,Andhra Pradesh,Guntur,Wheat,Rabi,3.88,433.4,29.2,45.1,7.7,6.36,26.8,71.6,77.3,123.2,Sprinkler,205.2,3.66,0.98,2.91,11.29,26006,301109,293608,-7501,2149,5.254,40.1,2.91,-2.5547669,0.005253606,272.1,26670.4163,0.09127182
SF11855,Andhra Pradesh,Guntur,Groundnut,Kharif,6.16,588.5,27.2,61.1,7.8,6.89,34.6,133.4,74.4,127.4,Rainfed,190.7,3.26,0.86,2.26,13.92,58672,344173,816714,472541,1618,8.603,51.9,2.26,57.85880982,0.008603214,335.2,24725.07184,0.062813102
SF11856,Punjab,Ludhiana,Rice,Kharif,14.67,977,26.7,75.8,9,5.58,37.4,45.2,16.1,60.7,Drip,133.2,6.27,0.96,0.67,9.83,25643,921710,252071,-669639,22079,0.445,67.1,0.67,-265.6549147,0.000445219,122,93765.00509,0.093442623
SF11857,Telangana,Warangal,Cotton,Kharif,3.23,929.8,28.1,56.1,5.5,7.65,35,169.8,74.8,90.4,Flood,162.4,2.98,0.72,0.69,2.23,64357,199386,143516,-55870,2861,0.779,56.7,0.69,-38.92945734,0.000779448,335,89410.76233,0.052557319
SF11858,Madhya Pradesh,Indore,Rice,Rabi,7.07,590,21.1,60.1,7.7,6.66,24,102.6,69.5,109.9,Rainfed,188.5,2.23,0.95,3.55,25.1,19748,440516,495675,55159,5854,4.288,60.8,3.55,11.1280577,0.004287667,282,17550.43825,0.036677632
SF11859,Andhra Pradesh,Guntur,Cotton,Rabi,2.8,529.2,22,58.1,6.6,6.71,17,140.3,51,89.2,Flood,280.9,5.77,1,1.67,4.68,72989,207613,341589,133976,2508,1.866,32.8,1.67,39.2214035,0.001866029,280.5,44361.75214,0.175914634
SF11860,Andhra Pradesh,Krishna,Maize,Rabi,1.68,80,23.8,69.8,7.5,5.68,24.5,110.6,58,121.1,Drip,357.4,3.88,0.98,0.88,1.48,22451,133587,33227,-100360,756,1.958,29.5,0.88,-302.0435188,0.001957672,289.7,90261.48649,0.131525424
SF11861,Madhya Pradesh,Indore,Pulses,Rabi,1.28,448.5,22.8,50,6.2,7.13,22.3,127.3,51.4,125.1,Flood,231.5,6.43,0.74,0.95,1.22,71184,98578,86844,-11734,604,2.02,28,0.95,-13.51158399,0.002019868,303.8,80801.63934,0.229642857
SF11862,Telangana,Nalgonda,Groundnut,Rabi,8.23,305.1,21.1,60.4,9,6.66,21.5,115.4,74.3,71.4,Drip,129.8,7.84,0.76,1.67,13.74,45085,497367,619468,122101,3490,3.937,18.8,1.67,19.71062266,0.003936963,261.1,36198.47162,0.417021277
SF11863,Maharashtra,Nashik,Chilli,Kharif,5.62,1331.2,27.9,36.9,7,7.5,32.8,145.4,52.8,107,Flood,188.4,4.54,0.73,0.839857651,4.72,106310,472264,501783,29519,5265,0.896,60.8,0.839857651,5.882821857,0.000896486,305.2,100055.9322,0.074671053
SF11864,Andhra Pradesh,Guntur,Pulses,Rabi,2.03,304.9,25,52.2,7.7,7.54,20.1,147.8,66.2,92.8,Flood,130.7,2.85,0.74,0.55,1.12,73286,153078,82080,-70998,906,1.236,33.7,0.55,-86.49853801,0.001236203,306.8,136676.7857,0.084569733
SF11865,Maharashtra,Nashik,Chilli,Zaid,12.64,650,30.2,61.2,8.6,6.71,23.6,98.8,56.9,67.4,Drip,128.6,5.47,0.72,2.43,30.72,98624,768068,3029729,2261661,6156,4.99,51.5,2.43,74.64895375,0.004990253,223.1,25002.21354,0.106213592
SF11866,Karnataka,Raichur,Wheat,Rabi,3.53,561.4,25.3,76.8,6.2,6.66,18.5,91.5,32.4,136.1,Flood,192.2,4.81,1,3.13,11.05,23665,216318,261498,45180,2269,4.87,37.9,3.13,17.27737879,0.004869987,260,19576.28959,0.126912929
SF11867,Punjab,Ludhiana,Cotton,Kharif,1.91,672.1,27.6,69,6.8,6.6,32.9,120.6,35.5,83.5,Rainfed,244.2,8.67,0.79,1.74,3.32,74079,129887,245942,116055,819,4.054,48.9,1.74,47.18795488,0.004053724,239.6,39122.59036,0.177300613
SF11868,Telangana,Warangal,Groundnut,Kharif,1.8,701.4,27,70,4.5,6.02,29.9,91.8,59.1,91.1,Drip,190.5,8.11,0.67,1.57,2.83,42934,135842,121503,-14339,631,4.485,28.8,1.57,-11.8013547,0.004484945,242,48000.70671,0.281597222
SF11869,Telangana,Warangal,Cotton,Kharif,8.45,930,29,72.1,7.2,7.17,29.9,140.3,65.8,109.7,Drip,252.7,5.63,0.82,1.36,11.49,67926,595887,780470,184583,6256,1.837,51.2,1.36,23.6502364,0.001836637,315.8,51861.3577,0.109960938
SF11870,Andhra Pradesh,Guntur,Rice,Rabi,6.31,729.5,17.2,83.9,7.6,5.87,26.7,193.2,76.8,101.4,Flood,175.1,9.18,0.85,1.6,10.1,21056,399343,212666,-186677,13029,0.775,38.3,1.6,-87.77942878,0.000775194,371.4,39538.91089,0.239686684
SF11871,Andhra Pradesh,Guntur,Sugarcane,Kharif,10.11,833.3,27.6,72.2,8.8,6.63,25.3,107.5,43.7,79.1,Rainfed,213.5,4.85,0.76,73.4,742.07,3269,649426,2425827,1776401,10915,67.986,37.2,73.4,73.22867624,0.067986257,230.3,875.154635,0.130376344
SF11872,Karnataka,Raichur,Maize,Zaid,14.61,172.6,33.4,54.7,8.3,6.52,11.3,78.8,91.2,70.2,Sprinkler,175.3,5.55,0.75,2.34,34.19,19724,1023286,674364,-348922,8220,4.159,37.2,2.34,-51.74089957,0.004159367,240.2,29929.39456,0.149193548
SF11873,Telangana,Warangal,Rice,Rabi,14.26,602.1,26,55,7,7.18,22.6,144.5,78.5,98.2,Flood,66.6,6.09,0.84,3.2,45.63,25473,769972,1162333,392361,25837,1.766,39.7,3.2,33.75633317,0.001766072,321.2,16874.2494,0.153400504
SF11874,Karnataka,Raichur,Cotton,Zaid,5.44,542.2,34,35.9,7.7,6.63,20.1,40.5,46.1,76.9,Drip,88,8.09,0.97,1.23,6.69,65404,303592,437553,133961,3179,2.104,33.6,1.23,30.61594824,0.002104435,163.5,45379.9701,0.24077381
SF11875,Maharashtra,Nashik,Wheat,Kharif,4.7,757.9,32.4,67.7,6.2,6.84,29,126.1,77.3,90.3,Sprinkler,184.6,6.49,0.8,3.02,14.19,21761,337155,308789,-28366,2200,6.45,42.1,3.02,-9.186208058,0.00645,293.7,23760.04228,0.15415677
SF11876,Andhra Pradesh,Krishna,Maize,Rabi,9.91,503.5,24.6,47.3,6.7,7.24,20.6,113.3,46.3,106.8,Drip,238,4.34,0.7,3.56,35.28,20713,544234,730755,186521,4960,7.113,42,3.56,25.52442337,0.007112903,266.4,15426.13379,0.103333333
SF11877,Telangana,Warangal,Wheat,Kharif,10.01,928.5,28.6,80.5,8.7,6.25,33.8,102.8,57,120.6,Rainfed,138.1,2.81,0.7,2.4,24.02,23272,429373,558993,129620,2771,8.668,66.1,2.4,23.18812579,0.008668351,280.4,17875.6453,0.042511346
SF11878,Maharashtra,Nashik,Groundnut,Rabi,8.26,647.9,23,62.1,6.8,7.61,19.6,91.8,74,88.3,Flood,290,6.3,0.97,0.66,5.45,58598,802751,319359,-483392,5985,0.911,32.9,0.66,-151.3631994,0.00091061,254.1,147293.7615,0.191489362
SF11879,Punjab,Ludhiana,Chilli,Rabi,8.88,347,24.8,44.7,7.1,7.11,27.6,71.3,44.7,74.7,Rainfed,179.4,6.4,0.83,1.42,12.61,97742,645861,1232527,586666,3433,3.673,31.4,1.42,47.59863273,0.003673172,190.7,51218.16019,0.203821656
SF11880,Tamil Nadu,Erode,Groundnut,Rabi,5.69,149.9,21.2,57.9,8.3,6.66,24.8,90.7,63.2,97.4,Sprinkler,215.1,8.41,0.89,1.22,6.94,55069,400410,382179,-18231,2686,2.584,29.1,1.22,-4.770277802,0.002583768,251.3,57695.96542,0.289003436
SF11881,Gujarat,Rajkot,Wheat,Kharif,1.65,977,30.7,68.2,7.3,6.32,29,115.9,50.1,93.3,Rainfed,329.6,5.54,0.95,2.51,4.14,27183,129653,112538,-17115,442,9.367,53.9,2.51,-15.20819634,0.009366516,259.3,31317.14976,0.102782931
SF11882,Madhya Pradesh,Indore,Rice,Rabi,12.26,580.9,21.5,50.4,7.3,6.5,25.7,123.2,63.9,133.1,Flood,163.1,4.73,0.73,3.98,48.79,17588,805278,858119,52841,20781,2.348,44.4,3.98,6.157770659,0.002347818,320.2,16504.98053,0.106531532
SF11883,Telangana,Warangal,Rice,Kharif,10.38,796.4,30.7,62,7.6,5.85,25.9,151.8,28.4,105.1,Flood,226.6,9.11,0.87,1.24,12.87,25611,850432,329614,-520818,21150,0.609,25.6,1.24,-158.0084584,0.000608511,285.3,66078.63248,0.355859375
SF11884,Punjab,Ludhiana,Groundnut,Rabi,0.91,163.4,25.4,68,8.6,6.07,17.6,56.9,57.9,100.4,Drip,180,3.18,0.66,0.86,0.78,61964,75200,48332,-26868,320,2.438,40.9,0.86,-55.59049905,0.0024375,215.2,96410.25641,0.077750611
SF11885,Telangana,Warangal,Cotton,Kharif,13.73,925.5,24.8,68.3,5.3,6.92,33.4,107.6,65.9,65.6,Flood,94.7,5.64,0.97,1.8,24.71,64220,899351,1586876,687525,13203,1.872,47.4,1.8,43.32569148,0.001871544,239.1,36396.23634,0.118987342
SF11886,Madhya Pradesh,Indore,Chilli,Rabi,9.95,537.7,24.9,51.8,7.9,6.64,19.4,139,72,93.6,Drip,114.9,4.99,0.87,3.1,30.84,102968,577226,3175533,2598307,5751,5.363,50.5,3.1,81.82270504,0.005362546,304.6,18716.79637,0.098811881
SF11887,Madhya Pradesh,Indore,Wheat,Rabi,13.18,573.5,23.1,41.6,8.4,5.98,21.7,98.7,74.8,83.9,Flood,163.6,5.11,0.74,1.7,22.41,25744,826628,576923,-249705,9509,2.357,38.5,1.7,-43.28220577,0.002356715,257.4,36886.5685,0.132727273
SF11888,Telangana,Warangal,Pulses,Kharif,10.53,791.8,28.3,71,6.7,5.64,37,91.3,70.2,129,Flood,215.5,1.57,0.69,0.34,3.58,72188,776434,258433,-518001,5216,0.686,70.3,0.34,-200.4391854,0.00068635,290.5,216881.0056,0.022332859
SF11889,Madhya Pradesh,Indore,Cotton,Kharif,4.81,892.2,27.6,81,7.3,6.42,24,95.4,19.4,102.7,Flood,198.4,5.62,0.91,1.64,7.89,65552,422909,517205,94296,4397,1.794,59.5,1.64,18.23184231,0.001794405,217.5,53600.63371,0.094453782
SF11890,Telangana,Nalgonda,Groundnut,Kharif,5.77,693.6,30.4,76,6.1,6.72,37.7,67.6,84.7,106.6,Drip,317.7,6.1,0.74,2.72,15.69,51303,471695,804944,333249,2055,7.635,49.5,2.72,41.40027132,0.007635036,258.9,30063.41619,0.123232323
SF11891,Maharashtra,Nashik,Chilli,Rabi,2.01,407.4,21.6,64.1,7.4,6.46,31,150.2,81.8,80.3,Rainfed,173.5,3.71,0.77,1.73,3.48,108032,108423,375951,267528,618,5.631,53.4,1.73,71.16033738,0.005631068,312.3,31156.03448,0.069475655
SF11892,Andhra Pradesh,Guntur,Groundnut,Kharif,6.23,850.3,31.8,65.5,6.8,6.74,36.8,161.8,65.1,149,Rainfed,99.1,5.85,0.96,1.89,11.77,53558,364507,630378,265871,1982,5.938,50.1,1.89,42.17644017,0.005938446,375.9,30969.15888,0.116766467
SF11893,Andhra Pradesh,Krishna,Cotton,Rabi,7.07,622,25,45.5,7.3,7.38,28.5,96.7,36.5,97.3,Drip,184.2,6.22,0.85,1.21,8.55,57095,445234,488162,42928,5391,1.586,39.1,1.21,8.793802058,0.001585977,230.5,52074.15205,0.159079284
SF11894,Telangana,Warangal,Rice,Zaid,2.58,324.9,34.2,48,8.6,6.59,19.6,95.7,80.7,97.6,Drip,194.5,2.93,0.93,2.52,6.5,22758,149902,147927,-1975,3332,1.951,41.2,2.52,-1.335117997,0.00195078,274,23061.84615,0.071116505
SF11895,Tamil Nadu,Erode,Maize,Kharif,13.99,704.8,29.5,91.2,8.4,5.97,34.5,109.6,52.3,123.4,Sprinkler,278.3,5.75,0.79,2.81,39.31,19239,1080912,756285,-324627,7227,5.439,61.3,2.81,-42.92389774,0.005439325,285.3,27497.12541,0.093800979
SF11896,Andhra Pradesh,Guntur,Cotton,Rabi,5.52,678.5,23.7,63,8.2,7.61,26.2,84.7,70,77.6,Rainfed,191.3,4.74,0.71,0.64,3.53,72612,357514,256320,-101194,2239,1.577,58,0.64,-39.4795568,0.001576597,232.3,101278.7535,0.081724138
SF11897,Karnataka,Raichur,Chilli,Kharif,7,1120.4,25.1,77.7,4.7,5.5,36.5,92.3,83,161,Flood,257.7,7.12,0.67,0.38,2.66,116909,569727,310978,-258749,6081,0.437,54.3,0.38,-83.20492125,0.000437428,336.3,214183.0827,0.131123389
SF11898,Telangana,Warangal,Wheat,Rabi,4.45,80,17.5,78.3,7.1,7.3,32.5,72.1,80.3,118.8,Sprinkler,123.6,4.79,0.69,1.39,6.19,24315,305569,150510,-155059,2496,2.48,44,1.39,-103.0223905,0.002479968,271.2,49364.94346,0.108863636
SF11899,Telangana,Warangal,Chilli,Rabi,4.62,277.8,23.5,43,7.9,5.31,22.2,97.7,35.6,82,Sprinkler,184,7.65,0.67,0.3,1.39,121915,327912,169462,-158450,2866,0.485,5.1,0.3,-93.50178801,0.000484997,215.3,235907.9137,1.5
SF11900,Telangana,Nalgonda,Groundnut,Rabi,4.69,455.8,26.2,41.7,8.9,7.18,23.5,140.5,74.6,130.8,Drip,242.4,4.5,0.93,2.16,10.13,57544,386995,582921,195926,2425,4.177,39.8,2.16,33.61107251,0.00417732,345.9,38202.86278,0.113065327
SF11901,Punjab,Ludhiana,Pulses,Rabi,7.88,330.4,27.7,51.9,6.7,6.76,22.3,93.7,39.7,118.8,Drip,178.8,4.82,0.89,1.25,9.85,69674,533756,686289,152533,3056,3.223,33.2,1.25,22.22576786,0.003223168,252.2,54188.4264,0.145180723
SF11902,Madhya Pradesh,Indore,Wheat,Rabi,3.43,583.5,21.4,73.3,7,6.85,27,78.8,53.2,108.5,Rainfed,193.3,2.75,0.9,2.76,9.47,22125,258902,209524,-49378,1019,9.293,43.7,2.76,-23.5667513,0.009293425,240.5,27339.17635,0.062929062
SF11903,Punjab,Ludhiana,Cotton,Rabi,10.68,228.5,21.7,61,8.9,7.15,24.7,70.2,60.2,116.2,Rainfed,147.5,3.33,0.72,0.74,7.9,59305,621286,468510,-152776,4016,1.967,45,0.74,-32.60890909,0.001967131,246.6,78643.79747,0.074
SF11904,Telangana,Nalgonda,Rice,Rabi,5.71,296,23.5,55.3,8.3,6.67,27.3,118,67.1,129.3,Flood,159.8,3.44,1,3.35,19.13,21639,374020,413954,39934,9988,1.915,37.5,3.35,9.646965605,0.001915298,314.4,19551.48981,0.091733333
SF11905,Telangana,Nalgonda,Pulses,Rabi,11.02,341.9,21.2,57.2,6.9,6.97,20,117,65.1,70.8,Flood,81.5,4.02,0.94,1,11.02,62729,653063,691274,38211,5275,2.089,37.7,1,5.527620018,0.0020891,252.9,59261.61525,0.1066313
SF11906,Andhra Pradesh,Krishna,Groundnut,Rabi,2.15,550.3,25.2,64.6,7.8,6.22,27,114.7,44.9,112.5,Flood,203.3,6.61,0.9,1.32,2.84,48919,153669,138930,-14739,1230,2.309,33.8,1.32,-10.60893975,0.002308943,272.1,54108.80282,0.19556213
SF11907,Telangana,Warangal,Maize,Kharif,7.96,779.7,27.7,73.8,6,6.87,27.4,192.2,45.3,88.2,Flood,168.8,6.5,0.79,5.59,44.5,19698,503979,876561,372582,5813,7.655,43.9,5.59,42.50497113,0.007655255,325.7,11325.37079,0.148063781
SF11908,Punjab,Ludhiana,Wheat,Zaid,7.78,329,28.1,33.4,9.2,6.58,8,107.4,34.4,111.6,Flood,231.5,2.18,0.96,2.33,18.13,23588,591420,427650,-163770,5786,3.133,37.1,2.33,-38.29533497,0.003133426,253.4,32621.07005,0.058760108
SF11909,Gujarat,Rajkot,Wheat,Zaid,9.99,451.6,30.6,60,8.6,6.25,11.6,127.7,66.1,105.2,Drip,158.2,7.55,0.72,2.53,25.27,24540,714905,620126,-94779,4728,5.345,35,2.53,-15.28382942,0.005344755,299,28290.66086,0.215714286
SF11910,Andhra Pradesh,Guntur,Cotton,Kharif,1.65,957.4,34.7,73.5,5.6,7.12,36.1,95.7,90.4,180.3,Flood,200.9,6.54,0.72,1.13,1.86,72665,122246,135157,12911,1417,1.313,59.5,1.13,9.55259439,0.001312632,366.4,65723.65591,0.109915966
SF11911,Telangana,Warangal,Maize,Rabi,13.02,779.6,25.5,52.8,6.3,7.79,20.5,142.7,87.5,104.6,Flood,98.7,5.45,0.69,1.14,14.84,19625,666511,291235,-375276,8893,1.669,57.2,1.14,-128.8567652,0.001668728,334.8,44913.14016,0.09527972
SF11912,Telangana,Nalgonda,Cotton,Kharif,10.55,961.5,27.8,77.8,5.8,6.33,23.8,156.7,71.6,66.8,Flood,40,5.83,0.71,1.6,16.88,68394,702841,1154491,451650,11598,1.455,61.5,1.6,39.1211365,0.001455423,295.1,41637.5,0.094796748
SF11913,Telangana,Warangal,Chilli,Zaid,2.94,515.2,31.6,62.1,8.2,8.24,18.7,40,70.2,42.8,Drip,172.8,5.73,0.66,0.3,0.88,99707,187008,87742,-99266,1713,0.514,48,0.3,-113.1339609,0.000513719,153,212509.0909,0.119375
SF11914,Madhya Pradesh,Indore,Cotton,Kharif,13.74,596.5,27.3,66.2,6.8,6.69,26.4,139.4,39.2,104.3,Flood,259.7,6.1,0.86,2.12,29.13,56927,1081805,1658284,576479,12694,2.295,57.1,2.12,34.76358694,0.002294785,282.9,37137.14384,0.106830123
SF11915,Telangana,Warangal,Cotton,Zaid,2.72,370,33.1,50.1,8.4,6.69,12.1,150.3,55.6,65,Rainfed,85.8,5.95,0.9,1.09,2.96,61198,159674,181146,21472,1168,2.534,38.2,1.09,11.8534221,0.002534247,270.9,53943.91892,0.155759162
SF11916,Karnataka,Raichur,Pulses,Kharif,2.49,1040,25.3,67.4,8.6,6.16,32.5,87.2,52.2,72.6,Rainfed,202.7,1.71,0.79,0.7,1.74,67691,171033,117782,-53251,566,3.074,76.5,0.7,-45.21149242,0.003074205,212,98294.82759,0.022352941
SF11917,Andhra Pradesh,Krishna,Groundnut,Kharif,8.05,690.9,32.1,67.8,7.4,6.76,33.9,118.3,60.2,135.8,Sprinkler,218.9,3.2,0.99,2.47,19.88,63958,618456,1271485,653029,4142,4.8,47.4,2.47,51.35955202,0.004799614,314.3,31109.45674,0.067510549
SF11918,Maharashtra,Nashik,Rice,Kharif,1.41,885.8,28.5,63.9,6.1,7.39,23.9,143.9,74.8,95.5,Flood,199.1,1.65,0.87,1.51,2.13,24070,108739,51269,-57470,2371,0.898,60.7,1.51,-112.0950282,0.000898355,314.2,51051.17371,0.027182867
SF11919,Maharashtra,Nashik,Rice,Rabi,8.3,371.4,17.8,34.4,7.1,6.37,22.6,156.8,63.3,100.3,Sprinkler,89.6,4.38,0.69,2.66,22.08,18173,628652,401260,-227392,11713,1.885,47,2.66,-56.6694911,0.001885085,320.4,28471.55797,0.093191489
SF11920,Punjab,Ludhiana,Wheat,Rabi,10.59,382.5,20.9,60.6,7.4,6.58,19.8,48.2,20.6,105.2,Rainfed,198.1,6.09,0.91,2.17,22.98,20210,610472,464426,-146046,2768,8.302,40.1,2.17,-31.44655984,0.008302023,174,26565.36118,0.151870324
SF11921,Gujarat,Rajkot,Rice,Kharif,13.57,998.7,27.1,90.6,5.1,7.3,34.4,115.3,50.4,134.7,Drip,199.4,8.48,0.71,2.56,34.74,23258,955550,807983,-147567,17137,2.027,50.7,2.56,-18.26362683,0.002027193,300.4,27505.75705,0.167258383
SF11922,Telangana,Warangal,Wheat,Zaid,11.65,487,31,49.4,8.5,7.04,18.5,94.8,73.2,88.3,Drip,278.1,5.92,0.68,2.3,26.8,22663,688128,607368,-80760,5294,5.062,30.9,2.3,-13.29671632,0.005062335,256.3,25676.41791,0.191585761
SF11923,Maharashtra,Nashik,Wheat,Kharif,6.71,991.7,27.8,78,7,6.02,29.2,40,54.1,143.6,Flood,267.7,4.38,0.7,1.56,10.47,23698,429879,248118,-181761,3943,2.655,57.6,1.56,-73.25587019,0.002655339,237.7,41058.16619,0.076041667
SF11924,Andhra Pradesh,Guntur,Maize,Kharif,11.84,892.2,24.8,59.4,8.4,6.04,30.8,72.3,41.1,78.9,Sprinkler,119.9,6.79,0.94,1.81,21.43,18869,739709,404363,-335346,6572,3.261,36.7,1.81,-82.93192008,0.003260803,192.3,34517.45217,0.185013624
SF11925,Andhra Pradesh,Guntur,Maize,Rabi,9.15,582.2,20.7,70.9,10.4,7.48,26.1,157,46.6,71.6,Drip,147.3,6.01,0.9,1.83,16.74,20589,506864,344660,-162204,4748,3.526,35.4,1.83,-47.06203215,0.003525695,275.2,30278.6141,0.169774011
SF11926,Telangana,Nalgonda,Pulses,Kharif,8.24,668.1,24.6,81.9,8.2,7.72,32.3,169.7,66,86.1,Drip,233.5,4.94,0.98,0.56,4.61,80087,556769,369201,-187568,2548,1.809,61.4,0.56,-50.80376272,0.001809262,321.8,120774.1866,0.080456026
SF11927,Tamil Nadu,Erode,Groundnut,Rabi,11.26,527.1,25.1,49.4,8.2,6.91,24.1,139.6,56.3,89.5,Sprinkler,40,6.4,0.83,2.21,24.88,60681,584584,1509743,925159,4690,5.305,35.2,2.21,61.27923759,0.005304904,285.4,23496.14148,0.181818182
SF11928,Gujarat,Rajkot,Cotton,Rabi,13.78,360.9,20.5,61.8,9.9,6.81,30,109.6,54,68,Sprinkler,170.8,4.37,0.85,1.47,20.26,70001,933396,1418220,484824,11149,1.817,51.7,1.47,34.18538732,0.001817203,231.6,46070.87858,0.084526112
SF11929,Gujarat,Rajkot,Groundnut,Rabi,9.5,459.5,18.3,63.8,6.9,7.27,22.6,140.2,57,106.8,Flood,169.7,5.92,0.82,1.03,9.78,53671,667294,524902,-142392,4714,2.075,41.9,1.03,-27.12734949,0.002074671,304,68230.47035,0.141288783
SF11930,Tamil Nadu,Erode,Groundnut,Rabi,2.75,326,25.3,61.3,8.2,7.77,17.5,137.8,32.4,85.4,Flood,231.5,6.6,0.87,0.42,1.16,47207,219146,54760,-164386,1796,0.646,36,0.42,-300.193572,0.00064588,255.6,188918.9655,0.183333333
SF11931,Andhra Pradesh,Guntur,Sugarcane,Kharif,14.16,860.4,26.5,74,5,7.14,29.7,157.2,66.1,151.7,Drip,122,5.71,0.73,79.25,1122.18,3661,875331,4108301,3232970,21133,53.101,41.8,79.25,78.69360108,0.053100838,375,780.0272684,0.136602871
SF11932,Karnataka,Raichur,Chilli,Zaid,12.06,456.6,30.8,59.2,9.1,7.65,20.7,130.9,58.7,99.2,Flood,236.3,11.78,0.73,0.77,9.29,101047,931348,938727,7379,10163,0.914,26.5,0.77,0.786064532,0.0009141,288.8,100252.7449,0.444528302
SF11933,Andhra Pradesh,Krishna,Cotton,Rabi,11.94,411.4,24.3,43.1,8.1,6.82,22.8,137.8,63.5,100.6,Flood,260.6,6.05,0.67,1.81,21.61,60279,922911,1302629,379718,12024,1.797,37,1.81,29.1501264,0.001797239,301.9,42707.58908,0.163513514
SF11934,Andhra Pradesh,Krishna,Rice,Kharif,9.44,873.7,25.5,70.7,6.9,6.41,22.3,127.1,60.6,128.3,Flood,201.9,5.1,0.81,4.16,39.27,20820,593186,817601,224415,16981,2.313,56.7,4.16,27.44798502,0.002312585,316,15105.32213,0.08994709
SF11935,Andhra Pradesh,Guntur,Maize,Zaid,12.72,193.5,30.7,44.9,7.8,6.32,15.1,152.5,112.2,74,Flood,182.1,6.67,0.96,2.29,29.13,20280,932657,590756,-341901,8977,3.245,26.5,2.29,-57.87516335,0.003244959,338.7,32017.06145,0.251698113
SF11936,Maharashtra,Nashik,Wheat,Kharif,12.55,935.7,25.5,65.7,6.8,6.7,27.4,125.6,70.7,121.6,Flood,128.8,5.63,0.84,2.98,37.4,24997,736544,934888,198344,8039,4.652,48.4,2.98,21.21580339,0.00465232,317.9,19693.68984,0.116322314
SF11937,Karnataka,Raichur,Groundnut,Zaid,8.83,176.8,30,45.8,6.2,6.73,11.7,74.8,64.3,72.2,Rainfed,162.8,2.48,0.95,1.08,9.54,48372,529211,461469,-67742,2198,4.34,47,1.08,-14.67964262,0.004340309,211.3,55472.85115,0.052765957
SF11938,Telangana,Nalgonda,Groundnut,Rabi,10.36,665.8,27.1,45,8.3,6.32,13.3,105.5,46.9,83.8,Sprinkler,189.2,3.67,0.78,1.93,19.99,54439,590945,1088236,497291,4225,4.731,44.3,1.93,45.69698117,0.004731361,236.2,29562.03102,0.082844244
SF11939,Gujarat,Rajkot,Chilli,Rabi,0.69,355,22.1,56.9,7.6,6.89,32.2,76,69.2,96.2,Drip,167.5,5.74,0.9,1.85,1.28,89831,51341,114984,63643,344,3.721,20.9,1.85,55.34943992,0.00372093,241.4,40110.15625,0.274641148
SF11940,Andhra Pradesh,Guntur,Chilli,Kharif,7.23,764.6,28.9,78,5,6.81,35.7,86.8,35.6,154.1,Sprinkler,88.9,2.85,0.87,3.14,22.7,108003,379569,2451668,2072099,4386,5.176,55.7,3.14,84.5179282,0.005175559,276.5,16721.10132,0.051166966
SF11941,Madhya Pradesh,Indore,Rice,Zaid,9.23,117.5,34.3,26.5,9.5,6.65,21.9,82.6,63.7,106.7,Rainfed,290.8,6.62,0.85,1.75,16.15,21575,757379,348436,-408943,6309,2.56,19.6,1.75,-117.3653124,0.002559835,253,46896.53251,0.337755102
SF11942,Telangana,Warangal,Rice,Rabi,14.89,611,22.2,61.3,7,6.03,17,140.3,68.1,125.1,Drip,166.8,6.79,0.96,2.49,37.08,24063,1096479,892256,-204223,22326,1.661,31.3,2.49,-22.88838629,0.001660844,333.5,29570.63107,0.216932907
SF11943,Punjab,Ludhiana,Sugarcane,Rabi,13.7,120.9,23.6,61.2,8.7,7.76,21.2,139.5,54.7,30,Rainfed,168,6.07,0.84,11.37,155.77,3658,935074,569807,-365267,14750,10.561,42.2,11.37,-64.10363509,0.010560678,224.2,6002.914554,0.143838863
SF11944,Madhya Pradesh,Indore,Wheat,Kharif,12.56,940,31,74.8,6.6,7.29,28.2,106.4,49.9,109.7,Sprinkler,156.8,4.94,0.95,1.85,23.24,26290,811532,610980,-200552,5558,4.181,57.9,1.85,-32.82464238,0.00418136,266,34919.62134,0.085319516
SF11945,Karnataka,Raichur,Cotton,Kharif,11.46,669.8,31.3,65.9,8.7,6.79,38.7,132.8,50.7,86.9,Rainfed,261.9,2.31,0.85,1.75,20.06,79478,802972,1594329,791357,4965,4.04,56.2,1.75,49.63574018,0.004040282,270.4,40028.51446,0.041103203
SF11946,Maharashtra,Nashik,Pulses,Rabi,4.06,702,22.8,47.9,7.4,6.53,23.8,70.1,72.6,107.2,Flood,136.5,5.43,0.86,1.37,5.56,72398,253157,402533,149376,2072,2.683,40.1,1.37,37.10900721,0.002683398,249.9,45531.83453,0.135411471
SF11947,Maharashtra,Nashik,Cotton,Kharif,6.8,942.9,22.9,62.3,7.5,6.16,28,132.1,57.2,129.4,Rainfed,99.8,7.41,0.81,1.24,8.43,64330,351079,542302,191223,2631,3.204,48,1.24,35.26134884,0.003204105,318.7,41646.38197,0.154375
SF11948,Andhra Pradesh,Guntur,Rice,Rabi,11.33,336.8,21.9,51.9,7.9,6.91,25.4,155.4,84.7,98.8,Sprinkler,142,4.15,0.77,3.73,42.26,22879,774038,966867,192829,15722,2.688,42.9,3.73,19.94369443,0.002687953,338.9,18316.09087,0.096736597
SF11949,Telangana,Nalgonda,Cotton,Kharif,4.12,717,30.5,58.1,5.9,6.85,29.6,120.7,52.8,82.2,Sprinkler,100.7,8.42,0.96,2.25,9.27,79748,227790,739264,511474,2672,3.469,38.4,2.25,69.18692105,0.003469311,255.7,24572.81553,0.219270833
SF11950,Madhya Pradesh,Indore,Sugarcane,Zaid,4.2,447.4,33.3,49,8.8,6.45,21.1,132.3,55.9,85.9,Drip,207.4,3.33,0.82,61.91,260.02,2994,271891,778500,506609,6503,39.985,48.5,61.91,65.07501606,0.039984622,274.1,1045.65418,0.068659794
SF11951,Telangana,Warangal,Sugarcane,Kharif,12.2,703.2,29,64.6,5.4,5.79,39.8,92.8,47.3,123.2,Sprinkler,214.5,5.66,0.72,30.03,366.37,3791,813057,1388909,575852,23693,15.463,45.2,30.03,41.46074365,0.015463217,263.3,2219.223736,0.125221239
SF11952,Karnataka,Raichur,Chilli,Rabi,3.51,647.8,24.6,60,7.1,6.14,28.6,96.8,73.3,80.6,Drip,152.9,6.12,0.82,1.63,5.72,108769,213038,622159,409121,1781,3.212,60.5,1.63,65.7582708,0.003211679,250.7,37244.40559,0.101157025
SF11953,Andhra Pradesh,Guntur,Wheat,Rabi,9.35,606.5359375,23.4,62.6,8.2,6.22,18.1,154.2,64.6,53.4,Flood,206.1,6.33,0.96,1.9,17.76,21316,646630,378572,-268058,5615,3.163,34,1.9,-70.80766671,0.003162956,272.2,36409.34685,0.186176471
SF11954,Madhya Pradesh,Indore,Pulses,Kharif,8.52,838.4,28.8,89.1,6.8,6.23,34,104.5,69.8,119.7,Flood,214.7,5.13,0.87,0.95,8.09,71965,581640,582197,557,3858,2.097,53.1,0.95,0.095672084,0.002096941,294,71896.16811,0.096610169
SF11955,Maharashtra,Nashik,Maize,Kharif,13.21,735.2,35.4,65,7.6,6.47,34.9,123.7,43.1,138.5,Flood,200.9,4.47,0.95,4.17,55.09,21822,820289,1202174,381885,10120,5.444,44.2,4.17,31.76620023,0.005443676,305.3,14889.98003,0.101131222
SF11956,Andhra Pradesh,Guntur,Wheat,Kharif,9.7,893.9,27.2,71,7,7.43,29.9,144.6,49.9,96.7,Flood,177.3,5.64,0.93,1.46,14.16,27362,684115,387446,-296669,7265,1.949,60.6,1.46,-76.57041239,0.001949071,291.2,48313.20621,0.093069307
SF11957,Tamil Nadu,Erode,Chilli,Kharif,0.56,946.9,27.8,73,6.1,7.64,32,127.6,71.3,104.5,Rainfed,233.5,3.74,0.97,0.83,0.46,95529,40864,43943,3079,196,2.347,53.7,0.83,7.006804269,0.002346939,303.4,88834.78261,0.069646182
SF11958,Karnataka,Raichur,Pulses,Rabi,14.83,447.8,19.7,69,7.4,6.26,29.1,134.5,70.1,97.9,Sprinkler,235.8,3.07,0.97,1.13,16.76,68358,1014867,1145680,130813,6364,2.634,59.8,1.13,11.4179352,0.002633564,302.5,60552.92363,0.051337793
SF11959,Telangana,Nalgonda,Pulses,Rabi,1.29,623.2,23.4,63.2,6.6,7.26,22.7,113.7,50.5,131.2,Flood,202.8,8.88,0.9,1.06,1.37,74877,89012,102581,13569,674,2.033,35.9,1.06,13.22759575,0.002032641,295.4,64972.26277,0.24735376
SF11960,Punjab,Ludhiana,Groundnut,Rabi,10.61,469.8,22.5,66.5,8.2,6.43,17.1,115.1,58.9,79.2,Sprinkler,163.6,5.71,0.71,1.68,17.82,50172,693066,894065,200999,5516,3.231,53.6,1.68,22.48147506,0.003230602,253.2,38892.59259,0.106529851
SF11961,Andhra Pradesh,Guntur,Pulses,Kharif,7.64,1044.2,30.2,60.6,6.2,6.66,33.7,98,101.9,127.7,Flood,205.8,5.41,0.69,1.27,9.7,66344,382747,643537,260790,3691,2.628,58.8,1.27,40.52447645,0.002628014,327.6,39458.45361,0.092006803
SF11962,Telangana,Nalgonda,Maize,Rabi,3.19,360.4,23.6,62.4,8.8,6.81,25.9,81.2,37.2,109.6,Rainfed,95.3,3.01,0.71,2.97,9.47,24661,177607,233540,55933,934,10.139,36.7,2.97,23.95007279,0.010139186,228,18754.69905,0.082016349
SF11963,Telangana,Warangal,Sugarcane,Kharif,6.31,1057.2,32.2,75.8,7,6.8,30.9,107.3,63.4,134,Rainfed,107.7,5.32,0.93,53.25,336.01,3649,367905,1226100,858195,6645,50.566,53.2,53.25,69.99388304,0.050565839,304.7,1094.92277,0.1
SF11964,Andhra Pradesh,Krishna,Pulses,Kharif,1.07,590.3,34.5,74.5,8,6,38.8,157,51.1,105,Rainfed,195,3.72,0.93,0.56,0.6,71176,75623,42706,-32917,237,2.532,40,0.56,-77.07816232,0.002531646,313.1,126038.3333,0.093
SF11965,Madhya Pradesh,Indore,Chilli,Kharif,14.18,868.9,30.9,93.5,7.3,7.61,31.6,92.5,44.6,138,Drip,65.2,6.77,0.78,1.01,14.32,106277,807054,1521887,714833,7325,1.955,55.6,1.01,46.97017584,0.001954949,275.1,56358.51955,0.12176259
SF11966,Karnataka,Raichur,Rice,Rabi,6.15,556.4,19.7,57.3,6.2,7.83,18.2,121.7,64.8,164.9,Flood,251.8,1.07,0.67,0.710569106,4.37,22629,491432,98889,-392543,12080,0.362,46.9,0.710569106,-396.9531495,0.000361755,351.4,112455.8352,0.022814499
SF11967,Karnataka,Raichur,Wheat,Zaid,11.88,219.8,31.1,50.8,9,6.62,12.5,156.6,67.4,147.7,Flood,207.5,0.5,0.93,2.34,27.8,26384,779076,733475,-45601,8333,3.336,47.8,2.34,-6.217117148,0.003336133,371.7,28024.31655,0.010460251
SF11968,Tamil Nadu,Erode,Chilli,Kharif,6.08,1083.6,27.8,85.6,4.9,5.92,34.3,104.7,65.4,139.3,Sprinkler,238.1,7.48,0.89,1.1,6.69,103326,437569,691251,253682,4398,1.521,63,1.1,36.69897042,0.001521146,309.4,65406.4275,0.118730159
SF11969,Karnataka,Raichur,Wheat,Zaid,4.46,83.6,28.5,66.3,7.4,6.43,23.2,157.9,52.9,142.7,Rainfed,108.5,2.98,0.89,2.13,9.5,19066,235009,181127,-53882,1258,7.552,34.9,2.13,-29.74818774,0.007551669,353.5,24737.78947,0.085386819
SF11970,Andhra Pradesh,Guntur,Cotton,Kharif,2.14,1026.5,28.7,69.6,6.3,6.25,31.4,135.1,60.9,102.2,Flood,206,5.89,0.82,1.39,2.97,74005,157304,219795,62491,1920,1.547,53.4,1.39,28.43149298,0.001546875,298.2,52964.30976,0.110299625
SF11971,Telangana,Warangal,Maize,Rabi,11.07,358.8,23.9,48.7,6.3,5.85,16.8,119.1,41.2,79.5,Sprinkler,260.1,3.91,0.94,1.29,14.28,21827,756405,311690,-444715,6337,2.253,45.6,1.29,-142.678623,0.002253432,239.8,52969.53782,0.085745614
SF11972,Andhra Pradesh,Krishna,Pulses,Rabi,12.09,379.2,22.1,68.3,7.2,7.18,25.7,123,60.4,86.7,Flood,158.5,3.03,0.83,0.81,9.79,67108,737092,656987,-80105,6046,1.619,42.7,0.81,-12.19278311,0.001619252,270.1,75290.29622,0.070960187
SF11973,Maharashtra,Nashik,Rice,Rabi,10.69,618.2,26.9,56.8,5.9,7.85,22.9,67.5,65.8,102.4,Rainfed,135.7,4.84,0.99,0.72,7.7,21867,703391,168376,-535015,9465,0.814,51.8,0.72,-317.7501544,0.000813524,235.7,91349.48052,0.093436293
SF11974,Telangana,Warangal,Wheat,Kharif,3.22,830.2,28.4,77.7,6.5,7.39,31.9,163.4,59.2,54.6,Drip,269.2,7.04,0.65,2.08,6.7,22078,247188,147923,-99265,1523,4.399,57.1,2.08,-67.10585913,0.004399212,277.2,36893.73134,0.123292469
SF11975,Gujarat,Rajkot,Rice,Rabi,1.87,845,22.6,61.5,6.8,6.92,20.3,115.8,56,91.7,Rainfed,146.5,4.29,0.95,2.49,4.66,22269,102412,103774,1362,1872,2.489,58.7,2.49,1.312467477,0.002489316,263.5,21976.82403,0.073083475
SF11976,Telangana,Nalgonda,Cotton,Rabi,8.23,669.4,23.2,53,7.8,7.15,16.9,138.8,69.4,97.8,Flood,63.6,5.14,0.91,1.28,10.53,56033,624364,590027,-34337,9059,1.162,61.1,1.28,-5.819564189,0.00116238,306,59293.82716,0.084124386
SF11977,Andhra Pradesh,Guntur,Rice,Zaid,7.34,445.4,28.2,52.9,7.5,7.46,18,126.7,49.1,112.8,Flood,214.5,4.92,0.79,1.81,13.29,21601,482878,287077,-195801,16215,0.82,46.4,1.81,-68.20504603,0.000819611,288.6,36333.93529,0.106034483
SF11978,Gujarat,Rajkot,Wheat,Kharif,7.07,607.4,25.8,63.8,6,7.23,33.3,106.3,53.4,51.6,Sprinkler,180.6,1.39,0.66,2.55,18.03,21519,457259,387988,-69271,3508,5.14,59.7,2.55,-17.8539027,0.005139681,211.3,25361.00943,0.023283082
SF11979,Andhra Pradesh,Guntur,Rice,Zaid,0.71,308.6,35.9,49.8,5.7,7.05,13.2,136.5,74.7,125.6,Flood,203.1,2.22,0.97,1.95,1.38,19372,52027,26733,-25294,1445,0.955,43.5,1.95,-94.61713986,0.000955017,336.8,37700.72464,0.051034483
SF11980,Andhra Pradesh,Guntur,Maize,Kharif,7.12,808.8,28.6,74.1,6.5,6.07,28.8,151.4,41.2,131.8,Drip,239.3,1.8,0.89,3.13,22.29,20424,535160,455251,-79909,3166,7.04,69.5,3.13,-17.55273465,0.00704043,324.4,24008.97263,0.025899281
SF11981,Karnataka,Raichur,Pulses,Kharif,9.59,652.5,27.8,72.9,8.3,6.63,35.3,173.1,31,103.6,Rainfed,216.2,5.82,0.92,1.54,14.77,68285,530134,1008569,478435,1783,8.284,55,1.54,47.43701224,0.008283791,307.7,35892.62018,0.105818182
SF11982,Andhra Pradesh,Krishna,Pulses,Kharif,7.67,951.6,29,76.1,6.1,6.64,32.6,134.7,74.3,84.3,Flood,231.5,6.18,0.86,1.37,10.51,72935,525178,766547,241369,3241,3.243,52.1,1.37,31.48782788,0.003242826,293.3,49969.36251,0.118618042
SF11983,Telangana,Nalgonda,Wheat,Zaid,13.6,84,33.8,60.1,7.7,7.44,16.9,120.5,56.4,89,Flood,220.1,4.96,0.95,0.97,13.19,24808,906143,327218,-578925,7970,1.655,30,0.97,-176.9233355,0.001654956,265.9,68699.24185,0.165333333
SF11984,Madhya Pradesh,Indore,Cotton,Kharif,12.46,886.4,29.4,74.5,8.2,6.14,28,79,46.4,113.5,Flood,84.9,0.5,1,1.39,17.32,82664,633739,1431740,798001,12522,1.383,52.6,1.39,55.73644656,0.001383166,238.9,36590.01155,0.009505703
SF11985,Telangana,Nalgonda,Groundnut,Rabi,11,310.3,24,60.5,7.9,7.4,28.7,133.7,65.9,95.3,Drip,161.6,4.17,0.77,1.01,11.11,59081,812396,656390,-156006,5396,2.059,46.3,1.01,-23.76727251,0.002058933,294.9,73122.9523,0.090064795
SF11986,Madhya Pradesh,Indore,Maize,Kharif,9.24,690.5,30.3,81.2,7.3,7.79,34.7,117.5,34.8,114.6,Flood,200,2.98,0.68,1.14,10.53,23289,695967,245233,-450734,6434,1.637,64.2,1.14,-183.7982653,0.001636618,266.9,66093.73219,0.046417445
SF11987,Andhra Pradesh,Guntur,Sugarcane,Rabi,7.27,315.3,24.5,56,6.9,5.74,20.9,109.7,58.8,39.9,Sprinkler,202.5,6.59,0.73,17.67,128.46,3823,463536,491103,27567,12599,10.196,30.2,17.67,5.613282753,0.010196047,208.4,3608.407286,0.218211921
SF11988,Telangana,Warangal,Cotton,Kharif,13.09,457.4,27.4,81.9,7,6.83,30.6,110,41.1,157.4,Rainfed,315.3,6.47,0.68,1.93,25.26,67195,964413,1697346,732933,4172,6.055,53,1.93,43.18111923,0.00605465,308.5,38179.45368,0.122075472
SF11989,Andhra Pradesh,Guntur,Rice,Kharif,9.27,940.8,25.3,75,7.1,6.76,23.4,99,78.3,104.2,Rainfed,92.3,5.35,0.68,3.17,29.39,21905,507333,643788,136455,7498,3.92,67.7,3.17,21.19564204,0.003919712,281.5,17262.09595,0.079025111
SF11990,Gujarat,Rajkot,Wheat,Rabi,15,380.8,21.8,58.7,7.9,6.6,20.4,77.6,60.3,98.2,Sprinkler,260,6.31,0.92,2.78,41.7,24672,1349990,1028822,-321168,7887,5.287,37.6,2.78,-31.21706184,0.005287181,236.1,32373.86091,0.167819149
SF11991,Telangana,Nalgonda,Groundnut,Kharif,8.69,950.2,30.1,67.2,6,6.82,36.2,143.4,82.6,88.6,Rainfed,130.1,4.82,0.9,1.52,13.21,57081,492835,754040,261205,2384,5.541,55.5,1.52,34.64073524,0.005541107,314.6,37307.72142,0.086846847
SF11992,Maharashtra,Nashik,Cotton,Kharif,3.93,600.8,27.2,72.6,7.6,7.73,34.9,84.7,42.3,99,Drip,203.5,7.44,0.83,0.54,2.12,61727,272931,130861,-142070,2765,0.767,36.7,0.54,-108.5655772,0.000766727,226,128741.0377,0.202724796
SF11993,Tamil Nadu,Erode,Maize,Kharif,0.81,610.4,27.9,72.1,6.5,7.42,22.1,64.4,56.3,109.6,Rainfed,170.5,5,0.77,1.98,1.6,21478,54498,34365,-20133,247,6.478,56.4,1.98,-58.58577041,0.006477733,230.3,34061.25,0.088652482
SF11994,Andhra Pradesh,Krishna,Maize,Kharif,2.25,1093.5,27.3,57,4,7.61,32.4,220,39.1,122.5,Rainfed,104,5.35,0.9,1.45,3.26,16596,107828,54103,-53725,693,4.704,41.9,1.45,-99.30133264,0.004704185,381.6,33076.07362,0.127684964
SF11995,Telangana,Nalgonda,Maize,Rabi,6.76,742,22.9,71.5,9.5,7.04,26.8,129.1,27,113.9,Drip,128.9,7.29,0.97,3.45,23.32,17410,452782,406001,-46781,3991,5.843,61.3,3.45,-11.52238541,0.005843147,270,19416.03774,0.118923328
SF11996,Punjab,Ludhiana,Maize,Rabi,8.4,264.5,21.9,57.1,7.3,7.05,21.6,148.6,35.8,157.2,Sprinkler,170.6,2.82,0.74,3.18,26.71,20826,555202,556262,1060,3655,7.308,39.4,3.18,0.190557687,0.007307798,341.6,20786.29727,0.071573604
SF11997,Andhra Pradesh,Krishna,Pulses,Kharif,0.56,976.5,29.3,70.1,6,6.45,33.8,97.6,49.2,101.9,Sprinkler,48.9,3.22,0.72,1.62,0.91,66135,40717,60183,19466,225,4.044,68.5,1.62,32.34468205,0.004044444,248.7,44743.95604,0.047007299
SF11998,Andhra Pradesh,Krishna,Maize,Kharif,11.05,1269.8,30.5,85.4,6.6,7.57,34.5,138.3,72.2,96.3,Drip,89.1,4.51,0.96,1.47,16.24,20752,624894,337012,-287882,5235,3.102,67.2,1.47,-85.42188409,0.003102197,306.8,38478.69458,0.067113095
SF11999,Telangana,Warangal,Maize,Kharif,13.15,711.8,26.2,60.6,7.5,5.55,25.2,75.2,32.8,115.9,Flood,133.6,6.64,0.85,0.7,9.2,22076,913967,203099,-710868,8834,1.041,46.2,0.7,-350.010586,0.001041431,223.9,99344.23913,0.143722944
SF12000,Maharashtra,Nashik,Pulses,Rabi,10.06,329.5,18.9,59.3,9.5,6.73,26,136.5,74,122.7,Flood,166.1,6.23,0.66,1.08,10.86,75617,666113,821201,155088,4604,2.359,33.9,1.08,18.88551037,0.002358818,333.2,61336.37201,0.183775811
SF12001,Tamil Nadu,Erode,Cotton,Zaid,10.98,80,31.5,76.5,9,8.4,13.2,121,52.4,96.5,Drip,208.1,4.97,0.65,0.3,3.29,61680,779454,202927,-576527,7133,0.461,42.9,0.3,-284.1056143,0.000461237,269.9,236916.1094,0.115850816
SF12002,Karnataka,Raichur,Rice,Kharif,4.05,500.1,28.3,66.3,6.6,6.77,26.8,131.8,48.6,124.6,Drip,249.3,3.95,0.98,4.43,17.94,21792,256401,390948,134547,5547,3.234,43.9,4.43,34.41557445,0.003234181,305,14292.14047,0.089977221
SF12003,Karnataka,Raichur,Cotton,Zaid,6.49,489.4,29.7,39.6,7.6,6.93,18.6,107.2,92.6,137.8,Flood,195.1,5.51,0.82,1.57,10.19,66160,439273,674170,234897,5864,1.738,33.7,1.57,34.8423988,0.001737722,337.6,43108.24338,0.163501484
SF12004,Tamil Nadu,Erode,Wheat,Kharif,2.96,828.8,29.9,70,6,6.49,33.7,125.6,51.2,134.3,Flood,132.9,3.58,0.74,3.58,10.6,21624,178645,229214,50569,2261,4.688,69.1,3.58,22.06191594,0.004688191,311.1,16853.30189,0.051808973
SF12005,Tamil Nadu,Erode,Rice,Rabi,6.1,432.8,20.6,47,7.5,6.5,22.6,218.6,91.9,105.6,Drip,247.3,4.48,0.93,4.06,24.77,25498,473864,631585,157721,8205,3.019,42.7,4.06,24.97225235,0.003018891,416.1,19130.56116,0.104918033
SF12006,Andhra Pradesh,Guntur,Pulses,Zaid,3.21,80,31.6,62.7,8.7,6.57,24.5,84.4,75.8,111.1,Rainfed,196.5,3.92,0.78,0.74,2.38,68338,178737,162644,-16093,694,3.429,36.5,0.74,-9.894616463,0.003429395,271.3,75099.57983,0.10739726
SF12007,Madhya Pradesh,Indore,Wheat,Kharif,9.3,892.3,28.3,84.6,7.6,6.98,31.8,144.2,61.2,142.1,Drip,203.2,3.73,0.8,3.74,34.78,25168,661302,875343,214041,5054,6.882,64,3.74,24.45224329,0.006881678,347.5,19013.85854,0.05828125
SF12008,Telangana,Nalgonda,Wheat,Zaid,5.36,629.9,28.4,40.1,7.5,7.3,26.4,122.3,69.8,78.2,Sprinkler,108.3,9.26,0.91,2.27,12.17,24675,360205,300295,-59910,2913,4.178,26.8,2.27,-19.95038212,0.004177824,270.3,29597.78143,0.345522388
SF12009,Andhra Pradesh,Guntur,Chilli,Zaid,10.72,432.1,28.8,50.7,9.3,6.63,16.5,136.5,93.3,123,Sprinkler,190.3,5.25,0.66,2.46,26.37,107275,660415,2828842,2168427,6477,4.071,38.4,2.46,76.65422813,0.004071329,352.8,25044.17899,0.13671875
SF12010,Gujarat,Rajkot,Sugarcane,Kharif,14.36,710.4,29.6,72.9,7.1,7.22,37.1,132.8,77.4,92.2,Drip,143.4,6.64,0.9,62.29,894.48,4075,1049748,3645006,2595258,21595,41.421,46.7,62.29,71.20037662,0.041420699,302.4,1173.584653,0.142184154
SF12011,Punjab,Ludhiana,Wheat,Kharif,12.39,516.1,27.9,75.2,5.3,7.19,29.4,137.4,54.6,128.5,Flood,170.1,0.51,0.83,2.76,34.2,27852,705675,952538,246863,8197,4.172,61.1,2.76,25.9163414,0.004172258,320.5,20633.77193,0.008346972
SF12012,Karnataka,Raichur,Pulses,Kharif,10.49,905.6,29,74.2,5.8,5.74,33,59.2,82.4,126.3,Sprinkler,251.8,5.4,0.67,0.41,4.3,66449,766230,285731,-480499,4320,0.995,57.4,0.41,-168.1648124,0.00099537,267.9,178193.0233,0.094076655
SF12013,Maharashtra,Nashik,Chilli,Rabi,4.43,579,22.7,49.5,8,6.43,23.8,155.1,60.7,104.4,Rainfed,179.9,2.73,0.82,1.92,8.51,105618,229266,898809,669543,1426,5.968,56.7,1.92,74.49224474,0.005967742,320.2,26940.77556,0.048148148
SF12014,Punjab,Ludhiana,Wheat,Rabi,7.78,777.2,21.6,51.4,6.9,7.07,26.1,106.4,55.4,98.6,Rainfed,87.3,4.53,0.74,2.23,17.35,26246,413326,455368,42042,2343,7.405,51,2.23,9.232532809,0.007405036,260.4,23822.82421,0.088823529
SF12015,Maharashtra,Nashik,Rice,Kharif,9.09,1103.9,27.9,72.1,6.7,6.67,36.7,95,48.5,116.8,Sprinkler,80.4,4.05,0.99,3.58,32.54,24569,560711,799475,238764,13841,2.351,46.5,3.58,29.86509897,0.002350986,260.3,17231.43823,0.087096774
SF12016,Tamil Nadu,Erode,Maize,Kharif,2.16,600.8484925,29.7,81.1,6.7,6.71,22.6,158.7,87.4,71,Rainfed,197,0.5,0.79,4.95,10.69,18309,130775,195723,64948,700,15.271,75.8,4.95,33.18363197,0.015271429,317.1,12233.3957,0.006596306
SF12017,Tamil Nadu,Erode,Maize,Rabi,4.98,443.6,22.2,46.9,7,6.69,31.6,102.2,57.6,105.5,Drip,266.4,4.84,0.74,3.47,17.28,21121,354131,364971,10840,2325,7.432,33.1,3.47,2.970098994,0.007432258,265.3,20493.69213,0.146223565
SF12018,Gujarat,Rajkot,Chilli,Rabi,14.91,80,23.8,37.8,9.6,5.58,27.3,120.9,85.6,119.5,Rainfed,214.9,6.18,0.69,0.36,5.37,109950,974099,590432,-383667,4847,1.108,30.4,0.36,-64.98072598,0.001107902,326,181396.4618,0.203289474
SF12019,Telangana,Nalgonda,Pulses,Kharif,6.14,634.7,30.4,90,8.1,6.95,40.3,132.5,70.6,104,Flood,191,5.62,0.68,1.61,9.89,73233,431730,724274,292544,3460,2.858,54.3,1.61,40.39134361,0.002858382,307.1,43653.18504,0.103499079
SF12020,Gujarat,Rajkot,Sugarcane,Kharif,7.23,679.6,26.3,65.9,6.9,6.86,33,147.6,55.1,86.9,Sprinkler,91.3,3.55,0.94,80.36,581,3466,445799,2013746,1567947,13375,43.439,41.3,80.36,77.86220308,0.043439252,289.6,767.2960413,0.085956416
SF12021,Punjab,Ludhiana,Maize,Kharif,8.86,1177.8,26.8,75.6,6.4,6.17,35.4,165.4,42.9,135.2,Flood,248.6,6.35,0.93,2.57,22.77,21006,705821,478307,-227514,6569,3.466,53.7,2.57,-47.56652108,0.003466281,343.5,30997.84805,0.118249534
SF12022,Punjab,Ludhiana,Maize,Kharif,12.66,835.7,24.4,88.2,8.2,6.34,34.2,100.2,61.1,66.4,Flood,221.7,3.86,0.68,3.29,41.65,21189,877963,882522,4559,9671,4.307,48.1,3.29,0.516587688,0.00430669,227.7,21079.54382,0.08024948
SF12023,Punjab,Ludhiana,Chilli,Kharif,5.94,1104.4,21.8,66.9,7.2,7.79,24.6,140,67.9,177.5,Flood,137.2,5.7,0.99,0.53,3.15,104376,375946,328784,-47162,4242,0.743,55.7,0.53,-14.34437199,0.000742574,385.4,119347.9365,0.102333932
SF12024,Telangana,Nalgonda,Maize,Zaid,13.7,191.4,34.2,46.6,7.3,7.59,20.1,102.3,50.3,90.6,Sprinkler,126.9,5.26,0.94,0.93,12.74,22636,1043626,288383,-755243,8162,1.561,38.4,0.93,-261.8888769,0.001560892,243.2,81917.26845,0.136979167
SF12025,Karnataka,Raichur,Groundnut,Kharif,11.31,828.5,27.8,64.3,7.3,6.61,43.8,81.4,50.3,68.1,Drip,237.2,7.08,0.82,2.16,24.43,53332,963809,1302901,339092,4377,5.581,47.4,2.16,26.02592215,0.005581448,199.8,39451.86246,0.149367089
SF12026,Punjab,Ludhiana,Sugarcane,Zaid,1.09,80,31,58.1,9.9,6.66,14.8,74.2,48.4,107.2,Drip,197.7,7.99,0.71,52.86,57.62,3698,77608,213079,135471,1724,33.422,35.4,52.86,63.57782794,0.033422274,229.8,1346.89344,0.225706215
SF12027,Karnataka,Raichur,Cotton,Kharif,4.21,1048.9,32.5,74.8,6.8,7.03,35.8,80.8,77.7,94.8,Flood,253.5,4.07,0.69,1.46,6.15,66508,352210,409024,56814,3929,1.565,60.2,1.46,13.89013848,0.001565284,253.3,57269.9187,0.067607973
SF12028,Maharashtra,Nashik,Rice,Zaid,13.49,289.9,30.5,56.8,8.5,7.28,19.1,117.6,31.1,83.9,Rainfed,237.4,3.49,0.72,1.51,20.37,21811,950207,444290,-505917,10867,1.874,41.2,1.51,-113.8708951,0.001874482,232.6,46647.37359,0.084708738
SF12029,Tamil Nadu,Erode,Maize,Kharif,11.07,1048.5,32.1,85,5.4,6.44,31.3,118.5,51.7,84.2,Flood,141.3,7.71,0.92,3.03,33.54,21828,787032,732111,-54921,8272,4.055,50.3,3.03,-7.501731295,0.004054642,254.4,23465.47406,0.153280318
SF12030,Madhya Pradesh,Indore,Groundnut,Kharif,13.55,367.9,28.7,76.6,6.5,7.93,32,120.7,55.6,100.7,Flood,190.9,2.4,0.99,0.3,4.07,59293,927045,241323,-685722,7175,0.567,59.6,0.3,-284.151117,0.000567247,277,227775.1843,0.040268456
SF12031,Karnataka,Raichur,Rice,Zaid,6.17,355.8,32.7,52.9,8.7,6.09,17.6,133.6,74.4,98,Flood,229.7,6.02,0.68,1.72,10.61,21958,446442,232974,-213468,9373,1.132,27.4,1.72,-91.6273919,0.001131975,306,42077.47408,0.219708029
SF12032,Karnataka,Raichur,Wheat,Kharif,5.38,996.5,27.5,60,7.5,7.52,34.8,93.9,56.6,45.7,Flood,106.8,4.52,0.87,1.25,6.72,25818,325064,173497,-151567,3885,1.73,65.1,1.25,-87.36001199,0.00172973,196.2,48372.61905,0.069431644
SF12033,Andhra Pradesh,Guntur,Chilli,Rabi,9.2,654.1,24.1,58.8,7.3,7.76,31,170.6,55.9,113.2,Flood,278.3,5.39,0.84,0.73,6.72,89285,755256,599995,-155261,7762,0.866,46,0.73,-25.87704898,0.000865756,339.7,112389.2857,0.117173913
SF12034,Karnataka,Raichur,Rice,Kharif,2.09,1021.9,29.6,63.9,8,6.65,20.9,169.4,67.9,55.3,Sprinkler,175.3,5.76,0.79,3.229665072,6.75,22344,135997,150822,14825,2861,2.359,43.2,3.229665072,9.82946785,0.002359315,292.6,20147.7037,0.133333333
SF12035,Gujarat,Rajkot,Cotton,Rabi,5.4,535.2,20.1,61.6,8.8,7.59,23.3,113,64.2,72.8,Flood,210.5,9.15,0.74,0.46,2.48,72593,398765,180031,-218734,5419,0.458,25.1,0.46,-121.4979642,0.000457649,250,160792.3387,0.364541833
SF12036,Andhra Pradesh,Guntur,Cotton,Zaid,7.59,212.2,35.2,52.5,7.5,5.95,24,90.4,64.3,85.2,Flood,228.6,5.76,0.98,0.51,3.87,82673,507173,319945,-187228,6364,0.608,32.6,0.51,-58.51880792,0.000608108,239.9,131052.4548,0.176687117
SF12037,Andhra Pradesh,Krishna,Groundnut,Kharif,2.83,834.5,26.2,70.4,5.4,7.64,36.3,135.6,36.9,85.5,Drip,196.5,7.82,0.75,0.82,2.32,48313,216006,112086,-103920,1184,1.959,40.4,0.82,-92.71452278,0.001959459,258,93106.03448,0.193564356
SF12038,Gujarat,Rajkot,Cotton,Zaid,5.2,202.6,28.2,62.7,7.3,6.21,17.1,107.2,46.8,86,Drip,79.1,3.35,0.75,1.04,5.41,73358,275762,396867,121105,4186,1.292,42.3,1.04,30.51526078,0.001292403,240,50972.64325,0.079196217
SF12039,Punjab,Ludhiana,Sugarcane,Zaid,14.86,273.3,30.8,54.6,8.1,6.21,22.5,82.6,92.4,72.7,Rainfed,181.8,3.46,0.73,27.86,414,3878,993659,1605492,611833,16220,25.524,52.1,27.86,38.1087542,0.025524044,247.7,2400.142512,0.066410749
SF12040,Telangana,Nalgonda,Pulses,Kharif,13.07,991.9,26.2,85.4,7.4,6.87,30.7,126.9,59.5,120.8,Flood,127.2,5.36,0.82,1.26,16.47,69716,784347,1148223,363876,6806,2.42,68.6,1.26,31.6903598,0.002419924,307.2,47622.76867,0.078134111
SF12041,Gujarat,Rajkot,Cotton,Zaid,13.2,421.4,33.2,37.5,6.7,5.49,21.8,147.2,63.8,37.8,Flood,223.5,8.8,0.94,0.3,3.96,65497,1053307,259368,-793939,11958,0.331,20,0.3,-306.105225,0.000331159,248.8,265986.6162,0.44
SF12042,Tamil Nadu,Erode,Sugarcane,Zaid,7.73,564.3,28.6,55.2,6.9,6.44,24.9,114.1,90.1,136.9,Flood,266.5,5.59,1,56.65,437.9,3469,656724,1519075,862351,14563,30.069,39,56.65,56.76816484,0.030069354,341.1,1499.712263,0.143333333
SF12043,Maharashtra,Nashik,Groundnut,Rabi,13.88,454.5,26,49.2,7.8,7.37,27.6,164.4,26.8,62.7,Drip,108.4,6.72,0.84,1.31,18.18,53437,737960,971485,233525,5745,3.164,32.5,1.31,24.03794191,0.003164491,253.9,40591.85919,0.206769231
SF12044,Tamil Nadu,Erode,Wheat,Zaid,14.19,233.6,32.1,45.5,8.9,6.88,14.6,129.7,43.4,152.6,Flood,255.6,2.96,0.68,2.06,29.23,22260,1019447,650660,-368787,9548,3.061,50.3,2.06,-56.67891064,0.003061374,325.7,34876.73623,0.058846918
SF12045,Andhra Pradesh,Guntur,Sugarcane,Kharif,3.56,853.4,24.9,82.6,5.6,5.98,34,150.9,15.7,85.4,Flood,230,6.31,0.76,35.56,126.59,3901,222328,493828,271500,7833,16.161,48.9,35.56,54.97865654,0.016161113,252,1756.284067,0.129038855
SF12046,Andhra Pradesh,Krishna,Maize,Rabi,9.07,589.4,22.2,55.8,7.2,6.47,25.5,132.8,58.4,57.9,Rainfed,235.6,6.85,0.69,3.01,27.3,19622,623505,535681,-87824,3043,8.971,36.9,3.01,-16.394832,0.00897141,249.1,22839.01099,0.185636856
SF12047,Karnataka,Raichur,Cotton,Rabi,8.48,349,23.3,61.2,6.5,5.88,24.9,106.1,42.5,108.6,Drip,201.9,2.89,0.98,0.73,6.19,66897,589560,414092,-175468,5778,1.071,43.6,0.73,-42.3741584,0.001071305,257.2,95243.94184,0.066284404
SF12048,Punjab,Ludhiana,Maize,Kharif,5.15,997.6,27,74,7.1,7.15,27.1,129.2,48,141.6,Flood,165.5,7.39,0.93,3,15.45,25486,313935,393759,79824,4208,3.672,53.3,3,20.27229854,0.003671578,318.8,20319.41748,0.138649156
SF12049,Karnataka,Raichur,Rice,Kharif,11.53,791.6,26.2,71.7,7.8,6.2,35.3,144.3,79.9,61.4,Flood,151.4,3.1,0.84,2.53,29.17,22019,843463,642294,-201169,27536,1.059,55.4,2.53,-31.32039222,0.00105934,285.6,28915.42681,0.055956679
SF12050,Telangana,Warangal,Chilli,Kharif,10.29,1112.7,27.9,64.8,6.8,6.44,25.8,105.7,58.3,79.1,Flood,80.4,8.12,0.69,1.7,17.49,95369,546731,1668004,1121273,7459,2.345,54.9,1.7,67.22244071,0.002344818,243.1,31259.63408,0.147905282
SF12051,Gujarat,Rajkot,Pulses,Rabi,3.28,335.7,26,46.9,7.3,6.28,33.1,178.4,93.8,143.8,Drip,112.7,2.44,0.89,1.33,4.36,68858,177626,300221,122595,1173,3.717,38.4,1.33,40.83491828,0.003716965,416,40739.90826,0.063541667
SF12052,Telangana,Warangal,Wheat,Kharif,13.72,678.8,31.8,79.2,5.4,7.32,24,114.7,45.8,30,Rainfed,208.7,5.61,0.65,1.86,25.52,20914,1108873,533725,-575148,4346,5.872,50.4,1.86,-107.7611129,0.005872066,190.5,43451.13636,0.111309524
SF12053,Punjab,Ludhiana,Pulses,Rabi,14.97,443.9,21.9,55.4,8.6,7.69,22,133.8,65.9,68.9,Sprinkler,119.4,3.67,0.94,0.34,5.09,76015,842003,386916,-455087,5482,0.928,43.9,0.34,-117.6190698,0.000928493,268.6,165422.9862,0.083599089
SF12054,Telangana,Nalgonda,Maize,Zaid,8.78,363.1,26.3,57.2,8.7,7.9,12.5,135.2,27.5,86.4,Sprinkler,163.5,9.55,0.77,0.5,4.39,20256,530061,88924,-441137,5160,0.851,23.6,0.5,-496.0831721,0.000850775,249.1,120742.8246,0.404661017
SF12055,Andhra Pradesh,Guntur,Pulses,Rabi,14.46,290,19.7,60.7,9.3,6.13,26.3,157.1,42.6,135.5,Flood,169.1,6.29,0.91,0.68,9.83,65395,1028780,642833,-385947,8267,1.189,20.6,0.68,-60.03845478,0.001189065,335.2,104657.1719,0.305339806
SF12056,Gujarat,Rajkot,Wheat,Kharif,11,1069.9,30.3,52.9,8.7,6.85,34.6,59,89.5,82.5,Drip,149,2.01,0.7,2.77,30.47,24522,635985,747185,111200,5868,5.193,70.9,2.77,14.88252575,0.00519257,231,20872.49754,0.028349788
SF12057,Karnataka,Raichur,Pulses,Kharif,2.05,1106.9,28.5,75.1,6.4,7.23,33.5,94.7,95.8,105.5,Drip,40,3.02,0.77,1.07,2.19,70808,77513,155070,77557,730,3,64.3,1.07,50.01418714,0.003,296,35394.06393,0.046967341
SF12058,Maharashtra,Nashik,Chilli,Kharif,7.85,969.7,29,57.3,6.5,7.22,29.2,110.4,33.4,96,Drip,172.8,3.49,0.98,2.03,15.94,114966,526487,1832558,1306071,4625,3.446,44.6,2.03,71.27037725,0.003446486,239.8,33029.29737,0.078251121
SF12059,Madhya Pradesh,Indore,Pulses,Rabi,4.76,390.6,21.4,62.5,8.9,5.87,23.5,98.4,61.4,115.8,Flood,156.9,4.14,0.74,0.53,2.52,76166,353747,191938,-161809,1869,1.348,32.4,0.53,-84.30274359,0.001348315,275.6,140375.7937,0.127777778
SF12060,Telangana,Warangal,Chilli,Kharif,9.69,647.1,30.8,64,7.4,7.8,41.1,127.6,48.3,99.2,Drip,145.7,3.18,0.72,0.67,6.49,111953,670643,726575,55932,6597,0.984,54.5,0.67,7.698035303,0.000983781,275.1,103334.8228,0.058348624
SF12061,Tamil Nadu,Erode,Wheat,Kharif,8.57,1147.3,31.9,72.5,5.2,7.94,29.1,142,29.3,135.4,Sprinkler,58.3,1.28,0.91,0.33,2.83,24959,469713,70634,-399079,3713,0.762,73.9,0.33,-564.9956112,0.000762187,306.7,165976.3251,0.017320704
SF12062,Madhya Pradesh,Indore,Cotton,Zaid,7.09,103.4,35.5,52.1,7.5,7.56,31.3,115.6,62.4,131.5,Sprinkler,73.3,8.55,0.88,0.42,2.98,67103,371487,199967,-171520,5974,0.499,19.7,0.42,-85.77415274,0.000498828,309.5,124660.0671,0.434010152
SF12063,Telangana,Warangal,Pulses,Rabi,13.19,346.5,26,58.3,6.1,6.93,25.6,110.3,27.5,93.3,Flood,180.5,4.16,0.74,0.86,11.34,73221,980049,830326,-149723,5522,2.054,45.1,0.86,-18.03183328,0.002053604,231.1,86424.07407,0.092239468
SF12064,Tamil Nadu,Erode,Wheat,Zaid,7.75,411.2,29.3,55.5,8.7,5.68,14.3,141.4,53.1,114.3,Drip,277.2,4.86,0.96,0.72,5.58,23127,689926,129049,-560877,3225,1.73,44.5,0.72,-434.6232826,0.001730233,308.8,123642.6523,0.109213483
SF12065,Karnataka,Raichur,Rice,Kharif,4.06,742.8,26,60.9,6.3,7.8,34.1,117.9,117.7,124.7,Flood,178.5,8.34,0.88,1.07,4.34,19849,325744,86145,-239599,7576,0.573,48.6,1.07,-278.1345406,0.000572862,360.3,75056.2212,0.171604938
SF12066,Punjab,Ludhiana,Wheat,Rabi,12.1,657.3,24.8,59.8,7.7,7.08,21.7,125.3,94.5,79.7,Flood,111.2,2.77,0.92,2.91,35.21,28497,837946,1003379,165433,9775,3.602,34.8,2.91,16.48758844,0.003602046,299.5,23798.52315,0.079597701
SF12067,Madhya Pradesh,Indore,Groundnut,Kharif,3.66,1066.4,28.8,77.5,7.3,7.56,40.3,131.2,41.6,65.4,Rainfed,176.1,4.38,0.69,0.61,2.23,58231,293609,129855,-163754,918,2.429,69.3,0.61,-126.1052713,0.002429194,238.2,131663.2287,0.063203463
SF12068,Gujarat,Rajkot,Maize,Rabi,5.94,80,20.7,59.1,8.7,7.82,29.9,109.6,111.1,100,Flood,229.8,5.69,0.87,0.64,3.8,19100,421691,72580,-349111,4636,0.82,37.1,0.64,-481.0016533,0.000819672,320.7,110971.3158,0.153369272
SF12069,Telangana,Warangal,Maize,Kharif,12.26,1049.7,23.7,78.3,7.5,6.99,30,75.3,86.6,129.9,Flood,183.5,2.75,0.79,3.82,46.83,22265,731340,1042670,311330,8457,5.537,64.9,3.82,29.85891989,0.005537425,291.8,15616.91224,0.042372881
SF12070,Madhya Pradesh,Indore,Rice,Rabi,2.86,348.6,19.6,53.5,6.2,6.7,18.1,99.3,31.4,105.6,Rainfed,297.9,5.9,0.78,2.2,6.29,24078,199787,151451,-48336,2540,2.476,33.8,2.2,-31.91527293,0.002476378,236.3,31762.63911,0.174556213
SF12071,Telangana,Nalgonda,Chilli,Kharif,12.62,1073.4,27.9,73.1,8.4,7,30.6,118.4,48.5,133.8,Drip,329.3,8.26,0.71,2.88,36.35,102484,991860,3725293,2733433,7407,4.908,36,2.88,73.37498017,0.00490752,300.7,27286.38239,0.229444444
SF12072,Karnataka,Raichur,Wheat,Rabi,7.87,202.2,24.9,46.5,8.4,6.76,24.2,187.4,72.1,83.9,Flood,254.8,6.72,0.78,2.96,23.3,21722,558336,506123,-52213,5549,4.199,42.1,2.96,-10.31626699,0.004198955,343.4,23962.91845,0.159619952
SF12073,Gujarat,Rajkot,Groundnut,Zaid,1.88,96.9,33.8,57.9,7.8,6.37,17.1,102.6,53.6,105.7,Flood,239.7,1.86,0.87,1.04,1.96,61362,94239,120270,26031,1246,1.573,45.9,1.04,21.64380145,0.001573034,261.9,48081.12245,0.040522876
SF12074,Tamil Nadu,Erode,Cotton,Rabi,10.87,603.5,24.9,52,8.9,6.04,19.9,156.6,33.6,97.8,Flood,292.4,6.49,0.74,1.16,12.61,60066,872177,757432,-114745,10534,1.197,41.2,1.16,-15.14921471,0.001197076,288,69165.50357,0.157524272
SF12075,Andhra Pradesh,Krishna,Chilli,Kharif,11.03,861.1,33.1,64.2,7.2,6.46,31.8,92.2,53.7,114.1,Sprinkler,165.9,2.65,0.75,2.17,23.94,102606,697716,2456388,1758672,7226,3.313,65.9,2.17,71.59585538,0.003313036,260,29144.3609,0.040212443
SF12076,Tamil Nadu,Erode,Rice,Zaid,9.6,263.6,30.3,50.3,7.2,6.89,24.8,115.2,63.1,133.7,Sprinkler,246.7,4.08,0.9,3.11,29.86,19831,572678,592154,19476,15028,1.987,35,3.11,3.289009278,0.001986958,312,19178.76758,0.116571429
SF12077,Punjab,Ludhiana,Wheat,Rabi,14.63,110.2,23.8,57.9,8,6.39,15.9,103.6,61.2,42.6,Sprinkler,97.1,2.04,0.99,2.09,30.58,28128,950329,860154,-90175,6682,4.576,34.1,2.09,-10.48358782,0.004576474,207.4,31076.81491,0.059824047
SF12078,Madhya Pradesh,Indore,Wheat,Rabi,14.92,197.7,24.1,54.2,8,7.74,37.2,111,81.3,97.1,Flood,247.6,1.83,0.79,0.63,9.4,23147,866531,217582,-648949,10040,0.936,42.1,0.63,-298.2549108,0.000936255,289.4,92184.14894,0.043467933
SF12079,Madhya Pradesh,Indore,Pulses,Zaid,6.19,288.4,33,62.9,8.6,7.4,21.9,64.9,64.7,90.5,Rainfed,312.2,3.23,0.66,0.47,2.91,72235,475149,210204,-264945,1293,2.251,54.6,0.47,-126.0418451,0.00225058,220.1,163281.4433,0.059157509
SF12080,Telangana,Warangal,Maize,Rabi,5.23,635.1,21.1,72.2,7.4,7.42,22.8,131.8,91,113.1,Flood,192.7,3.71,0.71,2.27,11.87,20339,305218,241424,-63794,3649,3.253,54.8,2.27,-26.42405063,0.003252946,335.9,25713.39511,0.06770073
SF12081,Tamil Nadu,Erode,Sugarcane,Rabi,8.74,279.2,27.5,61,9.1,7.67,19.5,177.7,69.7,127.9,Rainfed,222.9,5.44,0.9,17.2,150.33,3210,529140,482559,-46581,9018,16.67,29.9,17.2,-9.652912908,0.016669993,375.3,3519.856316,0.181939799
SF12082,Telangana,Nalgonda,Sugarcane,Kharif,4.47,449.2,28.4,65.3,5.8,6.33,19.2,50.2,56.2,163,Drip,170.8,6.44,0.78,57.75,258.14,3498,235257,902974,667717,7625,33.854,34.7,57.75,73.94642592,0.033854426,269.4,911.3543039,0.185590778
SF12083,Maharashtra,Nashik,Pulses,Rabi,2,638.1,28.4,49.8,8.3,5.37,31.9,147.8,55.5,102.1,Drip,238.1,6.93,0.69,0.3,0.6,60635,152734,36381,-116353,595,1.008,37.4,0.3,-319.8180369,0.001008403,305.4,254556.6667,0.185294118
SF12084,Telangana,Nalgonda,Sugarcane,Rabi,4.79,232.5,24,56.7,7.9,5.67,27.5,80.4,46.1,98.8,Rainfed,153.7,3.51,0.88,11.36,54.41,3522,272845,191632,-81213,4445,12.241,46.7,11.36,-42.37966519,0.01224072,225.3,5014.611285,0.0751606
SF12085,Madhya Pradesh,Indore,Maize,Kharif,3.79,824.3,30,75,6.3,5.27,25.4,145.5,67.3,103.7,Sprinkler,234.7,6.42,0.7,0.43,1.63,21204,293299,34563,-258736,2176,0.749,52.8,0.43,-748.5924254,0.000749081,316.5,179938.0368,0.121590909
SF12086,Maharashtra,Nashik,Rice,Kharif,9.14,548.9,31.5,58.5,7.6,6.13,25.7,57.8,87.5,104.1,Rainfed,210.7,6.05,0.68,2.16,19.74,22291,636241,440024,-196217,7340,2.689,42.2,2.16,-44.59234042,0.002689373,249.4,32231.0537,0.143364929
SF12087,Gujarat,Rajkot,Sugarcane,Rabi,6.17,436.6,20.6,74.4,7.7,7.06,21.1,96.7,63.3,36.9,Flood,211.9,5.43,0.88,44.29,273.27,3450,535327,942781,407454,11351,24.075,37.2,44.29,43.21830839,0.024074531,196.9,1958.967322,0.145967742
SF12088,Andhra Pradesh,Guntur,Maize,Rabi,7.8,334.9,25.8,56.8,7.5,5.69,29,59.8,27.7,114.6,Rainfed,148.3,4.64,0.75,0.85,6.63,21918,447704,145316,-302388,2691,2.464,36.2,0.85,-208.0899557,0.002463768,202.1,67526.99849,0.128176796
SF12089,Telangana,Nalgonda,Groundnut,Kharif,8.35,719.4,29,63.1,6.3,7.78,31.5,88.2,57.8,84.7,Rainfed,134.8,5.66,0.96,0.5,4.18,62851,531152,262717,-268435,2229,1.875,56.9,0.5,-102.1764865,0.00187528,230.7,127069.8565,0.099472759
SF12090,Andhra Pradesh,Krishna,Maize,Rabi,7.71,178,21.8,74.8,9.8,5.44,25.3,100.5,51.8,64.1,Flood,115.4,2.08,0.77,0.35,2.7,22856,456113,61711,-394402,6295,0.429,44.7,0.35,-639.1113416,0.000428912,216.4,168930.7407,0.046532438
SF12091,Tamil Nadu,Erode,Sugarcane,Kharif,9.25,894.8,26.9,63.3,6.9,6.17,31.4,100.6,59.4,63.9,Drip,220.7,4.71,0.84,61.94,572.94,2969,617575,1701059,1083484,16711,34.285,54.8,61.94,63.69467491,0.034285201,223.9,1077.905191,0.085948905
SF12092,Telangana,Nalgonda,Rice,Kharif,2.33,653.5,24.9,72.2,4.9,6.56,38.6,72.8,60.9,91.5,Drip,140.2,6.94,0.83,4.35,10.14,20434,143834,207201,63367,3250,3.12,49.7,4.35,30.58238136,0.00312,225.2,14184.81262,0.139637827
SF12093,Telangana,Nalgonda,Rice,Kharif,5.92,796.7,27.5,67.1,7.3,7.08,37.9,60.1,55.7,83.7,Drip,259.8,3.84,0.75,3.8,22.5,20152,437282,453420,16138,6176,3.643,59.6,3.8,3.559172511,0.003643135,199.5,19434.75556,0.06442953
SF12094,Tamil Nadu,Erode,Chilli,Zaid,10.17,466.5,31,63.7,7.3,6.97,30.8,174.1,27.4,108.5,Flood,137,3.48,0.85,1.7,17.29,97323,681808,1682715,1000907,6934,2.494,46.4,1.7,59.48167099,0.00249351,310,39433.66108,0.075
SF12095,Punjab,Ludhiana,Maize,Rabi,5.4,224.9,22.1,62.5,9.7,6.16,23.9,177.1,69.1,166.1,Flood,158.2,2.57,0.73,2.74,14.8,17855,373689,264254,-109435,4073,3.634,41.9,2.74,-41.41280737,0.003633685,412.3,25249.25676,0.061336516
SF12096,Punjab,Ludhiana,Maize,Rabi,1.87,328.5,22.5,66.6,8.6,6.5,35.4,100.1,51.9,131.3,Drip,223.8,6.44,0.71,2.96,5.54,20329,135645,112623,-23022,1001,5.534,36.8,2.96,-20.44165046,0.005534466,283.3,24484.65704,0.175
SF12097,Gujarat,Rajkot,Maize,Rabi,14.51,738.8,24.9,61.4,7.9,7.18,30.6,182.3,62.7,118.1,Rainfed,204.7,6.96,0.71,3.96,57.46,23088,1001178,1326636,325458,4162,13.806,52.2,3.96,24.53257713,0.013805863,363.1,17423.91229,0.133333333
SF12098,Andhra Pradesh,Krishna,Cotton,Rabi,14.97,402.3,27.7,62.3,6.1,6.32,30.2,97.1,70.4,68.3,Drip,108.3,4.83,0.84,1.53,22.9,62591,910082,1433334,523252,9711,2.358,47.2,1.53,36.50593651,0.002358151,235.8,39741.57205,0.102330508
SF12099,Tamil Nadu,Erode,Cotton,Kharif,9.9,871.6,29.6,74,6.9,7.59,30.7,130.7,79.2,109,Flood,141,4.33,0.72,0.79,7.82,65404,660881,511459,-149422,10053,0.778,54.8,0.79,-29.21485398,0.000777877,318.9,84511.63683,0.079014599
SF12100,Andhra Pradesh,Krishna,Groundnut,Kharif,2.09,772.5,30.8,56.4,6.8,6.32,32.1,105.4,30.7,133,Sprinkler,199.9,2.92,0.89,1.94,4.05,51991,142200,210564,68364,1068,3.792,60.3,1.94,32.46708839,0.003792135,269.1,35111.11111,0.048424544
SF12101,Andhra Pradesh,Guntur,Sugarcane,Kharif,2.4,1175.2,28.2,66.5,4.1,6.42,35.5,129.4,90.1,93.8,Sprinkler,276,5.46,0.74,68.27,163.85,3281,190625,537592,346967,4106,39.905,50.8,68.27,64.54095299,0.039905017,313.3,1163.411657,0.107480315
SF12102,Punjab,Ludhiana,Maize,Rabi,8.62,545.3,24.8,48.8,7.8,5.7,26.6,103.6,84.6,139.1,Flood,205.5,4.77,0.89,1.6,13.79,22823,585591,314729,-270862,7119,1.937,43.3,1.6,-86.06197713,0.00193707,327.3,42464.9021,0.110161663
SF12103,Karnataka,Raichur,Rice,Rabi,4.82,470.5,20.6,54.8,7,7.35,35.2,128.5,57.9,40.8,Drip,285.5,3.8,0.68,2.04,9.83,20755,326040,204022,-122018,6313,1.557,46.5,2.04,-59.8062954,0.001557104,227.2,33167.85351,0.08172043
SF12104,Gujarat,Rajkot,Maize,Zaid,5.5,205.9,31.7,50.2,6.3,6.43,26.4,123.7,58.7,65.3,Drip,271.9,6.68,0.79,2.82,15.51,20283,397080,314589,-82491,3087,5.024,29.5,2.82,-26.2218323,0.005024295,247.7,25601.54739,0.226440678
SF12105,Andhra Pradesh,Guntur,Cotton,Kharif,8.3,974.6,31.1,54.9,5.6,7.63,37.2,166.3,41.3,112.9,Sprinkler,218.9,5.93,0.72,0.61,5.06,71974,622756,364188,-258568,6268,0.807,58.2,0.61,-70.99849528,0.000807275,320.5,123074.3083,0.101890034
SF12106,Telangana,Warangal,Groundnut,Kharif,11.07,778.8,28.7,69,8.1,6.83,29.5,144,45.3,103.2,Sprinkler,330.7,1.01,0.8,2.57,28.45,56604,975234,1610384,635150,5976,4.761,67.6,2.57,39.44090354,0.00476071,292.5,34278.87522,0.014940828
SF12107,Punjab,Ludhiana,Chilli,Kharif,0.59,681.2,24.1,68.1,8.5,7.35,24.2,83.4,78,133.4,Rainfed,183.7,1.68,0.9,1.56,0.92,104261,39125,95920,56795,226,4.071,52.3,1.56,59.21080067,0.004070796,294.8,42527.17391,0.032122371
SF12108,Telangana,Nalgonda,Chilli,Rabi,12.97,331.5,21.9,66.8,7.2,6.19,25.1,120.9,44.5,121.8,Flood,241.8,0.77,0.92,1.36,17.64,110171,854751,1943416,1088665,9207,1.916,60.9,1.36,56.0181145,0.001915934,287.2,48455.27211,0.012643678
SF12109,Andhra Pradesh,Guntur,Cotton,Rabi,11.67,531.5,23.3,59.2,7.7,7.5,22.2,127.5,62.1,134.4,Sprinkler,148.3,4.22,0.98,0.85,9.92,71374,690212,708030,17818,7994,1.241,45.3,0.85,2.516560033,0.001240931,324,69577.82258,0.093156733
SF12110,Telangana,Nalgonda,Rice,Rabi,2.42,196.3,25,63.2,8.8,5.91,21.1,140.5,45.7,72,Flood,217.8,8.05,0.67,1.15,2.78,19721,200378,54824,-145554,4708,0.59,47.8,1.15,-265.4932147,0.000590484,258.2,72078.41727,0.168410042
SF12111,Telangana,Warangal,Cotton,Rabi,5.23,185.8,19.9,43.4,7.5,6.94,17.7,112.1,71.3,147.8,Drip,101.7,8.67,0.76,1.219885277,6.38,79068,259811,504454,244643,3620,1.762,22.5,1.219885277,48.49659236,0.001762431,331.2,40722.72727,0.385333333
SF12112,Andhra Pradesh,Guntur,Chilli,Rabi,13.21,825.5,28.5,64.4,7.2,6.62,19.9,111.1,42,117.4,Drip,214.9,5.22,0.68,2.46,32.5,98659,887947,3206418,2318471,6968,4.664,51,2.46,72.30719763,0.004664179,270.5,27321.44615,0.102352941
SF12113,Madhya Pradesh,Indore,Rice,Zaid,6.11,288.4,30.6,73.6,8.9,7.23,20.7,138.9,37.3,67.5,Rainfed,118.1,4.09,0.75,1.48,9.04,20745,328305,187535,-140770,4951,1.826,49.9,1.48,-75.06332151,0.001825894,243.7,36316.92478,0.081963928
SF12114,Maharashtra,Nashik,Maize,Kharif,8.54,605.6,31.2,63.8,6.8,6.99,41.9,98.1,63.8,88.8,Rainfed,172.2,4.77,0.68,3.29,28.1,26482,523670,744144,220474,2966,9.474,61.7,3.29,29.62786772,0.009474039,250.7,18635.94306,0.077309562
SF12115,Telangana,Nalgonda,Chilli,Zaid,10.65,411.1,34.8,59.9,7.4,6.07,19,114.7,76.6,109.6,Drip,168.4,4.78,0.78,1.35,14.38,93194,763432,1340130,576698,5611,2.563,44.6,1.35,43.03298934,0.002562823,300.9,53089.84701,0.107174888
SF12116,Punjab,Ludhiana,Cotton,Zaid,9.46,261.6,30.1,59.8,7.9,7.54,19.2,127.1,51.8,112.4,Sprinkler,207.2,4.54,0.87,0.65,6.15,60995,649205,375119,-274086,7193,0.855,48.4,0.65,-73.06641359,0.000854998,291.3,105561.7886,0.093801653
SF12117,Andhra Pradesh,Guntur,Pulses,Rabi,10.44,486.7,25.2,63.3,7.2,6.34,30.4,104.8,44.4,30,Rainfed,52.3,4.83,0.73,0.98,10.23,70001,607532,716110,108578,1875,5.456,46.9,0.98,15.16219575,0.005456,179.2,59387.29228,0.102985075
SF12118,Telangana,Warangal,Pulses,Kharif,3.04,1012.3,26.9,64,6.7,5.48,31.8,108,71.3,75.2,Flood,180,2.02,0.84,0.3,0.91,72382,216493,65868,-150625,1443,0.631,72.4,0.3,-228.6770511,0.000630631,254.5,237904.3956,0.027900552
SF12119,Karnataka,Raichur,Pulses,Kharif,3.59,553.8,25,62.4,6.8,6.18,32.4,124,67.1,123.5,Drip,134.9,2.95,0.8,1.29,4.63,72773,190682,336939,146257,1042,4.443,59.1,1.29,43.40756042,0.004443378,314.6,41184.01728,0.049915398
SF12120,Telangana,Warangal,Groundnut,Rabi,13.02,578.9,24.4,66.3,7.3,7.12,23.8,132.1,62.1,103.4,Rainfed,284.7,3.68,0.8,1.6,20.83,54459,815543,1134381,318838,3479,5.987,54,1.6,28.10678247,0.005987353,297.6,39152.32837,0.068148148
SF12121,Andhra Pradesh,Krishna,Rice,Zaid,8.55,609.1797436,29.7,55.3,6.4,6.26,21.7,172.9,65.7,91.7,Rainfed,153.9,4.51,0.68,2.51,21.46,25962,544752,557145,12393,7227,2.969,52,2.51,2.22437606,0.00296942,330.3,25384.52936,0.086730769
SF12122,Telangana,Nalgonda,Rice,Kharif,3.79,988.3,32,71.9,8.4,5.2,26.5,130.6,58.6,108.6,Flood,205.8,7.24,0.65,0.3,1.14,20818,303619,23733,-279886,8414,0.135,52.8,0.3,-1179.311507,0.000135488,297.8,266332.4561,0.137121212
SF12123,Maharashtra,Nashik,Rice,Kharif,10.52,810.8,25.8,61.4,7.1,7.04,31.3,150.6,42.9,88.1,Drip,292.9,6.75,0.94,3.85,40.5,20158,732840,816399,83559,15404,2.629,55.7,3.85,10.23506888,0.002629187,281.6,18094.81481,0.121184919
SF12124,Telangana,Warangal,Cotton,Kharif,3.7,658.3,24,61.6,6.9,6.72,36.7,108.5,76.3,104.5,Rainfed,211,3.42,0.89,1.95,7.22,79392,283510,573210,289700,1004,7.191,53.9,1.95,50.53994173,0.007191235,289.3,39267.31302,0.063450835
SF12125,Maharashtra,Nashik,Chilli,Kharif,7.18,836.2,29.6,73.1,6,6.49,25.8,75.5,43.7,113.7,Sprinkler,130.8,7.97,0.81,2.16,15.51,125963,471581,1953686,1482105,4182,3.709,46.7,2.16,75.86198601,0.003708752,232.9,30404.96454,0.170663812
SF12126,Telangana,Warangal,Pulses,Kharif,11.45,784.7,27.3,76.8,5.9,7.19,29.7,166.7,61.1,63.7,Drip,381.3,5.53,0.94,1.21,13.85,76364,918367,1057641,139274,3449,4.016,57.3,1.21,13.16836242,0.004015657,291.5,66308.08664,0.096509599
SF12127,Telangana,Nalgonda,Maize,Rabi,13.95,561.6,22,46.6,8.4,6.85,21,92.1,90.4,124,Drip,272,4.91,0.79,5.2,72.54,23076,909931,1673933,764002,6227,11.649,41.4,5.2,45.64113378,0.011649269,306.5,12543.85167,0.118599034
SF12128,Punjab,Ludhiana,Pulses,Kharif,1.27,717.2,23.9,65.9,7.3,6.38,26.2,149.4,69.1,102.7,Flood,193.5,4.01,0.85,1.71,2.17,71690,96888,155567,58679,583,3.722,52.9,1.71,37.71943921,0.003722127,321.2,44648.84793,0.075803403
SF12129,Karnataka,Raichur,Groundnut,Kharif,10.3,829.6,28.4,71.8,6.7,7.1,23.3,138.3,50.2,140.9,Drip,161.8,2.27,0.76,2.07,21.32,57181,561422,1219099,657677,4641,4.594,63.1,2.07,53.94779259,0.004593838,329.4,26333.11445,0.035974643
SF12130,Karnataka,Raichur,Chilli,Rabi,12.85,422.6,19.6,48.2,8.6,6.18,29.8,63.7,50.8,105.3,Flood,90,0.5,0.89,1.51,19.4,101506,878759,1969216,1090457,10267,1.89,40.9,1.51,55.37518485,0.001889549,219.8,45296.85567,0.012224939
SF12131,Tamil Nadu,Erode,Wheat,Kharif,1.39,810.6,27.9,59.6,6.5,6.72,31.4,133.3,57.3,94.3,Flood,190.1,1.85,0.86,3.42,4.75,20915,88592,99346,10754,848,5.601,54.5,3.42,10.82479415,0.005601415,284.9,18650.94737,0.033944954
SF12132,Tamil Nadu,Erode,Maize,Rabi,5.19,423.5,21.8,61.6,7.2,6.07,19.9,142.4,44.5,65,Sprinkler,173.2,6.16,0.7,2.4,12.46,19453,363789,242384,-121405,3019,4.127,34.9,2.4,-50.08787709,0.004127194,251.9,29196.54896,0.176504298
SF12133,Andhra Pradesh,Guntur,Maize,Zaid,10.01,80,33.1,55,7.2,7.23,25.3,133.5,45.3,119.4,Sprinkler,283.3,5.11,0.94,1.82,18.22,19039,790705,346891,-443814,5981,3.046,31.9,1.82,-127.940477,0.003046313,298.2,43397.63996,0.160188088
SF12134,Karnataka,Raichur,Groundnut,Zaid,1.9,262.5,29,43.7,8,6.49,13.2,68.3,15.8,122.2,Flood,211.6,9.97,0.79,1.29,2.45,52060,153690,127547,-26143,1350,1.815,21.6,1.29,-20.49675806,0.001814815,206.3,62730.61224,0.461574074
SF12135,Telangana,Nalgonda,Groundnut,Rabi,10.72,170,22.3,60.7,7.7,7.67,26.5,111.8,82.5,98.7,Drip,191.2,6.15,0.65,0.49,5.25,46055,667589,241789,-425800,4783,1.098,31.5,0.49,-176.1039584,0.001097637,293,127159.8095,0.195238095
SF12136,Andhra Pradesh,Guntur,Pulses,Rabi,8.12,510.4,23.3,46.1,7.8,6.13,24.8,122.9,68.5,145.9,Rainfed,213.1,7.24,0.68,0.91,7.39,70046,620404,517640,-102764,1950,3.79,26.8,0.91,-19.85240708,0.003789744,337.3,83951.82679,0.270149254
SF12137,Punjab,Ludhiana,Rice,Kharif,10.82,860.4,30.8,85.7,7.8,6.61,27.8,114.7,52.4,94,Sprinkler,168.1,3.94,0.77,3.7,40.03,21100,759705,844633,84928,16609,2.41,59.3,3.7,10.05501798,0.002410139,261.1,18978.39121,0.066441821
SF12138,Punjab,Ludhiana,Rice,Rabi,4.77,256,23.7,71.9,7.2,7.26,20.4,133.6,51.5,105.5,Rainfed,212.2,4.9,0.98,1.85,8.82,21889,320528,193061,-127467,4536,1.944,30.8,1.85,-66.02420996,0.001944444,290.6,36341.04308,0.159090909
SF12139,Gujarat,Rajkot,Chilli,Kharif,8.15,818.2,28.5,61.1,8.2,7.83,34.4,121.6,42.9,124.4,Rainfed,195.5,8.12,0.84,0.47,3.83,96439,675702,369361,-306341,2609,1.468,25.4,0.47,-82.93810121,0.001467995,288.9,176423.4987,0.319685039
SF12140,Punjab,Ludhiana,Cotton,Kharif,0.61,774.5,29.2,75.8,7.1,6.41,31,114.7,64.5,105.5,Flood,239.3,6.17,1,1.43,0.87,65277,44994,56791,11797,604,1.44,53.6,1.43,20.77265764,0.001440397,284.7,51717.24138,0.11511194
SF12141,Karnataka,Raichur,Cotton,Rabi,0.59,421.7,26.5,48.8,9.7,6.26,17.3,96.4,64.6,166,Sprinkler,195.3,3.05,0.73,1.64,0.97,74211,33400,71985,38585,436,2.225,40.9,1.64,53.60144475,0.002224771,327,34432.98969,0.074572127
SF12142,Gujarat,Rajkot,Wheat,Kharif,5.44,820.7,28,68.1,6.4,7.41,25,137.1,53.1,95.5,Flood,207.8,1.33,0.85,1.78,9.68,23750,404535,229900,-174635,3716,2.605,53.6,1.78,-75.96128752,0.002604952,285.7,41790.80579,0.024813433
SF12143,Andhra Pradesh,Guntur,Rice,Rabi,10.48,493.5,20.8,69.9,6.7,6.77,26.2,118.3,46.3,100.6,Rainfed,245.7,5.34,0.74,3.02,31.65,23815,641237,753745,112508,8721,3.629,43.4,3.02,14.92653351,0.003629171,265.2,20260.25276,0.123041475
SF12144,Karnataka,Raichur,Rice,Kharif,1.11,818.6,26.6,55.5,5.8,7.1,25.5,149,58.9,86.1,Drip,199.5,3.96,0.76,4.19,4.65,27935,81001,129898,48897,1645,2.827,55.9,4.19,37.6426119,0.002826748,294,17419.56989,0.070840787
SF12145,Gujarat,Rajkot,Wheat,Kharif,13.86,826.1,30.1,67.2,6.5,6.74,31.9,180.1,59,113.5,Drip,217.8,4.66,0.86,3.95,54.75,24853,864895,1360702,495807,7366,7.433,51.1,3.95,36.43758883,0.007432799,352.6,15797.16895,0.091193738
SF12146,Telangana,Nalgonda,Rice,Kharif,14.01,907.1,30.1,62.5,7.2,7.15,29.2,89.8,85.3,80.3,Flood,240.5,3.32,0.93,2.52,35.31,24068,998282,849841,-148441,25404,1.39,56,2.52,-17.4669144,0.001389939,255.4,28271.9343,0.059285714
SF12147,Tamil Nadu,Erode,Cotton,Kharif,8.62,1122.5,30.8,66.8,6,6.96,17.4,97.9,54,69.1,Drip,128.6,6.89,0.68,1.36,11.72,80077,615855,938502,322647,6458,1.815,61.9,1.36,34.37893579,0.001814803,221,52547.35495,0.111308562
SF12148,Madhya Pradesh,Indore,Rice,Kharif,14.23,323.5,22,76.4,7.4,6.46,36.9,119.1,35.3,54.3,Rainfed,165.9,5.38,0.65,2.26,32.16,18367,978170,590683,-387487,12313,2.612,44.8,2.26,-65.59982258,0.002611874,208.7,30415.73383,0.120089286
SF12149,Gujarat,Rajkot,Wheat,Kharif,11.81,1011.8,33.7,67.2,8.5,5.73,25.1,128.9,88,121.1,Flood,94.9,6.97,0.84,0.9,10.63,22632,711342,240578,-470764,8842,1.202,52.8,0.9,-195.680403,0.001202217,338,66918.34431,0.132007576
SF12150,Maharashtra,Nashik,Groundnut,Rabi,14.24,489.1,23.5,71.6,7.3,6.02,19.7,130.9,59.6,46.2,Drip,230.8,3.89,0.97,1,14.24,63324,983595,901734,-81861,6570,2.167,46.2,1,-9.078176047,0.002167428,236.7,69072.68258,0.084199134
SF12151,Andhra Pradesh,Krishna,Pulses,Kharif,9.43,1110,27.4,71.6,7.1,5.2,42.8,157.6,59.4,121.4,Flood,93.5,3.66,0.82,0.3,2.83,86996,548780,246199,-302581,3822,0.74,62.9,0.3,-122.9009866,0.00074045,338.4,193915.1943,0.058187599
SF12152,Gujarat,Rajkot,Rice,Rabi,6.21,310,23.4,48.9,8.3,6.22,23.8,57.9,70.5,127,Flood,174,6.37,0.84,1.91,11.86,19877,513891,235741,-278150,10575,1.122,25.1,1.91,-117.9896581,0.001121513,255.4,43329.76391,0.253784861
SF12153,Andhra Pradesh,Krishna,Rice,Rabi,9.04,323.5,20.9,66.7,6.7,6.69,23.1,106.6,43.7,133.7,Drip,251.5,6.04,0.79,2.75,24.86,22152,591244,550699,-40545,15147,1.641,48.3,2.75,-7.362461163,0.001641249,284,23782.94449,0.12505176
SF12154,Madhya Pradesh,Indore,Rice,Rabi,4.43,296.9,23.3,59.7,5.2,6.99,14.4,118,28.2,132.9,Rainfed,131.5,6.79,0.93,2.1,9.3,17685,333737,164470,-169267,3950,2.354,40.4,2.1,-102.9166413,0.00235443,279.1,35885.69892,0.168069307
SF12155,Telangana,Nalgonda,Cotton,Zaid,6,455.9,32.4,50.7,8.9,6.53,22.3,166.9,20.3,72.5,Rainfed,104.9,2.93,0.66,1.03,6.18,72973,364083,450973,86890,2478,2.494,46.6,1.03,19.26722886,0.002493947,259.7,58913.1068,0.062875536
SF12156,Telangana,Nalgonda,Pulses,Rabi,12.7,216.6,22.9,68.3,8.9,5.51,20.6,154.4,54.8,116.7,Drip,314.1,5.78,0.68,0.3,3.81,75167,1093448,286386,-807062,3477,1.096,47.2,0.3,-281.8091666,0.001095772,325.9,286994.2257,0.122457627
SF12157,Andhra Pradesh,Krishna,Rice,Rabi,5.94,517.8,22.8,48,7.9,6.02,32.5,57.5,23.7,74.1,Drip,127.2,5.73,0.74,1.9,11.29,20945,320978,236469,-84509,7081,1.594,29.8,1.9,-35.73787685,0.001594408,155.3,28430.29229,0.192281879
SF12158,Karnataka,Raichur,Cotton,Kharif,2.93,809.5,30.8,70.1,7.2,7.28,32,82.6,25.3,119.8,Drip,295.4,7.2,0.84,1.43,4.19,71147,225114,298106,72992,2585,1.621,43.6,1.43,24.48525021,0.00162089,227.7,53726.49165,0.165137615
SF12159,Gujarat,Rajkot,Cotton,Kharif,11.17,923.3,31.7,75.3,7.6,8.11,25.1,98.9,80.9,52.2,Rainfed,199.7,5.2,0.68,0.3,3.35,78871,664524,264218,-400306,5133,0.653,50.5,0.3,-151.5059534,0.00065264,232,198365.3731,0.102970297
SF12160,Andhra Pradesh,Guntur,Cotton,Kharif,6.09,1095.9,26,79.8,6.6,5.94,33.8,86.7,78.1,104.5,Drip,267.8,8.54,0.89,0.75,4.57,65235,449847,298124,-151723,3796,1.204,38.6,0.75,-50.89258161,0.001203899,269.3,98434.79212,0.221243523
SF12161,Gujarat,Rajkot,Maize,Rabi,7.56,661.6,24.1,59,8.5,5.85,14.5,114.4,33.7,121.9,Flood,213.2,10.57,0.74,1.84,13.91,18855,607503,262273,-345230,5540,2.511,28.2,1.84,-131.6300191,0.00251083,270,43673.83178,0.374822695
SF12162,Telangana,Warangal,Groundnut,Rabi,1.57,433,21.1,45.4,5,6.8,24.6,197.7,71.2,158.2,Drip,87.1,2.57,0.65,2.74,4.3,58079,97559,249740,152181,648,6.636,49.1,2.74,60.9357732,0.006635802,427.1,22688.13953,0.052342159
SF12163,Karnataka,Raichur,Pulses,Zaid,8.74,364.9,28.3,50.9,8.1,5.71,13.8,160.4,71.4,45.8,Flood,151.3,3.89,0.85,0.32,2.8,78302,632459,219246,-413213,4246,0.659,35.6,0.32,-188.4700291,0.000659444,277.6,225878.2143,0.109269663
SF12164,Telangana,Warangal,Rice,Kharif,5.91,814.5,32.3,73,5.2,5.72,29.8,80.7,51.6,79.6,Flood,218,4.44,0.8,1.04,6.15,20307,437326,124888,-312438,10913,0.564,50.2,1.04,-250.1745564,0.000563548,211.9,71109.9187,0.088446215
SF12165,Tamil Nadu,Erode,Cotton,Zaid,3.48,340.4,34.7,61.8,7.4,7.19,21.9,129.1,65.4,75.2,Sprinkler,236,5.56,0.73,0.81,2.82,61284,238012,172821,-65191,2535,1.112,31.5,0.81,-37.72168892,0.001112426,269.7,84401.41844,0.176507937
SF12166,Tamil Nadu,Erode,Maize,Kharif,6.6,608.8,30.2,74.6,6.1,7.07,33.7,137.9,44.8,101.1,Flood,122.1,2.53,0.8,3.92,25.87,17067,408089,441523,33434,4692,5.514,59.3,3.92,7.572425446,0.00551364,283.8,15774.60379,0.042664418
SF12167,Karnataka,Raichur,Wheat,Zaid,4.13,313.1,30.9,36.8,7.7,7.13,22.8,86.1,72.2,134.1,Drip,153.6,3.89,0.87,2.19,9.04,22499,251614,203391,-48223,2093,4.319,46.5,2.19,-23.70950534,0.004319159,292.4,27833.40708,0.083655914
SF12168,Maharashtra,Nashik,Groundnut,Rabi,10.97,165.5,22.9,61.4,6,8.1,19.5,88.3,78,84.7,Sprinkler,129,3.1,0.79,0.3,3.29,51394,545956,169086,-376870,5406,0.609,36.6,0.3,-222.8865784,0.000608583,251,165944.0729,0.084699454
SF12169,Punjab,Ludhiana,Rice,Rabi,5.78,408.1,26.2,74,7.7,7.76,25.5,133.2,39.8,69.4,Sprinkler,267.3,4.26,0.66,0.75,4.34,25011,419811,108548,-311263,8225,0.528,49.8,0.75,-286.7514832,0.00052766,242.4,96730.64516,0.085542169
SF12170,Telangana,Warangal,Wheat,Rabi,5.27,152.6,20.4,53.5,8.4,7.35,22.5,146,63,99,Sprinkler,92.8,9.95,0.69,1.23,6.48,23917,295012,154982,-140030,2818,2.3,24.5,1.23,-90.35242802,0.002299503,308,45526.54321,0.406122449
SF12171,Telangana,Nalgonda,Maize,Zaid,14.05,600.7,28.1,57.8,9.7,6.23,12.5,108.5,21.8,147.5,Drip,227.7,8.57,0.84,3.16,44.4,19558,1231539,868375,-363164,6443,6.891,32.8,3.16,-41.82110263,0.0068912,277.8,27737.36486,0.261280488
SF12172,Andhra Pradesh,Krishna,Pulses,Rabi,9.95,297.2,18.5,68.1,5.9,7.41,30.3,120.5,57.8,80.7,Rainfed,161.5,5.44,0.73,0.41,4.08,67742,684314,276387,-407927,2105,1.938,30.2,0.41,-147.5926871,0.001938242,259,167724.0196,0.18013245
SF12173,Punjab,Ludhiana,Pulses,Kharif,1.67,627.6,23.2,73.5,7.2,6.12,27.9,128.1,76.4,142.7,Sprinkler,184.8,6.7,0.73,1.33,2.22,71432,110314,158579,48265,695,3.194,35.4,1.33,30.43593414,0.003194245,347.2,49690.99099,0.189265537
SF12174,Andhra Pradesh,Krishna,Wheat,Zaid,12.23,222.2,28.6,62.8,7,7.43,19.6,136.3,48.4,117.8,Flood,312.2,3.85,0.91,1.21,14.8,27861,1040282,412343,-627939,7354,2.013,42.5,1.21,-152.2855972,0.00201251,302.5,70289.32432,0.090588235
SF12175,Telangana,Warangal,Chilli,Kharif,14.42,810.5,28.5,57.8,6.2,6.68,28,141.2,59.6,120.6,Flood,182.1,6.12,0.98,2.84,40.95,91686,1031868,3754542,2722674,11141,3.676,63.7,2.84,72.51680764,0.003675613,321.4,25198.24176,0.096075353
SF12176,Andhra Pradesh,Guntur,Pulses,Rabi,12.1,413.1,21.4,46.8,8.6,5.77,22.4,159.6,71,40,Flood,227.8,6.53,0.66,0.38,4.6,66880,780574,307648,-472926,5417,0.849,34,0.38,-153.7230861,0.000849179,270.6,169690,0.192058824
SF12177,Telangana,Warangal,Sugarcane,Zaid,1.79,247.2,31.4,50.3,8.1,6.23,10.5,157.4,49.6,110.9,Drip,127.6,2.9,0.7,33.78,60.47,3588,82684,216966,134282,3039,19.898,49.2,33.78,61.89080317,0.019897993,317.9,1367.355714,0.058943089
SF12178,Andhra Pradesh,Krishna,Pulses,Kharif,11.69,702.4,31.3,57.9,5.5,6.02,41.5,159.6,47.3,80.7,Sprinkler,202.5,5.77,0.84,0.73,8.53,69784,771261,595258,-176003,4435,1.923,58.9,0.73,-29.56751526,0.001923337,287.6,90417.46776,0.097962649
SF12179,Andhra Pradesh,Krishna,Cotton,Zaid,5.46,372.9,26.2,59.2,7.9,6.59,27.9,123.1,60.6,107.1,Rainfed,53.6,7.6,0.84,1.52,8.3,56820,299728,471606,171878,2043,4.063,34.1,1.52,36.44525303,0.004062653,290.8,36111.80723,0.2228739
SF12180,Gujarat,Rajkot,Wheat,Kharif,10.59,886.7,24,65.2,6.4,7.52,35.3,103.2,72.1,98.7,Drip,211.4,6.31,0.66,1.44,15.25,21179,831091,322980,-508111,3804,4.009,32.5,1.44,-157.3196483,0.004008938,274,54497.77049,0.194153846
SF12181,Tamil Nadu,Erode,Cotton,Rabi,12.67,635.3,24.4,65.1,6.6,6.54,16.3,64.8,63.8,82.1,Rainfed,127,3.84,0.8,1.51,19.13,72972,721783,1395954,674171,6634,2.884,45.6,1.51,48.29464295,0.00288363,210.7,37730.42342,0.084210526
SF12182,Andhra Pradesh,Guntur,Wheat,Rabi,7.39,766.6,22.6,79.1,9.6,7.47,24,163.6,37.3,99.6,Sprinkler,223.4,2.02,0.97,1.51,11.16,26423,496151,294881,-201270,3276,3.407,71.2,1.51,-68.25465188,0.003406593,300.5,44457.97491,0.028370787
SF12183,Andhra Pradesh,Krishna,Rice,Kharif,14.72,812.4,29.3,72.9,7.1,7.73,34.5,123.5,62.9,61.7,Flood,264.8,5.01,0.82,1.01,14.87,21578,1297725,320865,-976860,25877,0.575,40.8,1.01,-304.445795,0.000574642,248.1,87271.35171,0.122794118
SF12184,Karnataka,Raichur,Maize,Kharif,9.27,790.5,30.4,68.5,6.2,7.8,28.3,178.3,30.5,49.4,Rainfed,214.5,1.09,0.98,0.89,8.25,21179,492106,174727,-317379,3188,2.588,68.4,0.89,-181.6427913,0.002587829,258.2,59649.21212,0.015935673
SF12185,Maharashtra,Nashik,Rice,Kharif,1.57,817.6,28.5,49.9,5.1,6.95,31.6,137.6,66.3,118.3,Drip,181.4,4.71,0.98,4.99,7.83,21549,100174,168729,68555,2252,3.477,47.5,4.99,40.63024139,0.003476909,322.2,12793.6143,0.099157895
SF12186,Karnataka,Raichur,Cotton,Rabi,5.56,643.8,21.9,76.4,9.1,6.51,24.7,90.3,39.5,200,Drip,266.4,5.59,0.89,2.08,11.56,77058,460744,890790,430046,3721,3.107,58.4,2.08,48.27692273,0.003106692,329.8,39856.7474,0.095719178
SF12187,Punjab,Ludhiana,Chilli,Rabi,7.33,517.8,18.7,55.2,7.3,6.75,22.6,186,68.4,77.9,Sprinkler,206.4,7.83,0.92,2.14,15.69,92812,568583,1456220,887637,4400,3.566,32.2,2.14,60.95486946,0.003565909,332.3,36238.55959,0.243167702
SF12188,Andhra Pradesh,Krishna,Wheat,Rabi,1.16,323.3,23.5,62.7,8.8,6.99,21,108,33.2,146.2,Rainfed,233.9,6.77,0.96,2.07,2.4,28707,78315,68897,-9418,399,6.015,42.3,2.07,-13.66968083,0.006015038,287.4,32631.25,0.160047281
SF12189,Gujarat,Rajkot,Wheat,Rabi,12.92,268.2,23.8,50.2,8.2,7.75,18.5,173.1,60,80.4,Flood,188.3,6.78,0.95,0.71,9.17,26655,907116,244426,-662690,8511,1.077,29.5,0.71,-271.1209119,0.001077429,313.5,98922.1374,0.229830508
SF12190,Gujarat,Rajkot,Pulses,Kharif,3.18,829.6,27.4,71.6,8,7.08,37.2,132.6,89.1,134.4,Drip,103.7,2.81,0.95,1.75,5.56,70096,198275,389734,191459,1044,5.326,62.5,1.75,49.12555743,0.00532567,356.1,35660.97122,0.04496
SF12191,Tamil Nadu,Erode,Pulses,Zaid,14.62,421,34.5,50.6,8.2,7.01,27,136.1,63.4,124.3,Sprinkler,242.8,3.36,0.69,0.96,14.04,68807,940215,966050,25835,5924,2.37,49.8,0.96,2.674292221,0.00237002,323.8,66966.88034,0.06746988
SF12192,Maharashtra,Nashik,Groundnut,Kharif,7.88,488.1,28.9,84.3,5.2,6.81,36,81.4,69.4,156.2,Rainfed,255.5,6.54,0.79,2.08,16.39,44714,555251,732862,177611,2013,8.142,45.1,2.08,24.23525848,0.008142077,307,33877.42526,0.145011086
SF12193,Punjab,Ludhiana,Cotton,Kharif,2.3,1007.9,26.8,55.1,6.7,6.76,29,146.9,71.6,54.5,Drip,133.2,4.94,0.91,2.09,4.81,60025,160630,288720,128090,1416,3.397,41.4,2.09,44.36478249,0.003396893,273,33395.0104,0.119323671
SF12194,Telangana,Nalgonda,Sugarcane,Kharif,11.32,650.2,25.1,75.1,7.2,5.2,32.2,98.9,45.1,116.3,Sprinkler,192,7.31,0.67,4.86,55.02,3042,767188,167371,-599817,19323,2.847,44.8,4.86,-358.3757043,0.002847384,260.3,13943.80225,0.163169643
SF12195,Andhra Pradesh,Guntur,Groundnut,Rabi,12.7,722.6,22.4,58.6,9.2,6.8,26.5,136.8,67.9,97.7,Flood,269.3,8.92,0.69,1.72,21.84,52866,1057085,1154593,97508,7605,2.872,24.6,1.72,8.445227019,0.002871795,302.4,48401.32784,0.362601626
SF12196,Karnataka,Raichur,Wheat,Kharif,9.92,1015.2,29.5,74.8,7,7.05,30.7,86.4,33.9,76.6,Flood,307.6,6.01,0.96,2.34,23.21,24869,719712,577209,-142503,5925,3.917,68.8,2.34,-24.68828449,0.0039173,196.9,31008.70315,0.087354651
SF12197,Gujarat,Rajkot,Cotton,Rabi,2.05,138.2,23.4,77,5.8,6.67,26.2,123.8,39.8,101.3,Rainfed,266.8,2.51,0.86,1.19,2.44,76986,131002,187846,56844,940,2.596,56.5,1.19,30.26095844,0.002595745,264.9,53689.34426,0.044424779
SF12198,Andhra Pradesh,Krishna,Sugarcane,Rabi,11.92,129.2,18.9,49.2,8.1,7.1,27.5,121.3,34.7,102.2,Drip,242.5,6.9,0.82,37.88,451.53,3792,900341,1712202,811861,20628,21.889,20.9,37.88,47.41619272,0.02188918,258.2,1993.978252,0.330143541
SF12199,Punjab,Ludhiana,Cotton,Rabi,3.34,379.2,21.5,55.5,4.7,6.32,33.8,123.1,55.3,95,Rainfed,165.2,5.16,0.79,1.14,3.81,68276,221021,260132,39111,1412,2.698,31.4,1.14,15.03505912,0.0026983,273.4,58010.76115,0.16433121
SF12200,Gujarat,Rajkot,Rice,Kharif,7.66,900,30.6,73.6,5.7,7.38,37.9,132.8,64.7,161.5,Rainfed,237.6,8.25,0.92,2.01,15.4,20367,478927,313652,-165275,5638,2.731,42,2.01,-52.69374976,0.002731465,359,31099.15584,0.196428571
SF12201,Andhra Pradesh,Guntur,Wheat,Rabi,7.3,744.2,24.9,73.2,8.6,5.79,27.4,149.6,60.1,80.6,Sprinkler,92.3,6.19,0.94,1.22,8.91,22452,507038,200047,-306991,4246,2.098,37.5,1.22,-153.459437,0.002098446,290.3,56906.62177,0.165066667
SF12202,Gujarat,Rajkot,Rice,Rabi,2.24,239.6,24.4,58.9,7,8.19,22.6,166,55.2,94,Flood,88.9,5.74,0.66,0.3,0.67,19607,143692,13137,-130555,4142,0.162,32.8,0.3,-993.7961483,0.000161758,315.2,214465.6716,0.175
SF12203,Maharashtra,Nashik,Rice,Rabi,6.96,434.7,25.6,70.2,8.5,5.85,24.3,90.7,55.3,122,Flood,125.1,3.49,0.71,1.45,10.09,22122,397330,223211,-174119,13104,0.77,57.7,1.45,-78.00646026,0.000769994,268,39378.59267,0.060485269
SF12204,Punjab,Ludhiana,Chilli,Rabi,10.96,151,23.3,52,5.5,6.33,21,126.2,81.9,123.2,Rainfed,158.6,5.01,0.68,1.6,17.54,109739,797266,1924822,1127556,3999,4.386,10.3,1.6,58.57975439,0.004386097,331.3,45454.16192,0.486407767
SF12205,Gujarat,Rajkot,Rice,Rabi,1.34,723.1,20.3,43.9,9.4,5.79,24.5,108.6,70.4,81.8,Flood,252.7,5.97,0.96,1.08,1.45,23290,97838,33770,-64068,2535,0.572,33.1,1.08,-189.7186852,0.000571992,260.8,67474.48276,0.180362538
SF12206,Telangana,Warangal,Maize,Rabi,14.88,344,25,73,7.4,7.08,23.9,187,75.1,114.3,Drip,173.8,3.71,0.87,3.850134409,57.29,22652,967300,1297733,330433,6636,8.633,49.4,3.850134409,25.46232546,0.008633213,376.4,16884.273,0.075101215
SF12207,Telangana,Nalgonda,Wheat,Kharif,13.14,1014.4,26.1,75.4,5.7,7.05,25.9,137.6,85.7,93.9,Flood,244,9.05,0.74,3.06,40.21,19535,1182170,785502,-396668,9763,4.119,36.5,3.06,-50.498662,0.004118611,317.2,29399.90052,0.247945205
SF12208,Gujarat,Rajkot,Sugarcane,Kharif,11.86,493.2,25.9,72.7,8.2,6.7,21.7,124,63.5,101.7,Rainfed,195.2,5.28,0.7,49.02,581.38,3533,933290,2054016,1120726,10873,53.47,44,49.02,54.56267137,0.053470063,289.2,1605.30118,0.12
SF12209,Tamil Nadu,Erode,Rice,Rabi,10.68,220.1,22.1,58.5,7.3,6.54,23.5,139.7,72.5,99.7,Rainfed,270.4,3.65,0.7,2.17,23.18,23729,653891,550038,-103853,8501,2.727,30,2.17,-18.88105913,0.002726738,311.9,28209.27524,0.121666667
SF12210,Punjab,Ludhiana,Wheat,Rabi,12.96,80,21.1,38,8.5,6.75,12.7,123.3,73.3,115.5,Rainfed,218.3,6.74,0.97,2.01,26.05,24254,789561,631817,-157744,4229,6.16,34.2,2.01,-24.96672296,0.006159849,312.1,30309.44338,0.197076023
SF12211,Karnataka,Raichur,Wheat,Rabi,14.27,347.6,22.7,54.4,7.9,5.2,21.2,121.8,57.3,126.2,Drip,290.6,5.82,0.81,0.3,4.28,23948,1097692,102497,-995195,6506,0.658,42.5,0.3,-970.9503693,0.000657854,305.3,256470.0935,0.136941176
SF12212,Karnataka,Raichur,Rice,Kharif,10.65,676.9,24.1,72.1,5.3,6.41,30,98.3,48.2,105.6,Rainfed,140.1,6.3,0.78,3.38,36,19524,734173,702864,-31309,8316,4.329,45.1,3.38,-4.454489062,0.004329004,252.1,20393.69444,0.139689579
SF12213,Andhra Pradesh,Guntur,Cotton,Kharif,0.9,1075.5,33.4,69.8,5.3,6.93,25.4,59,30,99.6,Rainfed,127.1,6.3,0.82,0.81,0.73,62075,52058,45315,-6743,332,2.199,52.2,0.81,-14.88028247,0.002198795,188.6,71312.32877,0.120689655
SF12214,Maharashtra,Nashik,Pulses,Kharif,14.64,504.1,30,61.8,7.3,7.7,37,145.7,44,148.3,Drip,152.6,4.69,0.99,0.45,6.59,84804,900322,558858,-341464,4329,1.522,53.5,0.45,-61.10031529,0.001522292,338,136619.4234,0.087663551
SF12215,Madhya Pradesh,Indore,Pulses,Kharif,4.66,1193.5,27.3,81,6.7,6.81,26.6,145.2,83.8,111,Drip,220.7,2,0.69,1.58,7.36,64519,336955,474860,137905,1300,5.662,69.5,1.58,29.04119109,0.005661538,340,45781.92935,0.028776978
SF12216,Telangana,Warangal,Rice,Rabi,10.41,578.9,24,53.2,5.9,6.68,17.1,127.6,66.2,85.1,Rainfed,282.7,2.93,0.74,3.62,37.68,21534,806130,811401,5271,7422,5.077,57.5,3.62,0.649617144,0.005076799,278.9,21394.10828,0.050956522
SF12217,Tamil Nadu,Erode,Wheat,Kharif,12.12,806.9,29.2,71.4,6.9,8.18,34.3,94.7,61.9,102.6,Flood,116.1,3.28,0.69,0.3,3.64,23250,706041,84630,-621411,7280,0.5,65.2,0.3,-734.2679901,0.0005,259.2,193967.3077,0.050306748
SF12218,Telangana,Nalgonda,Groundnut,Rabi,11.29,482.5,21.5,63.3,8.8,6.72,29.6,124.9,68.6,54.7,Flood,115.2,0.5,0.88,1.58,17.84,52808,536772,942095,405323,7631,2.338,51.1,1.58,43.02358042,0.002337833,248.2,30088.11659,0.009784736
SF12219,Telangana,Warangal,Maize,Zaid,6.72,525.7,32.3,53.7,7.2,6.23,13.9,117.8,64.9,86.4,Flood,252.5,9.32,0.96,2.32,15.59,21682,494726,338022,-156704,4684,3.328,34.6,2.32,-46.35911272,0.003328352,269.1,31733.54715,0.269364162
SF12220,Maharashtra,Nashik,Rice,Rabi,8.12,603.3,20.3,63.3,7.7,6.78,28.4,143.5,50.1,30,Rainfed,134.5,5.97,0.86,3.11,25.25,21575,512275,544769,32494,7378,3.422,39.4,3.11,5.964730005,0.003422337,223.6,20288.11881,0.151522843
SF12221,Telangana,Warangal,Wheat,Kharif,2.56,792.7,28,82,6.9,7.03,28.5,146.5,48.2,122.6,Rainfed,152,1.84,0.71,3.21,8.22,23405,208920,192389,-16531,676,12.16,68.6,3.21,-8.592487096,0.012159763,317.3,25416.05839,0.026822157
SF12222,Telangana,Warangal,Rice,Zaid,2.73,444.7,28.2,50,8.1,5.68,18.1,156.3,62.7,151.4,Flood,171.3,1.65,0.8,1.11,3.03,22236,160169,67375,-92794,4547,0.666,46.5,1.11,-137.7276438,0.000666373,370.4,52861.05611,0.035483871
SF12223,Punjab,Ludhiana,Pulses,Rabi,3.8,440.6,22.1,56.4,7.5,7.57,17.6,148.3,96.5,79.4,Rainfed,179.5,3.97,0.89,0.46,1.75,57972,216203,101451,-114752,902,1.94,50.8,0.46,-113.1107628,0.001940133,324.2,123544.5714,0.078149606
SF12224,Tamil Nadu,Erode,Chilli,Zaid,3.32,377.2,33,56.5,7.2,8.28,25.6,117.4,53.6,135.2,Rainfed,152.4,8.57,0.93,0.3,1,120295,235037,120295,-114742,1129,0.886,31.8,0.3,-95.38384804,0.00088574,306.2,235037,0.269496855
SF12225,Gujarat,Rajkot,Cotton,Rabi,9.04,439.1,25.8,41.7,9.3,6.04,17.9,143.4,41.9,122.3,Sprinkler,192.9,4.07,0.82,1.11,10.03,70309,647444,705199,57755,7441,1.348,54,1.11,8.189886826,0.001347937,307.6,64550.74776,0.07537037
SF12226,Maharashtra,Nashik,Rice,Kharif,2.68,695.3,25.4,80.3,6.8,7.2,26.6,122,45.7,80.7,Drip,145.8,5.76,0.89,3.6,9.65,22611,159200,218196,58996,3808,2.534,64.5,3.6,27.03807586,0.002534139,248.4,16497.40933,0.089302326
SF12227,Punjab,Ludhiana,Rice,Zaid,9.57,631.6,32.8,59.4,7.8,6.1,30.2,140.7,67.5,87.6,Rainfed,150.8,5.81,0.85,2.04,19.52,21627,742574,422159,-320415,8234,2.371,46.5,2.04,-75.89912805,0.002370658,295.8,38041.70082,0.124946237
SF12228,Madhya Pradesh,Indore,Rice,Kharif,10.85,946,27.9,72,6.4,6.62,29.4,65.7,61.5,130.1,Rainfed,251,2.89,0.85,4.1,44.48,23578,731670,1048749,317079,9934,4.478,73.7,4.1,30.23402168,0.004477552,257.3,16449.41547,0.039213026
SF12229,Andhra Pradesh,Guntur,Sugarcane,Zaid,5.17,311.8,30.9,48.8,7.3,7.19,22.9,139.3,73.7,119.9,Flood,117.7,7.08,1,34.85,180.17,3801,300989,684826,383837,13077,13.778,20.6,34.85,56.04883576,0.013777625,332.9,1670.583338,0.34368932
SF12230,Madhya Pradesh,Indore,Rice,Kharif,5.31,653.8,24.3,65.6,8.5,5.99,33.2,124.8,74.6,93.4,Drip,205.3,6.46,0.72,2.3,12.21,21645,342500,264285,-78215,7440,1.641,36.8,2.3,-29.59494485,0.001641129,292.8,28050.77805,0.175543478
SF12231,Karnataka,Raichur,Rice,Rabi,10.73,862.8,22.3,55.9,9.7,6.88,24.5,88.3,71.2,52.4,Drip,221.9,0.77,0.78,3.1,33.26,24006,639745,798440,158695,12494,2.662,63.6,3.1,19.87563248,0.002662078,211.9,19234.66627,0.012106918
SF12232,Andhra Pradesh,Guntur,Groundnut,Kharif,2.14,910.2,29.8,62.8,8.4,6.38,27.9,51.4,85.8,95.9,Rainfed,187,4.6,0.92,1.4,3,40503,146512,121509,-25003,552,5.435,50.3,1.4,-20.5770766,0.005434783,233.1,48837.33333,0.091451292
SF12233,Andhra Pradesh,Krishna,Wheat,Kharif,2.72,1164.7,28.5,53.3,6.7,7.31,29.6,112.9,51.3,86.7,Sprinkler,97.9,2.52,0.81,1.83,4.98,21346,159216,106303,-52913,1346,3.7,64.5,1.83,-49.77564133,0.003699851,250.9,31971.08434,0.039069767
SF12234,Karnataka,Raichur,Chilli,Kharif,13.39,745.8,30,72.1,6,6.45,35.4,89.4,57.2,81.6,Drip,158.9,5.75,0.97,2.81,37.63,103552,835570,3896662,3061092,5980,6.293,54.9,2.81,78.556775,0.006292642,228.2,22204.88972,0.104735883
SF12235,Tamil Nadu,Erode,Cotton,Rabi,10.31,390.5,26,55.2,9.3,5.4,22.6,118.2,52.6,118.9,Sprinkler,90.2,6.44,0.73,0.3,3.09,70282,610860,217171,-393689,8645,0.357,37.2,0.3,-181.2806498,0.000357432,289.7,197689.3204,0.17311828
SF12236,Andhra Pradesh,Krishna,Rice,Kharif,7.62,916.2,27.1,73.7,5.9,7.01,35.5,166.4,49.4,107.3,Drip,144.6,3.81,0.99,4.07,31.01,25657,548585,795624,247039,9251,3.352,65.2,4.07,31.04971695,0.00335207,323.1,17690.58368,0.058435583
SF12237,Gujarat,Rajkot,Chilli,Kharif,12.74,723.4,26.2,69,7.1,6.85,26.4,132.9,90.9,137.5,Flood,186.3,4.52,0.77,3.9,49.69,101780,712027,5057448,4345421,10398,4.779,52.3,3.9,85.92121956,0.004778804,361.3,14329.38217,0.086424474
SF12238,Punjab,Ludhiana,Maize,Rabi,2.04,505.3,24,42.1,9.3,7.16,22,125.4,73.3,76.5,Rainfed,231.6,2.98,0.89,2.88,5.88,19480,134984,114542,-20442,571,10.298,47.1,2.88,-17.84672871,0.010297723,275.2,22956.46259,0.063269639
SF12239,Tamil Nadu,Erode,Maize,Zaid,1.39,424.2,35.3,63.3,6.2,6.66,8.8,125.5,60.9,139.2,Flood,305.7,8.4,0.79,3.11,4.32,26189,122903,113136,-9767,775,5.574,32.4,3.11,-8.632972705,0.005574194,325.6,28449.76852,0.259259259
SF12240,Gujarat,Rajkot,Wheat,Kharif,1.09,842.7,24.4,76.5,9.6,7.24,31.3,86.9,94.3,127.9,Drip,283.9,6.62,0.86,2.59,2.82,25917,84299,73086,-11213,467,6.039,48.8,2.59,-15.3421996,0.006038544,309.1,29893.26241,0.135655738
SF12241,Telangana,Warangal,Wheat,Kharif,14.15,668,29.9,61.3,7.3,6.84,24.1,160.4,53.7,94.7,Flood,277.2,2.67,0.68,3.52,49.81,22824,1014587,1136863,122276,8920,5.584,63.8,3.52,10.75556158,0.005584081,308.8,20369.14274,0.04184953
SF12242,Gujarat,Rajkot,Rice,Kharif,9.24,821.8,27.9,62.8,7.5,6.85,33.3,136.8,51,121.6,Sprinkler,155.5,6.19,0.91,3.59,33.17,23637,615899,784039,168140,12468,2.66,66.4,3.59,21.44536177,0.002660411,309.4,18567.95297,0.093222892
SF12243,Andhra Pradesh,Guntur,Chilli,Kharif,14.43,844.8,30.5,51.9,6.6,6.2,26.5,179.4,46.8,100.3,Rainfed,190.3,6,0.74,1.79,25.83,96368,939685,2489185,1549500,5819,4.439,36.7,1.79,62.24929043,0.004438907,326.5,36379.59737,0.163487738
SF12244,Maharashtra,Nashik,Wheat,Kharif,8.16,843.4,31.8,62.9,7.3,6.63,30.9,146,41.7,113.9,Rainfed,166,6.09,0.85,2.82,23.01,20996,522176,483118,-39058,2155,10.677,53.8,2.82,-8.084567331,0.010677494,301.6,22693.43764,0.113197026
SF12245,Tamil Nadu,Erode,Wheat,Kharif,1.97,724.7,33.4,74.8,7,5.85,31.7,108.8,60.6,85.8,Sprinkler,64.4,7.78,0.82,1.06,2.09,23547,117975,49213,-68762,1013,2.063,43,1.06,-139.7232439,0.002063179,255.2,56447.36842,0.180930233
SF12246,Maharashtra,Nashik,Wheat,Kharif,6,657.2,23.6,78.8,6.8,7.38,27.3,123.9,62.8,103,Flood,130.5,5.85,0.84,1.73,10.38,22650,395225,235107,-160118,4401,2.359,34.5,1.73,-68.10430995,0.002358555,289.7,38075.6262,0.169565217
SF12247,Gujarat,Rajkot,Rice,Kharif,6.31,840.6,29.7,50.1,8.3,7.23,24.6,88.6,42.2,93,Flood,141.4,7.4,0.69,2.05,12.94,23916,408010,309473,-98537,11411,1.134,47.2,2.05,-31.84025747,0.001133994,223.8,31530.9119,0.156779661
SF12248,Gujarat,Rajkot,Wheat,Kharif,12.22,1356.9,33.7,82.5,5.8,6.14,23.9,127.3,65.8,100.3,Flood,290.6,2.57,0.89,1.26,15.4,22754,1057159,350412,-706747,8040,1.915,78.3,1.26,-201.690296,0.001915423,293.4,68646.68831,0.032822478
SF12249,Maharashtra,Nashik,Sugarcane,Kharif,0.64,987.8,25,65.1,6,6.78,44.9,166.3,75.1,81.2,Drip,100.7,0.5,0.98,77.25,49.44,3353,39393,165772,126379,1055,46.863,66.7,77.25,76.23663827,0.046862559,322.6,796.7839806,0.007496252
SF12250,Madhya Pradesh,Indore,Rice,Kharif,9.48,800.9,29.2,76.5,7.5,6.64,25.8,89.5,47.8,134.6,Flood,254.2,8.05,0.65,4.78,45.31,24784,736214,1122963,386749,17411,2.602,57.5,4.78,34.44004834,0.002602378,271.9,16248.37784,0.14
SF12251,Madhya Pradesh,Indore,Groundnut,Zaid,14.04,220.2,32.6,68.7,9.2,6.36,14.9,154.1,51.1,144.6,Drip,136.6,6.79,0.66,1.46,20.5,60972,813051,1249926,436875,5320,3.853,33.6,1.46,34.95206916,0.003853383,349.8,39661.02439,0.202083333
SF12252,Andhra Pradesh,Krishna,Maize,Rabi,7,360.5,26,70.9,7.9,7.03,33.3,90.6,61.5,44.6,Rainfed,281,7.86,0.76,3.23,22.61,23685,536532,535518,-1014,2225,10.162,34.5,3.23,-0.189349378,0.010161798,196.7,23729.85405,0.227826087
SF12253,Madhya Pradesh,Indore,Rice,Zaid,7.29,575.7,32.6,37.3,9.2,6.4,15.3,114.2,28.6,82.3,Sprinkler,176.8,10.36,0.83,2.95,21.51,23273,484968,500602,15634,9559,2.25,19.1,2.95,3.12303986,0.002250235,225.1,22546.16457,0.542408377
SF12254,Maharashtra,Nashik,Rice,Rabi,7.59,763.9,29.5,69.2,8.8,6.84,22.9,168.4,47.4,91.3,Drip,40,5.64,0.83,4.19,31.8,21956,373874,698201,324327,10346,3.074,54.3,4.19,46.45180972,0.003073652,307.1,11757.04403,0.103867403
SF12255,Gujarat,Rajkot,Rice,Kharif,12.19,743.2,24.9,62.3,7.6,6.9,34.2,176.9,42.1,134.3,Rainfed,107.9,8.49,0.78,4.51,54.98,22808,699119,1253984,554865,8749,6.284,36.6,4.51,44.24817223,0.006284147,353.3,12715.8785,0.231967213
SF12256,Maharashtra,Nashik,Cotton,Kharif,4.77,731.7,30.5,71.3,8.3,7.66,32.5,154.2,64.2,150.3,Flood,259.1,5.23,0.83,0.81,3.86,60361,319255,232993,-86262,4274,0.903,55.9,0.81,-37.02342989,0.000903135,368.7,82708.54922,0.093559928
SF12257,Telangana,Nalgonda,Groundnut,Kharif,5.18,581.6,26.1,61.8,6.2,6.43,36,139.9,65.1,100.3,Flood,210.6,7.31,0.7,2.2,11.4,47810,375713,545034,169321,3500,3.257,45.7,2.2,31.06613532,0.003257143,305.3,32957.2807,0.159956236
SF12258,Andhra Pradesh,Guntur,Groundnut,Kharif,12.88,835.9,25.5,72.5,6.2,6.04,28.2,78.2,63.4,118.8,Flood,232.8,7.88,0.94,1.15,14.81,54156,771206,802050,30844,8695,1.703,53.6,1.15,3.845645533,0.001703278,260.4,52073.32883,0.147014925
SF12259,Madhya Pradesh,Indore,Pulses,Kharif,13.61,878.1,29.1,67.7,6.5,7.98,37.2,143.1,37,142.3,Drip,94.6,5.58,0.72,0.3,4.08,72488,824795,295751,-529044,4663,0.875,50.8,0.3,-178.8815591,0.000874973,322.4,202155.6373,0.10984252
SF12260,Gujarat,Rajkot,Rice,Rabi,7.79,489.5,27.3,55.9,8.7,6.19,27,138.6,68.5,129.5,Drip,165.5,5.9,0.88,3.2,24.93,18442,487162,459759,-27403,9422,2.646,29.8,3.2,-5.96029659,0.002645935,336.6,19541.19535,0.197986577
SF12261,Gujarat,Rajkot,Rice,Rabi,6.16,149.4,20.6,77.6,8.3,5.45,20.9,95.7,65.9,135.2,Sprinkler,231.2,5.49,0.69,0.38,2.34,19916,409092,46603,-362489,8439,0.277,41.1,0.38,-777.8233161,0.000277284,296.8,174825.641,0.133576642
SF12262,Andhra Pradesh,Guntur,Groundnut,Rabi,6,105.6,21,50.7,8.1,7.66,29.5,155.3,63.3,54.2,Flood,249.9,3.16,0.8,0.4,2.4,59317,424940,142361,-282579,4151,0.578,45.7,0.4,-198.494672,0.000578174,272.8,177058.3333,0.069146608
SF12263,Gujarat,Rajkot,Wheat,Kharif,4.66,849.1,27.2,60.8,6.4,7.26,32.7,102,63.5,107.9,Drip,40,6.15,0.65,2.5,11.65,26512,265269,308865,43596,2154,5.409,36.9,2.5,14.11490457,0.005408542,273.4,22769.87124,0.166666667
SF12264,Maharashtra,Nashik,Wheat,Rabi,13.95,294.4,25.1,53.3,7.5,6.78,21.2,118.8,85.3,172.6,Flood,216.4,6.1,0.85,2.91,40.59,24210,1024002,982684,-41318,8967,4.527,25.3,2.91,-4.204606974,0.004526598,376.7,25227.93792,0.241106719
SF12265,Telangana,Warangal,Chilli,Rabi,3.34,551.9,24.1,59.9,6.9,6.37,27.7,72.3,80.6,111.5,Rainfed,134.3,1.78,0.95,1.93,6.45,112694,200723,726876,526153,1195,5.397,50.2,1.93,72.3855238,0.00539749,264.4,31119.84496,0.035458167
SF12266,Punjab,Ludhiana,Rice,Rabi,2.8,431.6,27.7,52.3,8.1,6.75,23.6,179.7,15,112.5,Drip,91.2,4.13,0.83,3.77,10.56,23521,145440,248382,102942,3195,3.305,42.1,3.77,41.44503225,0.003305164,307.2,13772.72727,0.098099762
SF12267,Tamil Nadu,Erode,Rice,Zaid,4.15,80,29,37.8,8.8,6.19,22.7,135.3,37.9,90.2,Flood,212.6,3.41,0.98,1.62,6.72,18804,304168,126363,-177805,8303,0.809,41.5,1.62,-140.7097014,0.000809346,263.4,45263.09524,0.082168675
SF12268,Andhra Pradesh,Krishna,Pulses,Rabi,14.23,372.4,24.3,58.4,6.7,5.54,28.7,145.2,50.3,121.4,Rainfed,229,1.99,0.66,0.3,4.27,68010,960704,290403,-670301,3035,1.407,43,0.3,-230.8175191,0.001406919,316.9,224989.2272,0.04627907
SF12269,Telangana,Warangal,Wheat,Kharif,11.95,853.3,26.1,75.6,5.6,7.47,28.7,125.7,71.9,89.1,Flood,189.2,3,0.77,1.55,18.52,25613,799247,474353,-324894,7935,2.334,59.2,1.55,-68.4920302,0.002333963,286.7,43155.88553,0.050675676
SF12270,Karnataka,Raichur,Pulses,Zaid,14.55,80,28.9,58,9.2,6.58,26.1,104.7,66,140.5,Flood,220.6,4.9,0.91,0.92,13.39,59846,1063120,801338,-261782,7973,1.679,36.3,0.92,-32.66811258,0.001679418,311.2,79396.5646,0.134986226
SF12271,Punjab,Ludhiana,Maize,Kharif,10.14,952.1,27.3,72.8,5.3,7.36,33.1,126.4,55,81,Flood,255.3,6,0.8,2.17,22,17260,832199,379720,-452479,6616,3.325,53.9,2.17,-119.1612241,0.003325272,262.4,37827.22727,0.111317254
SF12272,Andhra Pradesh,Krishna,Rice,Rabi,10.03,528.5,22.6,64,6.8,6.72,32.7,75.6,55.5,71,Sprinkler,150.1,4.24,0.92,2.79,27.98,25537,588315,714525,126210,16550,1.691,47,2.79,17.66348273,0.001690634,202.1,21026.26876,0.090212766
SF12273,Punjab,Ludhiana,Rice,Kharif,10.48,1149.9,32.2,89.4,5.8,6.56,37.1,78.8,67.5,100.5,Flood,130.4,5.82,0.68,2.63,27.56,21324,667816,587689,-80127,19573,1.408,70,2.63,-13.63425213,0.001408062,246.8,24231.34978,0.083142857
SF12274,Punjab,Ludhiana,Maize,Kharif,6.96,576.4,28.4,56.6,7.3,7.69,29.9,109,78.6,81.4,Drip,119.4,6.05,0.79,1.69,11.76,19419,444388,228367,-216021,3375,3.484,51.2,1.69,-94.59378982,0.003484444,269,37788.09524,0.118164062
SF12275,Telangana,Nalgonda,Chilli,Rabi,5.52,471.6,26.8,61.8,10.2,5.69,36.2,97,35.8,101.2,Sprinkler,247.5,0.5,0.9,0.68,3.75,97462,347778,365482,17704,2938,1.276,63.4,0.68,4.844014206,0.001276378,234,92740.8,0.007886435
SF12276,Andhra Pradesh,Guntur,Cotton,Zaid,6.51,235.9,29.4,54.9,7.4,7.95,22.6,157.3,47,90.7,Flood,231.3,6.79,0.97,0.299539171,1.95,69401,534671,135332,-399339,6824,0.286,34.2,0.299539171,-295.080986,0.000285756,295,274190.2564,0.198538012
SF12277,Telangana,Nalgonda,Maize,Rabi,5.43,80,24,56,5.5,7.24,29.8,111.6,41,71.9,Drip,40,4.54,0.96,2.47,13.41,23239,315613,311635,-3978,2279,5.884,36.1,2.47,-1.276493334,0.00588416,224.5,23535.64504,0.125761773
SF12278,Tamil Nadu,Erode,Cotton,Kharif,12.01,724.5,31.3,66,7,6.32,26.4,119.2,64.9,141.8,Rainfed,142.4,3.78,0.99,1.9,22.82,71188,747723,1624510,876787,4809,4.745,48,1.9,53.97239783,0.004745269,325.9,32766.12621,0.07875
SF12279,Madhya Pradesh,Indore,Sugarcane,Kharif,1.99,485.9,31.1,77.7,7.4,6.75,37.4,90.7,65.7,84.8,Sprinkler,150.9,2.86,0.74,70.59,140.47,3048,132985,428153,295168,4070,34.514,64.6,70.59,68.9398416,0.034513514,241.2,946.714601,0.044272446
SF12280,Andhra Pradesh,Krishna,Rice,Rabi,7.39,490.8,21.7,44.5,5.4,5.64,23,104.3,72.3,85.9,Flood,174.7,7.39,0.89,0.86,6.36,21482,528800,136626,-392174,13923,0.457,29.5,0.86,-287.0419979,0.000456798,262.5,83144.65409,0.250508475
SF12281,Telangana,Warangal,Sugarcane,Rabi,8.18,517.5,25.4,57,8.1,6.74,24,138.5,69,102.3,Flood,187.9,5.1,0.9,62.43,510.68,3884,529052,1983481,1454429,20305,25.15,36,62.43,73.32709514,0.025150456,309.8,1035.975562,0.141666667
SF12282,Telangana,Nalgonda,Maize,Zaid,12.65,80,29.7,46.8,7.8,7.85,20.2,117.1,56.3,112.6,Sprinkler,69.5,4.97,0.79,0.53,6.7,23670,649709,158589,-491120,6364,1.053,28.8,0.53,-309.6809993,0.001052797,286,96971.49254,0.172569444
SF12283,Andhra Pradesh,Guntur,Sugarcane,Rabi,12.34,504.5,20.4,51.3,8,7.09,19.3,163.1,59.4,136.2,Rainfed,195.9,5.66,0.65,50.85,627.49,4218,678865,2646753,1967888,11017,56.957,26.2,50.85,74.35102558,0.056956522,358.7,1081.873815,0.216030534
SF12284,Karnataka,Raichur,Wheat,Rabi,12.74,611.1,22.9,66.4,6.8,8.4,22.9,130.1,61.8,145.9,Rainfed,132.7,3.15,0.73,0.3,3.82,27704,781389,105829,-675560,3521,1.085,46.8,0.3,-638.3505466,0.001084919,337.8,204552.0942,0.067307692
SF12285,Punjab,Ludhiana,Pulses,Kharif,3.02,1152.8,30.2,64.6,6,6.54,36.3,86.8,90.7,87.1,Rainfed,94.4,0.78,0.99,0.87,2.63,73320,173844,192832,18988,629,4.181,51.2,0.87,9.846913375,0.00418124,264.6,66100.38023,0.015234375
SF12286,Andhra Pradesh,Guntur,Groundnut,Kharif,6,825.7,25.2,79.8,6.9,6.12,26.4,88.7,67,78,Drip,108.2,7.95,0.67,1.63,9.78,63497,334726,621001,286275,2763,3.54,44.8,1.63,46.09895958,0.003539631,233.7,34225.56237,0.177455357
SF12287,Maharashtra,Nashik,Wheat,Rabi,6.67,141.7,26.9,57.6,6.4,5.96,23.1,153.1,79.8,50.5,Drip,106.7,0.85,0.88,1.34,8.94,20474,373520,183038,-190482,3125,2.861,57.2,1.34,-104.0669151,0.0028608,283.4,41780.76063,0.01486014
SF12288,Andhra Pradesh,Guntur,Wheat,Rabi,6.95,80,24.4,66.8,8.9,5.91,17.3,113.5,57.9,74.5,Rainfed,191.7,3.63,0.88,0.82,5.7,23523,418252,134081,-284171,2427,2.349,38.4,0.82,-211.9397976,0.002348578,245.9,73377.54386,0.09453125
SF12289,Telangana,Nalgonda,Pulses,Kharif,11.01,850.7,29,79.4,6.6,6.6,32,171.7,64.7,125.6,Flood,155.6,4.86,0.87,1.92,21.14,69874,577399,1477136,899737,4914,4.302,71.4,1.92,60.91091139,0.004301994,362,27313.10312,0.068067227
SF12290,Telangana,Nalgonda,Rice,Zaid,1.89,593.9825243,34.8,57.8,10.4,7.14,20.6,84.7,102.4,117.2,Rainfed,159.5,4.07,0.89,1.67,3.16,23100,103869,72996,-30873,1369,2.308,41.3,1.67,-42.29409831,0.002308254,304.3,32869.93671,0.098547215
SF12291,Tamil Nadu,Erode,Cotton,Kharif,12.39,727.6,30.5,82.2,6.8,5.99,29.6,76.9,56,43.2,Flood,227.2,6.54,0.76,0.99,12.27,64357,916015,789660,-126355,12946,0.948,67.5,0.99,-16.00119039,0.000947783,176.1,74654.84923,0.096888889
SF12292,Andhra Pradesh,Krishna,Maize,Rabi,9.44,443.2,19.3,50.6,8.3,7.48,26.1,175.2,60.3,78.4,Flood,102.9,5.4,0.77,1.8,16.99,17425,652820,296051,-356769,7949,2.137,41.4,1.8,-120.5093041,0.002137376,313.9,38423.77869,0.130434783
SF12293,Maharashtra,Nashik,Wheat,Rabi,3.95,520.3,28.5,53.2,7.1,7.02,26.9,179.6,34.1,100,Flood,197.7,6.2,0.72,3.31,13.07,24589,210050,321378,111328,2634,4.962,42.9,3.31,34.64082793,0.004962035,313.7,16071.15532,0.144522145
SF12294,Tamil Nadu,Erode,Groundnut,Kharif,11.52,985.7,29.4,89.8,5.2,6.8,37.9,130.8,59.2,132.6,Flood,185.7,3.79,0.89,1.88,21.66,51038,862775,1105483,242708,7052,3.071,61.1,1.88,21.9549283,0.003071469,322.6,39832.64081,0.06202946
SF12295,Gujarat,Rajkot,Sugarcane,Rabi,7.36,309.3,24.8,80.1,5.8,6.01,31,110.4,35.1,125.4,Rainfed,248.8,5.45,0.86,27.22,200.34,3170,439596,635078,195482,7844,25.541,47.8,27.22,30.78078598,0.025540541,270.9,2194.249775,0.114016736
SF12296,Andhra Pradesh,Krishna,Wheat,Kharif,1.33,828.7,25.6,66.3,5.8,5.2,31.9,128.8,31.5,115.3,Flood,236.8,7,0.95,0.3,0.4,26330,88040,10532,-77508,978,0.409,42.1,0.3,-735.9285986,0.000408998,275.6,220100,0.166270784
SF12297,Maharashtra,Nashik,Cotton,Kharif,2.42,838.3,31.2,80.2,7.6,6.55,41.7,91.6,45.3,120.4,Drip,117.6,1.66,0.65,1.9,4.6,76706,133552,352848,219296,1775,2.592,82.3,1.9,62.15027434,0.002591549,257.3,29033.04348,0.020170109
SF12298,Andhra Pradesh,Guntur,Cotton,Zaid,3.3,139.6,25.6,57,7.6,7.03,21.9,105.8,59.9,98.1,Sprinkler,155,6.71,0.81,1.45,4.78,74129,172204,354337,182133,2476,1.931,30.7,1.45,51.40106735,0.001930533,263.8,36025.94142,0.218566775
SF12299,Andhra Pradesh,Guntur,Rice,Rabi,8.97,265.1,24,55.6,6.2,5.94,24.1,124.9,66,117.1,Flood,201,7.41,0.66,1.39,12.47,20548,712730,256234,-456496,17384,0.717,23.3,1.39,-178.1559044,0.000717326,308,57155.57338,0.318025751
SF12300,Punjab,Ludhiana,Pulses,Kharif,2.66,578.1,30.7,75.7,6.8,6.57,32.7,92.5,69.6,118.6,Drip,310.7,1.54,0.96,1.6,4.26,71261,237308,303572,66264,791,5.386,59.6,1.6,21.82810009,0.005385588,280.7,55706.10329,0.025838926
SF12301,Gujarat,Rajkot,Groundnut,Rabi,6.96,549,21.3,58.7,7.6,7.29,34.4,93.4,85.3,128.7,Flood,184.3,3.63,0.7,1.28,8.91,57542,380106,512699,132593,4470,1.993,51.9,1.28,25.86176294,0.001993289,307.4,42660.60606,0.069942197
SF12302,Maharashtra,Nashik,Maize,Zaid,2.67,297.4,30.8,50.8,10,6.16,16.3,132.3,28.2,123.1,Sprinkler,217.4,5.29,0.78,2.4,6.41,20692,181111,132636,-48475,1644,3.899,28.1,2.4,-36.54739286,0.003899027,283.6,28254.44618,0.188256228
SF12303,Telangana,Warangal,Chilli,Kharif,8.92,936.2,29.8,80.8,6.7,7.05,29.1,143.2,52.7,87.9,Flood,187.1,8.3,1,2.11,18.82,96919,629166,1824016,1194850,5454,3.451,39.2,2.11,65.50655257,0.003450678,283.8,33430.71201,0.211734694
SF12304,Gujarat,Rajkot,Wheat,Kharif,13.92,581.1,27.9,84.5,6.5,7.65,25.6,148.9,71.2,141.7,Flood,235,5.35,0.86,1.09,15.17,20534,847514,311501,-536013,9969,1.522,63.4,1.09,-172.074247,0.001521717,361.8,55867.76533,0.084384858
SF12305,Gujarat,Rajkot,Rice,Zaid,10.56,357.6,31,45.5,8.4,6.65,22.9,77.6,69.7,127.5,Flood,100.4,3.98,0.95,2.34,24.71,26828,678320,662920,-15400,22224,1.112,49.8,2.34,-2.323055572,0.001111861,274.8,27451.23432,0.079919679
SF12306,Andhra Pradesh,Guntur,Rice,Kharif,12,642.2,29.5,68.5,8.2,5.94,27.3,140.3,71.9,150,Flood,219.5,1.37,1,2.36,28.32,24146,799974,683815,-116159,24171,1.172,59.8,2.36,-16.98690435,0.001171652,362.2,28247.66949,0.022909699
SF12307,Telangana,Warangal,Wheat,Kharif,10.16,835.1,31.6,76.1,8.5,7,35.4,95.6,35.8,104.9,Flood,216,6.21,0.66,2.76,28.04,26584,680492,745415,64923,7758,3.614,46,2.76,8.709644963,0.003614334,236.3,24268.61626,0.135
SF12308,Gujarat,Rajkot,Maize,Rabi,7.42,314.9,24.6,65.9,7,7.61,19.9,105.7,41.9,89.3,Sprinkler,124.4,3.81,0.68,1.12,8.31,19645,515004,163250,-351754,4199,1.979,58.9,1.12,-215.4695253,0.001979043,236.9,61974.00722,0.064685908
SF12309,Punjab,Ludhiana,Groundnut,Rabi,5.1,80,23.9,77.6,7.8,7.07,24.2,129.3,74.6,141.9,Rainfed,250.1,3.74,0.67,1.28,6.53,57659,368970,376513,7543,1607,4.063,41,1.28,2.003383681,0.004063472,345.8,56503.82848,0.091219512
SF12310,Telangana,Nalgonda,Maize,Kharif,14.54,1010.3,27.4,73.7,7.6,6.36,29.3,86.2,60.9,113.6,Drip,240.7,2.74,0.72,3.91,56.85,16950,983123,963608,-19515,6790,8.373,56.3,3.91,-2.025201119,0.008372607,260.7,17293.28056,0.048667851
SF12311,Tamil Nadu,Erode,Wheat,Kharif,7.93,1016.7,25.2,68.8,6.3,6.01,23.8,62.2,87.8,151.4,Flood,168.1,5.23,0.79,1.74,13.8,21935,556803,302703,-254100,6682,2.065,59.6,1.74,-83.94366756,0.00206525,301.4,40348.04348,0.087751678
SF12312,Telangana,Nalgonda,Cotton,Rabi,4.74,443.9,26.3,56,6.2,7.6,21.2,141.7,45.8,96.9,Rainfed,198.7,4.71,0.81,0.6,2.84,78669,270580,223420,-47160,1994,1.424,41.4,0.6,-21.10822666,0.001424273,284.4,95274.64789,0.113768116
SF12313,Madhya Pradesh,Indore,Rice,Kharif,9.25,900.9,24,71.8,5.7,7.77,29.6,111.5,50.6,119.9,Rainfed,219.4,2.39,0.75,0.54,5,22110,649509,110550,-538959,7654,0.653,54.1,0.54,-487.5251018,0.000653253,282,129901.8,0.044177449
SF12314,Punjab,Ludhiana,Rice,Kharif,6.42,994,30,74.3,7,6.02,40.6,115.5,49.3,108.1,Rainfed,140.3,5.89,0.8,1.63,10.46,24260,375931,253760,-122171,5328,1.963,64.8,1.63,-48.14430958,0.001963213,272.9,35939.86616,0.090895062
SF12315,Tamil Nadu,Erode,Sugarcane,Kharif,2.65,883.2,29,90,7.1,5.2,28.5,151.1,72.3,104.5,Drip,147.1,7.56,0.96,5.22,13.83,3479,203037,48115,-154922,4456,3.104,55.9,5.22,-321.9827497,0.00310368,327.9,14680.91106,0.135241503
SF12316,Punjab,Ludhiana,Cotton,Rabi,13.94,80,26,46.7,6.4,7.11,26.4,124.7,49.3,114.1,Rainfed,160.7,2.3,0.81,0.79,11.01,70367,839852,774741,-65111,5487,2.007,43.6,0.79,-8.404227994,0.002006561,288.1,76280.8356,0.052752294
SF12317,Punjab,Ludhiana,Sugarcane,Rabi,6.29,376.4,25.7,41.7,7.6,6.13,25.7,138.1,31.8,95.7,Flood,177.6,0.5,0.93,41.16,258.9,3246,443773,840389,396616,14771,17.528,42.7,41.16,47.194335,0.017527588,265.6,1714.07107,0.011709602
SF12318,Gujarat,Rajkot,Maize,Rabi,6.24,388.9,25,61,8,7.44,22.6,130.1,70.7,81.2,Flood,215,4.53,0.97,1.97,12.29,21611,503271,265599,-237672,4309,2.852,41.5,1.97,-89.48527668,0.00285217,282,40949.63385,0.109156627
SF12319,Madhya Pradesh,Indore,Rice,Kharif,14.11,708.3,28.3,55.1,6.8,6.62,27.6,169.1,68.5,106.1,Drip,325.1,4.44,0.9,5.7,80.43,26871,1107350,2161235,1053885,20729,3.88,41.8,5.7,48.76309147,0.003880071,343.7,13767.87268,0.106220096
SF12320,Telangana,Warangal,Cotton,Kharif,0.71,720.1,26.1,69.3,8,6.14,34.9,60.4,69.7,120.5,Flood,41.9,7.85,0.81,1.51,1.07,62460,46195,66832,20637,592,1.807,51.5,1.51,30.87892028,0.001807432,250.6,43172.8972,0.152427184
SF12321,Tamil Nadu,Erode,Wheat,Rabi,6.74,448.7,24.2,54.6,9.1,6.1,22.4,119.5,39.7,100.4,Sprinkler,234.2,1.34,0.79,1.86,12.54,24174,445592,303142,-142450,3414,3.673,46.4,1.86,-46.99117905,0.003673111,259.6,35533.65231,0.02887931
SF12322,Madhya Pradesh,Indore,Pulses,Kharif,3.94,567.5,27.8,64.5,7,5.87,26.9,71.5,46,97.2,Sprinkler,247.1,3.48,0.73,0.54,2.13,62438,288294,132993,-155301,1534,1.389,58.8,0.54,-116.7738152,0.001388527,214.7,135349.2958,0.059183673
SF12323,Madhya Pradesh,Indore,Groundnut,Rabi,6.81,337.5,22.4,61.5,7.7,6.8,23.5,139.4,67,130.9,Drip,275.4,5.43,0.69,2.07,14.1,49939,494974,704140,209166,3477,4.055,40.5,2.07,29.70517227,0.00405522,337.3,35104.53901,0.134074074
SF12324,Telangana,Warangal,Rice,Rabi,6.99,729.7,20.5,59.7,7.3,7.67,23.6,120.3,30.6,108.2,Flood,188.9,3.79,0.93,0.79,5.52,23734,529362,131012,-398350,12677,0.435,55.2,0.79,-304.056117,0.000435434,259.1,95898.91304,0.06865942
SF12325,Maharashtra,Nashik,Chilli,Kharif,10.46,806.3,28,78,7.9,6.39,38.4,140.7,62.7,100.8,Rainfed,179.8,0.5,0.82,2.45,25.63,103492,635838,2652500,2016662,3888,6.592,60.8,2.45,76.02872762,0.006592078,304.2,24808.34959,0.008223684
SF12326,Gujarat,Rajkot,Cotton,Kharif,7.26,1092.2,26.4,63.4,7.9,6.55,28.9,161.7,68.3,136.2,Drip,62.9,7.45,0.99,2.18,15.83,65219,404316,1032417,628101,5433,2.914,51.8,2.18,60.83791724,0.002913676,366.2,25541.12445,0.143822394
SF12327,Maharashtra,Nashik,Maize,Rabi,1.71,279.6,17.5,69.8,8.4,6.07,31.6,124.2,48.4,83.4,Rainfed,205.5,5.25,0.93,1.4,2.39,19136,96882,45735,-51147,620,3.855,36.8,1.4,-111.833388,0.003854839,256,40536.40167,0.142663043
SF12328,Gujarat,Rajkot,Maize,Kharif,4.73,641.6,28.2,58.1,7.6,5.52,27.1,91.8,79.6,170,Flood,216.7,5.21,0.99,0.83,3.93,22022,304764,86546,-218218,4162,0.944,43.3,0.83,-252.1410579,0.000944258,341.4,77548.0916,0.120323326
SF12329,Maharashtra,Nashik,Rice,Rabi,5.21,284.3,18.7,41.3,8.6,6.52,25.5,102.5,64.5,84.6,Rainfed,198.4,8.74,0.91,2,10.42,21204,344328,220946,-123382,4212,2.474,22.2,2,-55.84260408,0.002473884,251.6,33044.91363,0.393693694
SF12330,Gujarat,Rajkot,Wheat,Kharif,0.57,719.7,28.5,54.5,5.6,7.14,27.9,105.4,49.3,126.9,Flood,165.2,7.19,0.88,2.39,1.36,27011,39044,36735,-2309,455,2.989,36.2,2.39,-6.285558731,0.002989011,281.6,28708.82353,0.198618785
SF12331,Madhya Pradesh,Indore,Rice,Kharif,8.23,699.7,30,71.9,7,7.97,30.3,108,74.1,87.3,Flood,164.2,5.22,0.81,0.47,3.87,19130,640286,74033,-566253,15798,0.245,59.9,0.47,-764.865668,0.000244968,269.4,165448.5788,0.087145242
SF12332,Maharashtra,Nashik,Chilli,Zaid,7.59,248.1,36,41.6,7.2,6.24,17.6,162.8,81.8,110.2,Drip,106.3,2.73,0.79,1.33,10.09,103252,443990,1041813,597823,3816,2.644,43.3,1.33,57.38294684,0.00264413,354.8,44002.97324,0.063048499
SF12333,Telangana,Nalgonda,Rice,Zaid,12.01,80,29.6,50,8.1,6.83,24.2,125.2,79.9,118.9,Flood,153.4,7.34,0.74,2.19,26.3,22370,910631,588331,-322300,21607,1.217,35.9,2.19,-54.78208695,0.001217198,324,34624.75285,0.204456825
SF12334,Tamil Nadu,Erode,Wheat,Rabi,13.93,840.4,25.6,53.3,6.8,7.16,28.4,96.8,58.3,124.8,Sprinkler,272.6,7.03,0.86,2.81,39.14,25262,1146803,988755,-158048,8659,4.52,46.2,2.81,-15.98454622,0.004520152,279.9,29300.02555,0.152164502
SF12335,Maharashtra,Nashik,Rice,Rabi,3.9,550.7,20,61.1,8.5,6.08,23.1,42.7,45.6,30,Sprinkler,126.6,4.13,0.86,2.03,7.92,19219,211284,152214,-59070,5367,1.476,34.3,2.03,-38.80720564,0.001475685,118.3,26677.27273,0.120408163
SF12336,Karnataka,Raichur,Maize,Kharif,3.63,1163.9,31.2,88.3,6.6,7.21,28.2,53.2,80.6,158.8,Flood,247.6,7.28,0.98,2.43,8.82,22219,277824,195972,-81852,2760,3.196,51.5,2.43,-41.76719123,0.003195652,292.6,31499.31973,0.141359223
SF12337,Andhra Pradesh,Krishna,Rice,Zaid,9.83,178.5,32.6,58.5,7.4,6.3,20.9,146.9,54.3,76.1,Flood,162.6,8.65,0.95,1.77,17.4,22120,638363,384888,-253475,21276,0.818,18.7,1.77,-65.85682069,0.000817823,277.3,36687.52874,0.462566845
SF12338,Karnataka,Raichur,Chilli,Rabi,8.9,497.5,22.1,61.3,5.3,6.65,27.5,128.1,83.6,132.6,Flood,268.3,2.51,0.74,2.4,21.36,96265,717340,2056220,1338880,6609,3.232,59.7,2.4,65.11365515,0.003231956,344.3,33583.33333,0.042043551
SF12339,Punjab,Ludhiana,Cotton,Kharif,8.83,775.5,27.7,50.7,5.6,7.34,33.3,113.7,36.4,98.4,Rainfed,194.6,6.32,0.73,0.98,8.65,56692,602094,490386,-111708,3169,2.73,49.8,0.98,-22.77960627,0.002729568,248.5,69606.24277,0.126907631
SF12340,Madhya Pradesh,Indore,Pulses,Rabi,8.86,753.2,24.9,59.2,10.2,7.38,23.2,82.4,69.5,81.3,Sprinkler,183.3,8.02,0.73,0.91,8.06,74278,670596,598681,-71915,3275,2.461,39,0.91,-12.01224024,0.002461069,233.2,83200.49628,0.205641026
SF12341,Andhra Pradesh,Guntur,Cotton,Kharif,1.11,751.9,30.5,61.6,7.3,6.54,27.8,138.9,54.2,65,Flood,87.5,9.62,0.86,1.87,2.08,65669,71744,136592,64848,1095,1.9,28,1.87,47.47569404,0.001899543,258.1,34492.30769,0.343571429
SF12342,Andhra Pradesh,Krishna,Wheat,Rabi,11.81,80,28.3,46.6,7.3,6.87,27.9,118,58.2,86.3,Flood,138.8,6.21,0.75,2.41,28.46,25890,780848,736829,-44019,7861,3.62,16.9,2.41,-5.974113397,0.003620405,262.5,27436.68306,0.367455621
SF12343,Telangana,Nalgonda,Rice,Zaid,8.34,414.3,30.3,59.3,8.7,5.28,22.8,114.2,73.4,114.9,Flood,247.1,3.15,0.84,0.3,2.5,20764,515257,51910,-463347,15781,0.158,51.1,0.3,-892.5968022,0.000158418,302.5,206102.8,0.061643836
SF12344,Karnataka,Raichur,Sugarcane,Rabi,9.63,409.1,27,45.2,5.4,7.84,20,125.5,49.2,122.4,Rainfed,119.5,2.32,0.99,14.04,135.21,3766,421711,509201,87490,8949,15.109,47.5,14.04,17.18182015,0.015108951,297.1,3118.933511,0.048842105
SF12345,Telangana,Nalgonda,Chilli,Zaid,4.61,80,26.5,63.3,8.8,6.57,29.1,162.2,54.1,140.2,Sprinkler,191.9,5.56,0.84,1.93,8.9,104908,298306,933681,635375,2710,3.284,27.2,1.93,68.05054403,0.003284133,356.5,33517.52809,0.204411765
SF12346,Karnataka,Raichur,Rice,Rabi,0.76,577.5,26.1,73.9,5.8,7.68,20.4,141.9,38.7,148.7,Flood,135.6,6.15,0.85,1.18,0.9,24370,47057,21933,-25124,1440,0.625,44.7,1.18,-114.5488533,0.000625,329.3,52285.55556,0.137583893
SF12347,Karnataka,Raichur,Maize,Kharif,8.19,759.6,32.7,66.5,7.4,7.33,41.8,96.3,65.1,131.3,Rainfed,200.9,3.05,0.69,2.28,18.67,18023,527816,336489,-191327,2858,6.533,51.7,2.28,-56.8598082,0.00653254,292.7,28270.80878,0.058994197
SF12348,Madhya Pradesh,Indore,Pulses,Rabi,10.4,400.1,27.6,42.7,9.1,8.03,28.7,143.5,53.5,119.3,Flood,155.3,6.55,0.92,0.3,3.12,94498,559969,294834,-265135,5003,0.624,28,0.3,-89.92687411,0.000623626,316.3,179477.2436,0.233928571
SF12349,Andhra Pradesh,Krishna,Cotton,Rabi,5.58,750.8,21.8,42,7.6,6.77,24.4,86.2,51.5,122.6,Sprinkler,129.3,2.96,0.9,1.69,9.43,70074,397191,660798,263607,4429,2.129,50.6,1.69,39.89222122,0.002129149,260.3,42119.93637,0.058498024
SF12350,Tamil Nadu,Erode,Pulses,Rabi,6.07,771,21.2,76.7,6.4,5.36,18.1,80.2,66,115.6,Flood,265.7,3.8,0.65,0.3,1.82,62765,453256,114232,-339024,2661,0.684,51.7,0.3,-296.7854892,0.000683953,261.8,249041.7582,0.073500967
SF12351,Karnataka,Raichur,Chilli,Zaid,11.3,576,30.7,48.8,8.7,5.68,15.9,109.5,48.4,138,Flood,147.4,1.81,0.67,0.56,6.33,101799,758215,644388,-113827,7997,0.792,66.2,0.56,-17.6643575,0.000791547,295.9,119781.2006,0.02734139
SF12352,Maharashtra,Nashik,Sugarcane,Rabi,1.43,467.5,21,50.7,6.1,5.8,28.8,124.8,59,61.7,Flood,123.3,6.53,0.82,21.08,30.14,4380,88951,132013,43062,4329,6.962,39.9,21.08,32.61951474,0.006962347,245.5,2951.260783,0.163659148
SF12353,Telangana,Nalgonda,Maize,Rabi,7.24,382.1,24.6,50.8,6.7,6.68,18.9,136.4,59.9,137,Flood,233.9,6.46,0.72,3.67,26.57,17424,547461,462956,-84505,5490,4.84,30.5,3.67,-18.25335453,0.004839709,333.3,20604.47874,0.211803279
SF12354,Andhra Pradesh,Krishna,Rice,Rabi,10.09,265,23.1,43.7,8,6.61,33,121.1,37,99.5,Flood,245.7,4.74,0.75,2.62,26.44,24394,833287,644977,-188310,18396,1.437,27.6,2.62,-29.19638995,0.001437269,257.6,31516.14977,0.17173913
SF12355,Telangana,Nalgonda,Maize,Kharif,1.42,972.5,27,67.8,7.9,6.29,34.5,132.8,88.2,108.1,Rainfed,167.2,1.47,0.71,3.42,4.86,21094,79289,102517,23228,460,10.565,56.8,3.42,22.65770555,0.010565217,329.1,16314.60905,0.025880282
SF12356,Telangana,Warangal,Cotton,Rabi,13.23,628.4222488,21.5,49.1,7.8,5.87,23.5,128.8,50,64.3,Sprinkler,173.4,5.5,0.68,0.52,6.88,55912,876264,384675,-491589,9043,0.761,32.6,0.52,-127.793332,0.000760809,243.1,127363.9535,0.168711656
SF12357,Andhra Pradesh,Guntur,Wheat,Rabi,11.63,289.3,20.1,59.5,6.6,5.97,28.7,111.8,58.3,144.9,Flood,115.7,6.79,0.99,1.04,12.1,26464,843168,320214,-522954,7146,1.693,41.2,1.04,-163.3139088,0.001693255,315,69683.30579,0.164805825
SF12358,Gujarat,Rajkot,Cotton,Kharif,4.25,1042.7,28.4,76.4,6.9,7.79,27.3,133,67.9,108.7,Flood,251.7,6.4,0.8,0.33,1.4,65782,291205,92095,-199110,5009,0.279,45.4,0.33,-216.2006624,0.000279497,309.6,208003.5714,0.140969163
SF12359,Punjab,Ludhiana,Rice,Rabi,5.59,392.6,25.5,53.6,9,6.52,35,99.2,52.3,121.5,Flood,153,5.34,0.78,3.53,19.73,21492,335488,424037,88549,9960,1.981,36.1,3.53,20.88237583,0.001980924,273,17003.95337,0.147922438
SF12360,Tamil Nadu,Erode,Maize,Kharif,10.13,930.6,27.1,62.9,7.2,6.84,34.6,139.7,82.9,104.4,Rainfed,293,4.3,0.68,4.28,43.36,22258,804906,965107,160201,3526,12.297,47.4,4.28,16.59929935,0.012297221,327,18563.33026,0.0907173
SF12361,Andhra Pradesh,Krishna,Sugarcane,Zaid,8.18,338.7,29.5,46.7,5.7,5.91,29.4,131.5,84,98.1,Flood,249,6.63,0.74,27.46,224.62,3324,614528,746637,132109,15281,14.699,36.3,27.46,17.69387266,0.0146993,313.6,2735.856113,0.182644628
SF12362,Gujarat,Rajkot,Groundnut,Zaid,3.62,202,25.1,34.6,8.2,7.36,21,161.3,49.7,116.4,Drip,207.7,7.68,0.72,0.79,2.86,54520,306656,155927,-150729,1596,1.792,35.3,0.79,-96.66638876,0.00179198,327.4,107222.3776,0.217563739
SF12363,Karnataka,Raichur,Cotton,Kharif,4.65,859.2,29.5,57.8,7.5,5.52,39,164.5,71.4,112.6,Flood,255,4.44,0.73,0.33,1.53,76696,260969,117345,-143624,4724,0.324,47,0.33,-122.3946483,0.000323878,348.5,170567.9739,0.094468085
SF12364,Karnataka,Raichur,Chilli,Rabi,8.27,398,19.3,57,9.2,6.75,23.1,143.3,79.4,96.2,Flood,116.6,5.63,0.91,2.02,16.71,114087,579989,1906394,1326405,6726,2.484,51.5,2.02,69.57664575,0.002484389,318.9,34709.09635,0.109320388
SF12365,Andhra Pradesh,Guntur,Rice,Zaid,14.54,80,36.4,54.1,8.3,6.05,19.3,111.9,51.7,96.4,Flood,236.1,3.33,0.84,1.11,16.14,23938,972251,386359,-585892,26615,0.606,53.8,1.11,-151.644455,0.000606425,260,60238.59975,0.061895911
SF12366,Telangana,Warangal,Groundnut,Kharif,7.97,1040.9,27.8,74.9,6,6.19,33.2,98.5,81.3,76,Sprinkler,98.4,4.57,0.7,1.56,12.43,56066,469058,696900,227842,4358,2.852,50.7,1.56,32.69364328,0.002852226,255.8,37735.96138,0.090138067
SF12367,Andhra Pradesh,Guntur,Pulses,Kharif,10.7,517.4,29.4,73.9,7.5,6.2,36.2,153.2,34.8,101.5,Sprinkler,168.1,4.97,0.84,1.01,10.81,64990,627667,702542,74875,4545,2.378,56,1.01,10.6577258,0.002378438,289.5,58063.55227,0.08875
SF12368,Telangana,Nalgonda,Cotton,Kharif,4.72,877.3,28.3,73.9,6,6.04,26.9,147.6,38.6,59.2,Rainfed,130.2,1.89,0.83,1.11,5.24,66761,263492,349828,86336,2044,2.564,73.2,1.11,24.67955681,0.002563601,245.4,50284.73282,0.025819672
SF12369,Maharashtra,Nashik,Pulses,Kharif,5.72,957.2,31.2,77.8,7.4,6.16,33.9,147.3,57.9,50.6,Sprinkler,237.4,6.59,0.79,0.96,5.49,73357,439537,402730,-36807,2037,2.695,62.3,0.96,-9.139373774,0.00269514,255.8,80061.38434,0.105778491
SF12370,Telangana,Warangal,Pulses,Zaid,8.87,266.2,32.1,60.9,6.4,6.92,12.2,158.9,62.9,119.2,Drip,184.1,3.01,0.7,1.16,10.29,77889,584189,801478,217289,2929,3.513,47.2,1.16,27.11103736,0.003513144,341,56772.49757,0.063771186
SF12371,Andhra Pradesh,Krishna,Groundnut,Kharif,7.89,593,29.3,81.7,7.7,7.49,30.5,112,53.3,88.2,Flood,226.8,1.39,0.74,1.05,8.28,62229,467881,515256,47375,5981,1.384,60.6,1.05,9.194458677,0.001384384,253.5,56507.36715,0.022937294
SF12372,Telangana,Nalgonda,Maize,Kharif,10.41,787.6,32.1,79.4,5.2,8.33,36.4,66.3,75.4,121.7,Drip,267.6,1.86,0.69,0.3,3.12,20152,712373,62874,-649499,4191,0.744,64.4,0.3,-1033.016827,0.000744452,263.4,228324.6795,0.028881988
SF12373,Andhra Pradesh,Krishna,Rice,Kharif,12.48,564.1,29.3,60.4,5.7,7.03,33.3,146.7,101.2,125.8,Drip,225.7,3.99,0.87,4.34,54.16,23909,746051,1294911,548860,15966,3.392,49.3,4.34,42.38592459,0.003392208,373.7,13774.94461,0.080933063
SF12374,Tamil Nadu,Erode,Maize,Rabi,11.79,689.4,21.8,65.5,7.8,6.08,26.9,147.7,89.9,60.3,Drip,252.4,3.42,0.8,3.67,43.27,25136,807350,1087635,280285,6427,6.733,48.8,3.67,25.77013428,0.006732535,297.9,18658.42385,0.070081967
SF12375,Tamil Nadu,Erode,Rice,Zaid,1.72,332.5,29.3,41.9,7.8,6.38,26.4,143.7,25.7,113.8,Drip,78.2,4,0.84,2.84,4.88,23918,93158,116720,23562,2294,2.127,33.2,2.84,20.18677176,0.002127289,283.2,19089.7541,0.120481928
SF12376,Punjab,Ludhiana,Wheat,Kharif,2.81,998.5,27.4,75.5,7.8,6.27,32.2,86.6,35.4,86.5,Rainfed,245.2,7.34,0.93,2.06,5.79,24729,178365,143181,-35184,748,7.741,54.1,2.06,-24.5730928,0.007740642,208.5,30805.69948,0.135674677
SF12377,Telangana,Nalgonda,Rice,Kharif,3.54,1255.9,24.8,69.3,5.9,6.27,27,164.5,45.5,178,Rainfed,217.8,4.52,0.68,2.12,7.5,20613,224522,154598,-69924,3087,2.43,57.3,2.12,-45.22956313,0.002429543,388,29936.26667,0.078883072
SF12378,Karnataka,Raichur,Chilli,Rabi,2.08,519.6,25.4,52.5,7.5,7.14,20.1,143.8,54.5,70.9,Flood,218.3,4.98,0.93,2.05,4.26,102018,153080,434597,281517,1500,2.84,39.9,2.05,64.77656311,0.00284,269.2,35934.2723,0.12481203
SF12379,Karnataka,Raichur,Rice,Rabi,13.55,333.6,21.3,59.2,7,6.47,25.2,103.9,69.9,160.7,Flood,150.9,1.56,0.93,2.71,36.72,21144,888026,776408,-111618,26265,1.398,45.6,2.71,-14.37620426,0.001398058,334.5,24183.7146,0.034210526
SF12380,Telangana,Warangal,Rice,Kharif,14.29,720.3,24.9,88.2,6.1,6.57,31.9,83.9,62.3,75.4,Sprinkler,149.8,3.91,0.81,3.39,48.44,20481,859047,992100,133053,18953,2.556,63,3.39,13.41124887,0.002555796,221.6,17734.24855,0.062063492
SF12381,Karnataka,Raichur,Cotton,Kharif,11.96,911.5,23.7,73,6.7,7.19,31.1,124.1,47.9,88.8,Rainfed,147.2,3.94,0.9,1.03,12.32,67697,613242,834027,220785,5407,2.279,62,1.03,26.47216457,0.002278528,260.8,49776.13636,0.063548387
SF12382,Andhra Pradesh,Guntur,Pulses,Kharif,4.87,1018.7,28.9,55.9,7.1,6.42,36,101.9,56,121,Drip,252,9.37,0.9,1.37,6.67,64215,429679,428314,-1365,1186,5.624,32.5,1.37,-0.318691427,0.005623946,278.9,64419.64018,0.288307692
SF12383,Telangana,Warangal,Chilli,Rabi,12.12,488.1,24.9,58.7,8.1,7.64,21.9,62.9,74.5,93.2,Flood,208.1,4.8,0.89,0.77,9.33,106892,890608,997302,106694,9704,0.961,41.8,0.77,10.69826392,0.000961459,230.6,95456.37728,0.114832536
SF12384,Tamil Nadu,Erode,Cotton,Kharif,12.01,1040.6,32.1,65.1,7.7,6.87,40.9,159.6,76.2,103.2,Drip,241.3,3.07,0.94,1.63,19.58,74292,986714,1454637,467923,8008,2.445,61.4,1.63,32.1676817,0.002445055,339,50393.97344,0.05
SF12385,Telangana,Warangal,Pulses,Kharif,0.68,742.1,30.3,68.9,7.1,6.93,29.2,153.1,51.6,102.5,Flood,234.3,4.38,0.72,1.41,0.96,62917,49068,60400,11332,253,3.794,54.1,1.41,18.7615894,0.003794466,307.2,51112.5,0.080961183
SF12386,Andhra Pradesh,Krishna,Pulses,Rabi,7.42,391.6,25.5,55.4,7.2,6.93,15.1,126.5,43.4,99.4,Flood,182.7,8.71,0.83,1.17,8.68,71519,645372,620785,-24587,3986,2.178,45.6,1.17,-3.960630492,0.002177622,269.3,74351.6129,0.191008772
SF12387,Andhra Pradesh,Guntur,Maize,Kharif,7.09,885.4,27.3,75.2,6.5,6.86,33.3,94.9,70.8,87.2,Flood,324.8,7.51,0.83,3.96,28.08,19154,527562,537844,10282,4016,6.992,45.5,3.96,1.91170674,0.006992032,252.9,18787.82051,0.165054945
SF12388,Karnataka,Raichur,Maize,Rabi,7.68,252.6,21.2,52.7,8.5,6.49,15.9,118.4,63.4,111.8,Rainfed,217.1,8.94,0.81,2.61,20.04,23882,524408,478595,-45813,2500,8.016,33.1,2.61,-9.572394196,0.008016,293.6,26168.06387,0.270090634
SF12389,Tamil Nadu,Erode,Groundnut,Zaid,8.68,156.1,29.7,60.7,7,7.56,19.4,82.7,79.5,121.6,Flood,218.6,3.79,0.66,0.55,4.77,56557,603864,269777,-334087,6179,0.772,43.7,0.55,-123.8382071,0.00077197,283.8,126596.2264,0.086727689
SF12390,Karnataka,Raichur,Wheat,Kharif,1.68,860.8,31.5,69.4,7.2,7.01,33.3,142.1,42.8,101.3,Flood,202.1,4.24,0.66,2.79,4.69,24159,122185,113306,-8879,1322,3.548,61.8,2.79,-7.836301696,0.003547655,286.2,26052.23881,0.068608414
SF12391,Madhya Pradesh,Indore,Pulses,Kharif,11.37,731.1,24.9,67.9,6.8,6.61,25.9,162.2,64.7,104,Rainfed,188.2,7.24,0.89,1.41,16.03,63618,746751,1019797,273046,2040,7.858,38.2,1.41,26.77454435,0.007857843,330.9,46584.59139,0.189528796
SF12392,Gujarat,Rajkot,Wheat,Kharif,13.18,778.6,30.1,67.7,5.4,7.36,22.5,167,65.4,114.1,Sprinkler,209.8,5.42,0.66,1.8,23.72,22957,920231,544540,-375691,7230,3.281,61.8,1.8,-68.99236052,0.003280775,346.5,38795.57336,0.087702265
SF12393,Telangana,Warangal,Pulses,Rabi,9.77,575.4,25.5,67.6,8.1,6.68,33.7,148.6,85.9,104.9,Flood,182.7,3.43,0.79,1.29,12.6,71736,553519,903874,350355,4734,2.662,68.3,1.29,38.76148667,0.002661597,339.4,43930.07937,0.050219619
SF12394,Andhra Pradesh,Guntur,Maize,Rabi,5.55,452.1,24.1,58.6,9,6.94,20,93.2,77.2,119.8,Rainfed,132.4,5.81,0.95,3.15,17.48,24441,327148,427229,100081,1736,10.069,34.5,3.15,23.42561015,0.010069124,290.2,18715.56064,0.168405797
SF12395,Madhya Pradesh,Indore,Rice,Rabi,2.81,420.9,20,42.8,7.8,6.54,24,114.2,66.9,112,Drip,209.7,4.48,0.69,3.78,10.62,24802,168031,263397,95366,4016,2.644,34.6,3.78,36.20618306,0.002644422,293.1,15822.12806,0.129479769
SF12396,Tamil Nadu,Erode,Rice,Kharif,6.81,699.3,26.5,78.5,7.5,7.24,28.9,92.5,88,97.8,Drip,171.9,7.38,0.72,3.14,21.38,22311,436685,477009,40324,8389,2.549,46.8,3.14,8.453509263,0.002548576,278.3,20424.92984,0.157692308
SF12397,Maharashtra,Nashik,Chilli,Kharif,6.23,1265.9,25.7,88.5,7.1,6.45,38.6,154.7,62.8,61.5,Flood,143.8,1.07,0.89,1.73,10.78,131240,415278,1414767,999489,4930,2.187,76.8,1.73,70.64689804,0.002186613,279,38523.00557,0.013932292
SF12398,Karnataka,Raichur,Cotton,Rabi,12.92,495.2,21.9,63.4,8,6.8,18.3,97.6,81.4,68.1,Drip,48.7,5.84,0.73,1.41,18.22,64656,601820,1178032,576212,8039,2.266,56.9,1.41,48.91310253,0.002266451,247.1,33030.73546,0.102636204
SF12399,Telangana,Warangal,Wheat,Rabi,0.6,1146.5,21.1,77.1,8.8,6.75,24.7,120.1,42.4,111.2,Rainfed,87.4,8.46,0.88,2.24,1.34,22060,40521,29560,-10961,161,8.323,55.8,2.24,-37.08051421,0.008322981,273.7,30239.55224,0.151612903
SF12400,Madhya Pradesh,Indore,Groundnut,Rabi,13.29,766.4,19.5,56.7,7.4,5.97,28.9,140.7,41.8,113.4,Sprinkler,98.7,3.28,0.76,0.92,12.23,47475,964399,580619,-383780,6592,1.855,47.9,0.92,-66.09842255,0.001855279,295.9,78855.19215,0.068475992
SF12401,Maharashtra,Nashik,Groundnut,Zaid,7.18,489.4,30.2,48.6,6.8,6.55,19.3,167.3,48,81.9,Rainfed,107.7,6.39,0.91,1.53,10.99,56587,439334,621891,182557,1963,5.599,40.9,1.53,29.35514423,0.005598574,297.2,39975.79618,0.156234719
SF12402,Telangana,Nalgonda,Wheat,Zaid,2.24,80,30,42.5,7.9,6.41,20.1,99.7,71.6,100.5,Rainfed,173.3,5.82,0.74,1.55,3.47,19192,152916,66596,-86320,699,4.964,29.7,1.55,-129.6173944,0.004964235,271.8,44068.01153,0.195959596
SF12403,Telangana,Nalgonda,Rice,Zaid,11.87,196.6,34.2,50.9,9,5.77,13.8,133.8,57.3,103.8,Drip,136.1,3.16,0.95,0.86,10.21,22940,791623,234217,-557406,16283,0.627,45.5,0.86,-237.986995,0.000627034,294.9,77534.08423,0.069450549
SF12404,Andhra Pradesh,Guntur,Rice,Rabi,10.72,680,24,52.8,6.6,6.81,24,148.4,69.6,126.5,Rainfed,40,3.66,0.84,3.61,38.7,21432,556689,829418,272729,8542,4.531,53.9,3.61,32.88197266,0.004530555,344.5,14384.72868,0.067903525
SF12405,Gujarat,Rajkot,Chilli,Kharif,4.5,1170.3,29.1,80.2,7.4,7.86,28.1,167,74.6,77,Sprinkler,184.3,7.51,0.85,0.43,1.94,99453,363833,192939,-170894,3025,0.641,49.3,0.43,-88.57410892,0.000641322,318.6,187542.7835,0.152332657
SF12406,Andhra Pradesh,Krishna,Wheat,Kharif,10.44,960.7,22.2,74.9,6.3,5.7,29.5,167.8,37.5,118.8,Drip,114.3,5.53,0.73,1.1,11.48,22614,761854,259609,-502245,4850,2.367,47,1.1,-193.4620911,0.00236701,324.1,66363.58885,0.117659574
SF12407,Telangana,Nalgonda,Rice,Kharif,7.22,749.7,28.9,87.8,5,6.57,32.7,187.3,34.9,93,Drip,89,6.67,0.84,4.06,29.31,22197,431101,650594,219493,9785,2.995,46.2,4.06,33.73732312,0.002995401,315.2,14708.3248,0.144372294
SF12408,Maharashtra,Nashik,Wheat,Rabi,5.71,567,24.3,49.4,7.7,6.93,31.1,134.5,20.8,65.7,Rainfed,166.6,4.98,0.77,2.31,13.19,23441,291217,309187,17970,1604,8.223,42.7,2.31,5.812016676,0.008223192,221,22078.62017,0.116627635
SF12409,Maharashtra,Nashik,Pulses,Rabi,5.1,232.4,28,53,8.7,6.68,24.7,60.5,87.8,113.1,Drip,226.9,7.15,0.87,1.45,7.4,63068,343503,466703,123200,1886,3.924,22,1.45,26.39794473,0.003923648,261.4,46419.32432,0.325
SF12410,Maharashtra,Nashik,Groundnut,Rabi,10.95,429.3,24.2,63.3,5.4,7.48,20,85.6,47.4,109.7,Flood,184.8,6.58,0.8,0.82,8.98,55811,808240,501183,-307057,8083,1.111,43.5,0.82,-61.26644359,0.001110974,242.7,90004.45434,0.151264368
SF12411,Tamil Nadu,Erode,Groundnut,Rabi,3.15,353.6,25,49.2,6.8,6.4,25.7,89.8,81.5,133.5,Flood,187.7,4.8,0.88,1.52,4.79,63362,197730,303504,105774,1997,2.399,27.7,1.52,34.85094101,0.002398598,304.8,41279.74948,0.173285199
SF12412,Gujarat,Rajkot,Pulses,Rabi,5.23,454.1,23.4,78.3,7.2,7.35,16.8,161.3,33.5,106,Flood,222.5,7.26,0.83,0.73,3.82,64698,414098,247146,-166952,2413,1.583,43.7,0.73,-67.55197333,0.001583092,300.8,108402.6178,0.166132723
SF12413,Andhra Pradesh,Guntur,Pulses,Kharif,9.54,868.6,29.2,69.3,8.9,5.25,29.8,152.8,63.2,114,Flood,201.9,5.95,0.92,0.3,2.86,63402,667625,181330,-486295,4850,0.59,51.6,0.3,-268.1823195,0.000589691,330,233435.3147,0.115310078
SF12414,Tamil Nadu,Erode,Chilli,Rabi,5.5,619.4,23,63.5,7,7.05,22.8,157.6,40.2,74.3,Drip,109.7,7.57,0.94,2.35,12.92,127035,366916,1641292,1274376,3143,4.111,31.9,2.35,77.6446848,0.004110722,272.1,28399.07121,0.237304075
SF12415,Andhra Pradesh,Guntur,Cotton,Rabi,13.79,797.1,26.2,55.3,7.4,6.9,21.6,92.3,73.7,81.7,Flood,258.4,6.97,0.87,1.89,26.06,64139,1190714,1671462,480748,13465,1.935,41.9,1.89,28.76212561,0.001935388,247.7,45691.25096,0.166348449
SF12416,Telangana,Warangal,Pulses,Rabi,5.04,695.6,23.3,62.8,8.3,6.55,26.3,124.4,55.6,82.6,Sprinkler,225,6.36,0.88,1.58,7.96,72617,378625,578031,199406,1479,5.382,35.5,1.58,34.49745775,0.005382015,262.6,47565.95477,0.17915493
SF12417,Andhra Pradesh,Krishna,Groundnut,Zaid,13.34,417.8,26.9,64.8,8.7,7.68,23.8,53.4,70.4,127.9,Flood,148.6,2.39,0.72,0.47,6.27,54441,943963,341345,-602618,8453,0.742,55,0.47,-176.542208,0.000741748,251.7,150552.3126,0.043454545
SF12418,Telangana,Warangal,Pulses,Kharif,3.56,740,33.1,65.1,6.3,6.98,31.6,54.7,48.9,79.6,Flood,227.1,7.97,0.89,1.12,3.99,64377,217408,256864,39456,1772,2.252,37.1,1.12,15.36065778,0.002251693,183.2,54488.22055,0.214824798
SF12419,Madhya Pradesh,Indore,Rice,Kharif,6.79,742.4,28.8,67.1,7.3,6.95,33.5,107.3,87.2,74.7,Rainfed,161.9,2.24,0.71,3.59,24.38,20292,405554,494719,89165,6059,4.024,51.8,3.59,18.02336276,0.004023766,269.2,16634.70057,0.043243243
SF12420,Gujarat,Rajkot,Rice,Kharif,12.96,983.6,27.6,77.7,6.7,6.18,21.4,129.9,64.8,93.4,Rainfed,172.2,1.59,0.99,2.02,26.18,21359,736636,559179,-177457,12175,2.15,75.3,2.02,-31.73527618,0.002150308,288.1,28137.35676,0.021115538
SF12421,Andhra Pradesh,Krishna,Chilli,Zaid,9.56,274.8,31.8,58.1,6.6,6.97,21.1,86.1,92.8,81.7,Rainfed,137,3.33,0.68,1.43,13.67,88340,497822,1207608,709786,3061,4.466,52,1.43,58.77619227,0.004465861,260.6,36417.11778,0.064038462
SF12422,Telangana,Warangal,Cotton,Kharif,9.94,1122.3,31.6,70.7,6.1,6.17,33.1,91.8,15,159.6,Flood,172.4,5.61,0.72,0.97,9.64,64842,596854,625077,28223,9521,1.012,59.3,0.97,4.515123737,0.001012499,266.4,61914.31535,0.09460371
SF12423,Gujarat,Rajkot,Rice,Rabi,11.25,414.3,23.5,51.9,7.1,6.65,23.4,111,50.6,120.5,Sprinkler,199.3,2.42,0.68,3.41,38.36,20471,691375,785268,93893,17181,2.233,48,3.41,11.95680965,0.002232699,282.1,18023.3316,0.050416667
SF12424,Madhya Pradesh,Indore,Maize,Rabi,2.47,679.9,20.8,47.8,7.6,7.12,28.3,95.9,57.2,113.4,Rainfed,73.2,8.7,0.71,3.28,8.1,17935,152522,145274,-7248,914,8.862,34,3.28,-4.989192836,0.008862144,266.5,18829.87654,0.255882353
SF12425,Telangana,Nalgonda,Wheat,Kharif,13.4,1059.6,32.1,82.9,6.6,6.61,27.9,105.7,75.6,114.7,Flood,224.3,4.89,0.85,2.41,32.29,27459,895358,886651,-8707,9683,3.335,60.7,2.41,-0.982009833,0.00333471,296,27728.64664,0.080560132
SF12426,Andhra Pradesh,Guntur,Cotton,Kharif,7.68,1008.1,29.1,61.3,5.9,7.1,30.2,101.9,33.5,123,Flood,231.8,3.1,0.97,1.5,11.52,76160,546845,877363,330518,7562,1.523,65.2,1.5,37.67175046,0.001523407,258.4,47469.18403,0.047546012
SF12427,Andhra Pradesh,Krishna,Cotton,Rabi,12.7,555.2,24.1,61.8,6.4,6.37,29.5,131.8,56.1,135.5,Rainfed,250.3,3.57,0.97,1.33,16.89,73087,773003,1234439,461436,5628,3.001,54.6,1.33,37.38021887,0.003001066,323.4,45766.90349,0.065384615
SF12428,Punjab,Ludhiana,Groundnut,Rabi,11.18,417.2,23.2,57.1,7.8,7.19,26.7,121.7,26.4,123.7,Drip,77.5,7.71,0.71,1.2,13.42,53926,624698,723687,98989,4119,3.258,32.5,1.2,13.67842728,0.003258072,271.8,46549.77645,0.237230769
SF12429,Karnataka,Raichur,Sugarcane,Rabi,1.18,468,20.7,54,10.2,5.83,14.3,181.9,31.3,125.1,Rainfed,123,2.91,0.75,25.07,29.58,3901,66268,115392,49124,1075,27.516,39.3,25.07,42.57140876,0.027516279,338.3,2240.297498,0.074045802
SF12430,Telangana,Warangal,Maize,Kharif,9.6,738.2,26.1,72.6,6.9,5.94,30,186.1,80,132.6,Rainfed,164.3,1.33,0.85,2.81,26.98,20912,626091,564206,-61885,2830,9.534,61.6,2.81,-10.9685115,0.009533569,398.7,23205.745,0.021590909
SF12431,Andhra Pradesh,Guntur,Cotton,Kharif,14.76,647.2,26.8,62.8,7.6,6.58,39.6,74.3,92.5,117.1,Flood,119.9,2.95,0.72,1.97,29.08,69761,870278,2028650,1158372,13512,2.152,41.6,1.97,57.10063343,0.002152161,283.9,29927.02889,0.070913462
SF12432,Andhra Pradesh,Krishna,Cotton,Kharif,10.06,480.4,26.8,79.8,7.5,7.97,32.8,96.7,83.3,99.2,Drip,92.5,5.72,0.69,0.34,3.42,69308,708055,237033,-471022,7325,0.467,60.1,0.34,-198.7157906,0.000466894,279.2,207033.6257,0.095174709
SF12433,Tamil Nadu,Erode,Chilli,Kharif,11.66,879.4,27,71.3,6.4,6.45,25.3,104.8,61.4,99.9,Flood,122,5.43,0.97,2.25,26.24,102146,849453,2680311,1830858,9388,2.795,60.6,2.25,68.30767027,0.002795058,266.1,32372.44665,0.08960396
SF12434,Andhra Pradesh,Guntur,Wheat,Zaid,8.81,160.2,32.4,50.3,8.9,6.56,23.3,140.1,77.8,122.1,Drip,134.7,3.03,0.75,2.54,22.38,25070,584590,561067,-23523,4196,5.334,46.3,2.54,-4.192547414,0.005333651,340,26121.09026,0.065442765
SF12435,Madhya Pradesh,Indore,Cotton,Kharif,9.28,608.8311856,32.5,73,7.4,6.96,37.7,103.4,75.7,94.2,Flood,220.2,4.17,0.86,1.84,17.08,65758,705899,1123147,417248,8542,2,62.8,1.84,37.14990113,0.001999532,273.3,41328.98126,0.066401274
SF12436,Madhya Pradesh,Indore,Maize,Kharif,14.15,1338.9,32.8,80.8,6.8,7.03,39,59.1,44,123.6,Drip,171.1,4.62,0.91,3.01,42.59,22048,975259,939024,-36235,6997,6.087,65,3.01,-3.858793811,0.006086894,226.7,22898.77906,0.071076923
SF12437,Maharashtra,Nashik,Wheat,Rabi,7.29,592,21.7,54.7,8.5,6.49,24.3,104.2,66.5,131.6,Sprinkler,170.8,3.9,0.89,3.09,22.53,22430,504593,505348,755,4018,5.607,50,3.09,0.149401996,0.005607267,302.3,22396.49356,0.078
SF12438,Karnataka,Raichur,Rice,Kharif,3.48,941.3,31.7,60.6,8.2,5.26,32.7,76.7,79.7,152.3,Drip,114.6,7.09,1,0.3,1.04,20599,254582,21423,-233159,4606,0.226,45.2,0.3,-1088.358306,0.000225792,308.7,244790.3846,0.156858407
SF12439,Punjab,Ludhiana,Wheat,Kharif,6.79,800.9,29.7,74.3,5.9,6.47,32.4,126,56.3,85.5,Flood,152.3,5.8,0.82,3.16,21.46,26989,418833,579184,160351,5260,4.08,50.9,3.16,27.68567502,0.004079848,267.8,19516.91519,0.113948919
SF12440,Gujarat,Rajkot,Rice,Rabi,8.18,376.6,23,66.9,7.2,6.01,26.1,137.9,67.6,109.1,Rainfed,93.6,3.9,0.95,1.6,13.09,25121,394670,328834,-65836,6452,2.029,52.9,1.6,-20.02104405,0.002028828,314.6,30150.49656,0.073724008
SF12441,Gujarat,Rajkot,Chilli,Rabi,1.62,493.3,22.9,69.3,6.6,6.34,21.2,107.4,45,98,Rainfed,257.1,5.59,0.96,1.82,2.95,103437,99825,305139,205314,574,5.139,38.1,1.82,67.28540108,0.005139373,250.4,33838.98305,0.14671916
SF12442,Telangana,Nalgonda,Rice,Rabi,9.82,365.7,22.6,41.6,7,5.63,16,107.9,27.7,128.5,Drip,235.1,7.22,0.85,0.73,7.17,21167,721561,151767,-569794,12275,0.584,34.7,0.73,-375.4399837,0.000584114,264.1,100636.1227,0.208069164
SF12443,Andhra Pradesh,Guntur,Rice,Rabi,14.96,224.3,19,65.8,7,6.06,23.9,163.8,65.8,106.2,Drip,332.1,8.37,0.74,1.63,24.38,21998,1059297,536311,-522986,24109,1.011,28,1.63,-97.51543414,0.001011241,335.8,43449.42576,0.298928571
SF12444,Andhra Pradesh,Krishna,Sugarcane,Rabi,11.68,609.1797436,23.5,41.8,8.7,7.02,23.8,141.9,56.6,100.2,Drip,251.5,3.78,0.86,56.24,656.88,3847,688318,2527017,1838699,16921,38.82,39.6,56.24,72.76163951,0.038820401,298.7,1047.859579,0.095454545
SF12445,Karnataka,Raichur,Maize,Kharif,14.14,920.6,28.5,55.5,7.3,6.47,38.7,150.3,63.6,71.4,Sprinkler,172,7.01,0.98,4.43,62.64,17476,911344,1094697,183353,9671,6.477,41.2,4.43,16.74920092,0.006477096,285.3,14548.91443,0.170145631
SF12446,Maharashtra,Nashik,Rice,Kharif,8.55,527.2,26,68.4,7.4,6.55,36.5,87.4,30.6,105.9,Rainfed,312.4,9.06,0.83,3.45,29.5,22354,637802,659443,21641,6193,4.763,43.7,3.45,3.281708957,0.004763443,223.9,21620.40678,0.207322654
SF12447,Telangana,Warangal,Wheat,Kharif,2.18,736,24.5,57.8,7.3,6.34,37,144.8,58.6,85,Sprinkler,223.3,0.86,0.83,3.43,7.48,22762,145835,170260,24425,1200,6.233,54.6,3.43,14.34570657,0.006233333,288.4,19496.65775,0.015750916
SF12448,Telangana,Warangal,Chilli,Kharif,12.59,628.4222488,30.2,55.9,6.6,7.34,38.5,107.3,57.4,48.7,Rainfed,133,4.45,0.77,1.01,12.72,113143,708458,1439179,730721,4032,3.155,65.3,1.01,50.77346181,0.003154762,213.4,55696.38365,0.068147014
SF12449,Tamil Nadu,Erode,Rice,Kharif,14.13,902.8,30.7,80.9,7.4,6.82,32.9,146.8,57.5,105.9,Sprinkler,135.7,5.15,0.82,3.63,51.29,21593,1071724,1107505,35781,21071,2.434,53.4,3.63,3.230775482,0.002434151,310.2,20895.37922,0.096441948
SF12450,Andhra Pradesh,Krishna,Cotton,Rabi,3.17,236.1,23.9,45,6.2,6.58,15,105.8,26.8,100,Rainfed,167.3,2,0.74,0.86,2.73,67677,178278,184758,6480,1350,2.022,40.9,0.86,3.507290618,0.002022222,232.6,65303.2967,0.048899756
SF12451,Punjab,Ludhiana,Rice,Kharif,11.98,1018.5,25.3,60.2,4.9,6.93,27.9,103.5,57,80.1,Rainfed,86,8.33,0.73,2.95,35.34,22213,619972,785007,165035,11136,3.173,35.9,2.95,21.02337941,0.003173491,240.6,17543.06735,0.232033426
SF12452,Madhya Pradesh,Indore,Maize,Kharif,4.91,440,29,65.8,7.4,6.56,23.9,138,79.9,99.3,Flood,209.5,4.87,0.93,3.59,17.63,19711,308880,347505,38625,3458,5.098,48.4,3.59,11.11494799,0.005098323,317.2,17520.13613,0.100619835
SF12453,Punjab,Ludhiana,Rice,Rabi,9.53,557.8,25.6,56.9,7.8,7.18,27,80.6,32.8,80.5,Flood,99.2,2.55,0.71,2.8,26.68,22730,630709,606436,-24273,17947,1.487,52.5,2.8,-4.002565811,0.001486599,193.9,23639.76762,0.048571429
SF12454,Punjab,Ludhiana,Rice,Rabi,7.3,371,27.3,56.5,6.7,6.39,23.8,176,52.1,94.3,Sprinkler,146.4,4.03,0.94,3.55,25.92,21726,449153,563138,113985,11894,2.179,52.6,3.55,20.24104216,0.00217925,322.4,17328.43364,0.07661597
SF12455,Andhra Pradesh,Krishna,Rice,Rabi,12.47,445.1,25.8,50.2,7.8,7.04,21.6,161.4,32.2,111.5,Drip,141.8,5.76,0.78,3.3,41.15,24535,768753,1009615,240862,16361,2.515,27.8,3.3,23.85681671,0.002515127,305.1,18681.72539,0.207194245
SF12456,Telangana,Warangal,Rice,Kharif,11.54,940.7,30.4,58.5,8.6,7.9,26.8,86.8,32.6,83.3,Drip,53.9,8.7,0.85,0.5,5.77,20944,642021,120847,-521174,17409,0.331,53,0.5,-431.2676359,0.000331438,202.7,111268.8042,0.164150943
SF12457,Karnataka,Raichur,Rice,Rabi,1.04,551.3,20.7,63.9,7.3,6.81,22.7,118.7,72.4,69.1,Flood,121.8,1.43,0.98,3.37,3.5,25100,62010,87850,25840,1905,1.837,54.2,3.37,29.41377348,0.00183727,260.2,17717.14286,0.026383764
SF12458,Telangana,Warangal,Maize,Kharif,3.06,855.2,26.7,63,5.6,6.4,29.2,130.6,33.6,124.7,Rainfed,195.5,2.23,0.72,2.92,8.94,20739,215038,185407,-29631,845,10.58,60.3,2.92,-15.98159724,0.010579882,288.9,24053.46756,0.036981758
SF12459,Andhra Pradesh,Krishna,Rice,Rabi,12.04,262.7,21.4,57.2,9.8,7.95,31.6,94.9,55.9,167.7,Rainfed,179.8,4.7,0.74,0.36,4.33,22223,811238,96226,-715012,10340,0.419,39.5,0.36,-743.0548916,0.000418762,318.5,187352.8868,0.118987342
SF12460,Andhra Pradesh,Guntur,Chilli,Rabi,13.02,204.3,16.2,63.5,5.8,6.82,31.1,116.4,46.5,94.6,Drip,201.3,6.15,0.92,1.35,17.58,113200,851401,1990056,1138655,6707,2.621,31.8,1.35,57.21723409,0.002621142,257.5,48430.09101,0.193396226
SF12461,Madhya Pradesh,Indore,Cotton,Zaid,0.64,413.1,31.2,65.5,6.5,6.8,19,133.8,78.4,104.8,Sprinkler,256.4,5.44,0.69,1.68,1.08,65800,53320,71064,17744,464,2.328,50.3,1.68,24.96904199,0.002327586,317,49370.37037,0.108151093
SF12462,Andhra Pradesh,Guntur,Wheat,Kharif,13.76,1132.6,30.7,74,6.6,6.4,33.3,155.1,79.6,71.4,Flood,246.4,6.51,0.98,2.56,35.23,18940,916871,667256,-249615,7953,4.43,56.5,2.56,-37.40918028,0.004429775,306.1,26025.29095,0.115221239
SF12463,Telangana,Warangal,Maize,Rabi,1.87,313.5,23.5,62.4,6.8,6.52,22.3,92.8,68.3,78.2,Drip,273.4,4,0.75,3.45,6.45,20444,122956,131864,8908,862,7.483,32,3.45,6.755445004,0.007482599,239.3,19062.94574,0.125
SF12464,Punjab,Ludhiana,Rice,Kharif,4.84,1199,25,88.3,6.9,6.75,25.9,92,46.2,131.8,Rainfed,155.5,1.96,0.7,2.93,14.18,23459,252831,332649,79818,4077,3.478,87.7,2.93,23.99466104,0.003478048,270,17830.11283,0.022348917
SF12465,Andhra Pradesh,Guntur,Cotton,Kharif,3.82,736.8,31.1,60.8,7.2,7.27,27.6,107,60.9,63.9,Rainfed,272.6,5.53,0.8,1.34,5.12,58491,310556,299474,-11082,1423,3.598,42.9,1.34,-3.700488189,0.003598032,231.8,60655.46875,0.128904429
SF12466,Telangana,Warangal,Maize,Rabi,0.66,707.3,25.8,47.2,8.4,7.86,23.9,89.6,41.6,162.6,Sprinkler,218.7,4,0.95,1.1,0.73,20982,44785,15317,-29468,414,1.763,34.7,1.1,-192.3875433,0.001763285,293.8,61349.31507,0.115273775
SF12467,Gujarat,Rajkot,Sugarcane,Rabi,14.36,80,20.6,57.9,6.1,6.2,31.8,120.7,69.2,103.9,Drip,167.8,5.29,0.76,35.03,503.03,3041,1003681,1529714,526033,23175,21.706,21.9,35.03,34.38766985,0.021705717,293.8,1995.27066,0.241552511
SF12468,Punjab,Ludhiana,Maize,Kharif,13.87,856.1,28.1,74.2,5.5,7.13,33.7,163.9,54.6,84.4,Flood,236.5,5.93,0.93,3.43,47.57,21740,1187483,1034172,-153311,10425,4.563,48.2,3.43,-14.82451662,0.00456307,302.9,24962.85474,0.123029046
SF12469,Karnataka,Raichur,Pulses,Rabi,5.8,562.2,22.5,54.2,8.7,7.44,27.1,170.1,40.3,68.5,Sprinkler,139.6,4.61,0.99,0.77,4.47,77279,370999,345437,-25562,2322,1.925,36,0.77,-7.399902153,0.001925065,278.9,82997.53915,0.128055556
SF12470,Telangana,Nalgonda,Pulses,Zaid,11.53,141.8,33,54.6,7.2,5.69,23.5,88.2,73.4,101.9,Sprinkler,335.9,2.67,0.8,0.3,3.46,71128,1011029,246103,-764926,3969,0.872,33.6,0.3,-310.8153903,0.000871756,263.5,292204.9133,0.079464286
SF12471,Telangana,Warangal,Sugarcane,Rabi,7.94,318.5,25,48.4,7.6,5.99,24.9,143.4,42,119.9,Drip,143.8,2.63,0.65,34.71032746,275.6,3964,470249,1092478,622229,10799,25.521,27.3,34.71032746,56.95574648,0.025520882,305.3,1706.273585,0.096336996
SF12472,Telangana,Nalgonda,Cotton,Kharif,5.88,897.5,26.2,64.6,8,7.62,34.6,147.8,75.5,56.6,Rainfed,82.7,2.54,0.88,0.54,3.18,72962,377635,232019,-145616,2878,1.105,61.6,0.54,-62.76037738,0.001104934,279.9,118753.1447,0.041233766
SF12473,Andhra Pradesh,Guntur,Rice,Rabi,3.38,660.9,25.7,60.2,7.8,7.32,21.1,111.4,44.3,52.2,Sprinkler,244.3,4.42,0.99,2.67,9.02,21181,216657,191053,-25604,5609,1.608,56.4,2.67,-13.40151686,0.00160813,207.9,24019.62306,0.078368794
SF12474,Punjab,Ludhiana,Rice,Kharif,3.9,531.9,24.4,73.6,6.5,6.38,31.9,92.4,26.9,79.8,Flood,193.8,7.36,0.98,3.48,13.57,17849,320595,242211,-78384,7580,1.79,50.3,3.48,-32.36186631,0.001790237,199.1,23625.27634,0.146322068
SF12475,Gujarat,Rajkot,Maize,Rabi,1.23,220.9,19.8,54,8.4,8.13,16.2,154.6,53.2,68.2,Rainfed,174.5,5.98,0.88,0.3,0.37,22268,73811,8239,-65572,403,0.918,34,0.3,-795.8732856,0.000918114,276,199489.1892,0.175882353
SF12476,Madhya Pradesh,Indore,Wheat,Kharif,13.69,972.5,28.6,72.2,6.5,6.59,27.4,103.7,55.2,125.2,Flood,130.8,0.83,0.69,2.54,34.77,23654,767813,822450,54637,9571,3.633,62.4,2.54,6.643200195,0.003632849,284.1,22082.6287,0.013301282
SF12477,Punjab,Ludhiana,Chilli,Zaid,1.72,283.3,31.6,60.6,7.3,6.88,10.7,126.7,80.9,80.1,Sprinkler,237.6,6.45,0.9,1.52,2.61,87375,98557,228049,129492,1043,2.502,36.4,1.52,56.78253358,0.002502397,287.7,37761.30268,0.177197802
SF12478,Gujarat,Rajkot,Cotton,Kharif,3.61,838.9,31.1,58.9,8.5,6.97,25.1,129.6,68.6,118.7,Sprinkler,251.4,3.89,0.98,1.81,6.53,74096,228283,483847,255564,2896,2.255,57.4,1.81,52.81917631,0.002254834,316.9,34959.11179,0.067770035
SF12479,Andhra Pradesh,Krishna,Chilli,Rabi,4.62,331.2,22.3,54.7,7.8,5.2,19.2,143,58.7,72.6,Rainfed,149.3,3.68,0.99,0.3,1.39,95515,254886,132766,-122120,1583,0.878,39.9,0.3,-91.98138078,0.00087808,274.3,183371.223,0.092230576
SF12480,Punjab,Ludhiana,Rice,Zaid,10.53,276.4,29.6,54,7.8,7.42,31.6,104.8,69.3,108.4,Drip,109.6,6.87,0.76,1.58,16.64,21753,550728,361970,-188758,15655,1.063,35.6,1.58,-52.14741553,0.001062919,282.5,33096.63462,0.192977528
SF12481,Telangana,Warangal,Wheat,Kharif,6,797.1,27.6,85,6.5,5.76,28.7,129.2,64,121.4,Sprinkler,151,4.21,0.85,1.31,7.86,22653,383852,178053,-205799,2719,2.891,53,1.31,-115.5830006,0.002890769,314.6,48836.13232,0.079433962
SF12482,Punjab,Ludhiana,Wheat,Rabi,9.91,349.5,22.7,54.2,7.5,6.09,28.9,135.6,58,68.6,Rainfed,291.6,2.04,0.66,1.35,13.38,20561,832771,275106,-557665,3033,4.411,40.2,1.35,-202.7091376,0.004411474,262.2,62239.98505,0.050746269
SF12483,Telangana,Warangal,Pulses,Rabi,13.25,614.4,22.3,53.7,7.5,7.25,20.7,73.9,69.8,99.2,Drip,267.7,8.14,0.82,0.96,12.72,85850,957679,1092012,134333,4347,2.926,35.4,0.96,12.3014216,0.002926156,242.9,75289.22956,0.229943503
SF12484,Andhra Pradesh,Guntur,Pulses,Kharif,10.17,558.9,30.6,69.3,6.8,6.76,34.7,137.5,52.8,79.6,Rainfed,121.5,2.71,0.89,1.19,12.1,69003,611957,834936,222979,1965,6.158,58.8,1.19,26.70611879,0.006157761,269.9,50574.95868,0.046088435
SF12485,Karnataka,Raichur,Groundnut,Rabi,8.68,571.3,22.2,49.5,5.7,6.62,25.9,121.3,51.5,155.4,Sprinkler,135.5,7.35,0.81,2.35,20.4,60171,556483,1227488,671005,3942,5.175,30.5,2.35,54.66489285,0.005175038,328.2,27278.57843,0.240983607
SF12486,Andhra Pradesh,Krishna,Maize,Zaid,0.87,389.3,26.6,38.4,6.8,7.08,20.7,90.8,60.2,62.6,Rainfed,195.2,5.49,0.76,2.31,2.01,19871,49742,39941,-9801,280,7.179,37.1,2.31,-24.53869457,0.007178571,213.6,24747.26368,0.147978437
SF12487,Telangana,Nalgonda,Wheat,Rabi,13.31,428.9,26.7,65.6,7.9,6.47,18.5,117.7,65.3,136.1,Flood,142,5.2,0.81,2.94,39.13,21588,872262,844738,-27524,8356,4.683,41.6,2.94,-3.258288369,0.004682863,319.1,22291.38768,0.125
SF12488,Madhya Pradesh,Indore,Wheat,Kharif,12.95,533.3,29.3,81.7,6.8,6.44,29.5,74.2,73.5,111.6,Sprinkler,198.4,8.28,0.97,3.47,44.94,20617,1055580,926528,-129052,5046,8.906,50.8,3.47,-13.92855909,0.008906064,259.3,23488.65154,0.162992126
SF12489,Telangana,Nalgonda,Wheat,Rabi,8.48,551.8,23.6,54,8.5,6.81,29.7,123.3,76.2,121.9,Rainfed,291.2,10.19,0.81,3.2,27.14,20512,636475,556696,-79779,2573,10.548,30.3,3.2,-14.33080173,0.010547998,321.4,23451.54753,0.33630363
SF12490,Andhra Pradesh,Guntur,Wheat,Rabi,4.29,123.8,22.8,38.4,8.1,5.2,27.8,151.4,54.8,152,Drip,185.7,5.82,0.83,0.3,1.29,23865,332962,30786,-302176,2337,0.552,26.1,0.3,-981.5370623,0.00055199,358.2,258110.0775,0.222988506
SF12491,Tamil Nadu,Erode,Wheat,Kharif,14.93,673.6,29,68.9,7.1,8.39,20,139.2,50.3,139.4,Rainfed,138.2,9.13,0.67,0.3,4.48,20470,914499,91706,-822793,4850,0.924,45,0.3,-897.2073801,0.000923711,328.9,204129.2411,0.202888889
SF12492,Karnataka,Raichur,Cotton,Rabi,5.62,520.2,20.4,61.2,6.4,7.18,20.1,118.8,38,157.2,Sprinkler,196.7,6.97,0.81,1.28,7.19,73279,439849,526876,87027,4493,1.6,26.2,1.28,16.51754872,0.001600267,314,61175.10431,0.266030534
SF12493,Andhra Pradesh,Guntur,Maize,Kharif,0.5,756.5,30.2,70.5,7,5.96,27.9,86.8,43.2,147.4,Rainfed,151.8,8.95,0.73,2.33,1.16,20071,32932,23282,-9650,173,6.705,37.7,2.33,-41.44832918,0.006705202,277.4,28389.65517,0.237400531
SF12494,Andhra Pradesh,Krishna,Maize,Zaid,2.89,420.8,27.6,54.3,8.2,7.09,15.7,144,65.2,84.3,Flood,291.5,4.39,0.94,3.02,8.73,21462,255742,187363,-68379,2445,3.571,38.4,3.02,-36.49546602,0.003570552,293.5,29294.61627,0.114322917
SF12495,Telangana,Warangal,Rice,Kharif,13.74,726.5,28.5,85.1,6.6,6.07,35,124.3,36.8,95.9,Rainfed,285.8,5.2,0.75,2.09,28.72,21365,1113527,613603,-499924,12414,2.314,43.6,2.09,-81.47352604,0.002313517,257,38771.83148,0.119266055
SF12496,Andhra Pradesh,Krishna,Maize,Kharif,0.9,778.5,26.2,67.9,7.4,5.61,22.3,100.9,69.9,107.1,Sprinkler,287.1,4.63,0.92,1.07,0.96,18840,65057,18086,-46971,536,1.791,49.3,1.07,-259.7091673,0.001791045,277.9,67767.70833,0.093914807
SF12497,Tamil Nadu,Erode,Chilli,Rabi,3.37,417.3,22.5,68.6,5.7,6.35,26.6,93.2,61.3,101.2,Rainfed,154.5,3.48,0.83,1.81,6.1,91403,232137,557558,325421,1240,4.919,35.3,1.81,58.36540772,0.004919355,255.7,38055.2459,0.098583569
SF12498,Andhra Pradesh,Krishna,Rice,Rabi,7.96,132.3,23.6,60,8.2,7.64,14.3,40,85.9,96.5,Sprinkler,163.8,3.94,0.99,0.98,7.8,23688,536525,184766,-351759,11517,0.677,35,0.98,-190.380806,0.00067726,222.4,68785.25641,0.112571429
SF12499,Maharashtra,Nashik,Maize,Rabi,4.73,263.8,22.7,51.8,8,7.34,23.9,128.3,58.9,118.6,Drip,169.6,4.09,0.82,2.15,10.17,18493,289077,188074,-101003,2686,3.786,33,2.15,-53.70386125,0.003786299,305.8,28424.48378,0.123939394
SF12500,Maharashtra,Nashik,Maize,Kharif,13.31,788,26.1,93.5,8.6,7.21,35.8,145.5,53.4,86.6,Sprinkler,182.1,6.36,0.81,3.64,48.45,23023,935061,1115464,180403,6955,6.966,62.9,3.64,16.172911,0.006966211,285.5,19299.50464,0.101112878
SF12501,Madhya Pradesh,Indore,Pulses,Rabi,13.13,399.8,23.5,65.8,7.2,7.21,24.4,116.6,61.4,97.9,Rainfed,161.6,6.18,1,0.79,10.37,73957,766522,766934,412,2614,3.967,35.4,0.79,0.053720398,0.0039671,275.9,73917.26133,0.174576271
SF12502,Maharashtra,Nashik,Maize,Kharif,12.75,966.5,28.6,64.9,6,7.24,27.5,136,48.4,157.1,Rainfed,199.8,3.33,0.78,2.86,36.46,21044,818972,767264,-51708,4084,8.928,62.6,2.86,-6.739270968,0.008927522,341.5,22462.20516,0.053194888
SF12503,Madhya Pradesh,Indore,Pulses,Kharif,9.29,713.7,33.1,94.8,6,6.8,27,133.6,50.3,138.9,Sprinkler,244.7,5.85,0.82,1.78,16.54,66794,658212,1104773,446561,3977,4.159,65.9,1.78,40.42106387,0.004158914,322.8,39795.16324,0.088770865
SF12504,Andhra Pradesh,Guntur,Chilli,Rabi,3.48,255.5,26.8,56.8,8.5,6.32,24.1,102.3,88.4,39.9,Rainfed,137,7.34,0.8,1.38,4.8,98018,211409,470486,259077,1272,3.774,33.4,1.38,55.06582555,0.003773585,230.6,44043.54167,0.219760479
SF12505,Telangana,Warangal,Chilli,Rabi,1.75,608.3,24.3,62.2,7.3,7.46,24.5,90.9,56.9,90.6,Drip,247.7,5.3,0.83,1.26,2.2,115831,124326,254828,130502,865,2.543,50.2,1.26,51.21179776,0.002543353,238.4,56511.81818,0.105577689
SF12506,Tamil Nadu,Erode,Sugarcane,Zaid,13.63,80,33.1,59.6,8.5,6.2,20.5,107.8,80.5,36.2,Sprinkler,182.4,7.02,0.76,36.88,502.67,4115,879387,2068487,1189100,24876,20.207,26.4,36.88,57.48646233,0.020207027,224.5,1749.432033,0.265909091
SF12507,Gujarat,Rajkot,Rice,Kharif,12.79,1100.9,28.8,63.4,6.5,5.2,25.9,168.4,37.8,117.7,Rainfed,170.2,3.05,0.85,0.3,3.84,21037,728320,80782,-647538,10325,0.372,63.8,0.3,-801.5869872,0.000371913,323.9,189666.6667,0.047805643
SF12508,Maharashtra,Nashik,Groundnut,Rabi,4.54,94,20,56.3,6,6.5,18.8,146.1,53.9,108.4,Sprinkler,94.6,5.72,0.98,1.28,5.81,60531,327168,351685,24517,2146,2.707,29,1.28,6.971295335,0.002707363,308.4,56311.18761,0.197241379
SF12509,Andhra Pradesh,Krishna,Chilli,Rabi,5.97,388.4,24.8,61.9,9.2,7.83,16.3,102.6,31,64.6,Drip,192.3,2.16,0.89,0.44,2.63,109986,403287,289263,-114024,3258,0.807,62.6,0.44,-39.41879881,0.000807244,198.2,153341.0646,0.034504792
SF12510,Telangana,Nalgonda,Wheat,Rabi,13.21,387.7,20.1,33.4,8,6.82,25.1,116.9,31.2,43.9,Drip,183.9,4.52,0.75,2.64,34.87,26439,1053595,921928,-131667,6576,5.303,26,2.64,-14.28170096,0.005302616,192,30214.94121,0.173846154
SF12511,Maharashtra,Nashik,Pulses,Rabi,1.02,322,21.8,68.9,6.7,6.33,24.8,81.8,61.8,95.3,Drip,251.8,7.24,0.79,1.04,1.06,67508,71959,71558,-401,296,3.581,32.5,1.04,-0.560384583,0.003581081,238.9,67885.84906,0.222769231
SF12512,Telangana,Nalgonda,Groundnut,Rabi,4.03,336.3,18.9,60.7,6.7,6.74,20.7,79.9,48.7,83.6,Rainfed,135.7,6.61,0.94,1.13,4.55,67310,266404,306260,39856,1118,4.07,16.8,1.13,13.01377914,0.004069767,212.2,58550.32967,0.393452381
SF12513,Maharashtra,Nashik,Cotton,Zaid,11.52,317.8,28,53.8,7.5,5.78,11.9,154.1,71.7,73.9,Drip,197.3,6.28,0.93,0.48,5.53,56486,845028,312368,-532660,6682,0.828,14.9,0.48,-170.523229,0.000827597,299.7,152807.9566,0.42147651
SF12514,Gujarat,Rajkot,Rice,Kharif,12.12,940.3,25.4,86.1,6.9,7.84,28.6,93.3,85.3,63.9,Flood,304.8,4.94,0.68,0.69,8.36,22476,929527,187899,-741628,19977,0.418,65.8,0.69,-394.6950223,0.000418481,242.5,111187.4402,0.075075988
SF12515,Tamil Nadu,Erode,Maize,Rabi,13.8,578.9,20.7,58.6,6.7,6.8,24.8,106.9,52.4,77.1,Rainfed,226.1,9.44,0.92,3.45,47.61,18321,957938,872263,-85675,4441,10.721,25.3,3.45,-9.822152264,0.010720558,236.4,20120.5209,0.37312253
SF12516,Telangana,Nalgonda,Groundnut,Rabi,1.29,378.7,24.2,33.3,8.7,6.59,25.6,111,62.8,98.1,Drip,237.4,5.03,0.91,1.75,2.26,56907,91936,128610,36674,564,4.007,25.4,1.75,28.51566752,0.004007092,271.9,40679.64602,0.198031496
SF12517,Karnataka,Raichur,Wheat,Rabi,5.5,652.7,20.1,44.1,7.9,7.43,28.7,171.4,53.9,152.5,Rainfed,237.7,2.7,0.84,1.44,7.92,24838,407304,196717,-210587,1560,5.077,43.5,1.44,-107.0507379,0.005076923,377.8,51427.27273,0.062068966
SF12518,Madhya Pradesh,Indore,Groundnut,Kharif,6.17,828.8,28.2,69.1,6.4,6.83,37,129.9,64.1,75.5,Rainfed,104,3.29,0.83,1.86,11.48,62518,326886,717707,390821,1593,7.207,58.5,1.86,54.45411568,0.007206529,269.5,28474.39024,0.056239316
SF12519,Madhya Pradesh,Indore,Wheat,Kharif,14.9,969.2,29.1,65.9,7.2,6.28,39.3,104.9,39.2,104.3,Drip,223.4,5.39,0.68,2.32,34.57,25467,948759,880394,-68365,6411,5.392,48.5,2.32,-7.765273275,0.005392294,248.4,27444.57622,0.111134021
SF12520,Andhra Pradesh,Krishna,Cotton,Zaid,10.41,478.3,32.3,33.1,8.6,6.78,18.4,169.1,70.7,115.5,Flood,196,4.62,0.69,1.38,14.37,68643,608977,986400,377423,9592,1.498,48.4,1.38,38.26267234,0.001498123,355.3,42378.35769,0.095454545
SF12521,Gujarat,Rajkot,Groundnut,Rabi,8.36,321.8,23.1,57.8,8.4,7.25,22.3,174.3,58,73.7,Drip,231.4,2.16,0.97,1.16,9.7,52411,535261,508387,-26874,3900,2.487,43.3,1.16,-5.286130448,0.002487179,306,55181.54639,0.049884527
SF12522,Gujarat,Rajkot,Wheat,Kharif,3.63,825.3,29.9,66,6.3,6.49,26.7,93.7,76.6,42.3,Flood,259.8,5.46,0.7,2.96,10.74,27675,308695,297230,-11465,2155,4.984,47.8,2.96,-3.857282239,0.004983759,212.6,28742.55121,0.114225941
SF12523,Tamil Nadu,Erode,Cotton,Kharif,11.85,810,26,66.9,6.7,6.41,32.9,122.7,88.2,92.2,Sprinkler,227.4,4.95,0.78,2.17,25.71,66334,797765,1705447,907682,7484,3.435,50.6,2.17,53.22252758,0.003435329,303.1,31029.36601,0.097826087
SF12524,Andhra Pradesh,Guntur,Sugarcane,Kharif,2.65,697.5,30.4,77.6,7.5,6.1,31.3,105.9,50.3,40.8,Sprinkler,164.2,3,0.95,49.09,130.09,4312,155179,560948,405769,4630,28.097,55.6,49.09,72.33629499,0.028097192,197,1192.85879,0.053956835
SF12525,Maharashtra,Nashik,Chilli,Rabi,8.16,382.2,23.6,64.5,8,7.11,26.6,113.6,44.9,74.1,Rainfed,244.4,5.56,0.9,1.25,10.2,93125,479871,949875,470004,2205,4.626,37.6,1.25,49.48061587,0.00462585,232.6,47046.17647,0.14787234
SF12526,Maharashtra,Nashik,Groundnut,Kharif,6.51,922.5,29.8,71.3,7.6,7.31,29,166.5,49.8,123.7,Sprinkler,154.4,7.33,0.88,1.41,9.18,55215,528644,506874,-21770,3323,2.763,44.6,1.41,-4.294952986,0.002762564,340,57586.49237,0.164349776
SF12527,Andhra Pradesh,Krishna,Maize,Kharif,14.39,609.1797436,26.3,82.4,5.9,6.44,26.5,67.4,35.3,121.9,Sprinkler,226.8,0.76,0.83,4.24,61.01,20457,1079411,1248082,168671,7924,7.699,62.7,4.24,13.51441652,0.007699394,224.6,17692.36191,0.012121212
SF12528,Tamil Nadu,Erode,Rice,Rabi,13.6,457.7,22.4,65.5,6.8,6.23,26.6,108.9,74.9,65,Rainfed,203.2,7.4,0.85,2.41,32.78,25575,815454,838348,22894,9936,3.299,24.2,2.41,2.730846856,0.003299114,248.8,24876.57108,0.305785124
SF12529,Telangana,Warangal,Rice,Kharif,0.98,871.1,29.7,65.1,7.5,7.11,28.8,114.3,73.8,144.3,Drip,211.3,2.86,0.95,3.05,2.99,18262,73419,54603,-18816,1256,2.381,42.7,3.05,-34.45964507,0.002380573,332.4,24554.8495,0.066978923
SF12530,Telangana,Nalgonda,Chilli,Kharif,6.78,1168,27.4,71.8,6.7,5.93,28.7,100.2,50.2,98.7,Sprinkler,188.8,5.61,0.99,0.89,6.03,102918,491496,620596,129100,4001,1.507,58.5,0.89,20.80258332,0.001507123,249.1,81508.45771,0.095897436
SF12531,Tamil Nadu,Erode,Cotton,Rabi,2.91,348.4,21.7,44.8,7.3,6.31,25.3,95.1,34.2,116.3,Flood,162.7,7.26,0.91,1.12,3.26,59942,205713,195411,-10302,2762,1.18,37.4,1.12,-5.271965242,0.001180304,245.6,63102.14724,0.194117647
SF12532,Gujarat,Rajkot,Pulses,Kharif,6.43,866.7,25.4,77.7,6.2,6.38,29.3,174.6,88.1,134.1,Sprinkler,202.2,4.66,0.84,1.56,10.03,68725,479129,689312,210183,2351,4.266,51.1,1.56,30.49170767,0.00426627,396.8,47769.59123,0.091193738
SF12533,Telangana,Nalgonda,Sugarcane,Kharif,6.09,695.7,30.4,71.7,9.3,6.92,26.4,114.2,82.2,58.4,Rainfed,240.7,6.08,0.72,72.92,444.08,3799,469732,1687060,1217328,5817,76.342,60,72.92,72.15676977,0.076341757,254.8,1057.764367,0.101333333
SF12534,Telangana,Warangal,Pulses,Kharif,13.61,893.4,35.3,73.8,7.5,7.19,34.7,113.1,51.6,87.9,Drip,124.6,4.9,0.73,0.91,12.39,68258,709265,845717,136452,3623,3.42,51.7,0.91,16.13447524,0.003419818,252.6,57244.95561,0.094777563
SF12535,Maharashtra,Nashik,Chilli,Kharif,8.55,865.2,31.4,76.8,7.2,7.71,29.1,162.1,73.8,110.8,Rainfed,162.9,1.73,0.66,0.7,5.98,116094,463908,694242,230334,2637,2.268,67.4,0.7,33.17776798,0.002267728,346.7,77576.58863,0.025667656
SF12536,Gujarat,Rajkot,Chilli,Rabi,6.47,314.5,22.1,54.3,7.9,7.04,23.3,117.6,35.1,159.6,Flood,142.6,1.35,0.72,1.43,9.25,105884,292034,979427,687393,5395,1.715,45.1,1.43,70.18317853,0.001714551,312.3,31571.24324,0.029933481
SF12537,Tamil Nadu,Erode,Cotton,Rabi,12.98,939.2,25.3,66.1,5.1,6.3,13.5,104.3,59,164.8,Flood,238.4,1.45,0.84,1.6,20.77,68805,785708,1429080,643372,13630,1.524,58.8,1.6,45.02001288,0.001523844,328.1,37828.98411,0.024659864
SF12538,Andhra Pradesh,Guntur,Rice,Rabi,13.52,785.2,26.5,52.4,7.5,5.89,19.5,63.1,16.8,160.6,Rainfed,236.9,1.44,0.76,1.5,20.28,22326,857817,452771,-405046,12008,1.689,58,1.5,-89.45935142,0.001688874,240.5,42298.66864,0.024827586
SF12539,Punjab,Ludhiana,Chilli,Kharif,4.98,873.3,29.9,57.1,6.4,6.17,31,147,69.1,160.7,Drip,105.1,6.18,0.91,2.09,10.41,106732,330280,1111080,780800,2123,4.903,44.7,2.09,70.27396767,0.004903439,376.8,31727.1854,0.138255034
SF12540,Punjab,Ludhiana,Rice,Kharif,4.62,974,25.8,77.4,7.9,5.88,27.8,152.5,81.4,112.8,Flood,115.3,5.7,0.99,1.98,9.15,24496,321866,224138,-97728,9652,0.948,43.2,1.98,-43.60170966,0.00094799,346.7,35176.61202,0.131944444
SF12541,Andhra Pradesh,Guntur,Rice,Zaid,3.45,289.7,28.8,44.1,8.5,6.09,24.4,153.2,60,170.9,Drip,103.3,4.66,0.79,2.16,7.45,19727,194959,146966,-47993,4225,1.763,34.5,2.16,-32.65585237,0.001763314,384.1,26168.99329,0.135072464
SF12542,Telangana,Nalgonda,Chilli,Kharif,1.28,823.5,31.1,71.9,7,7.2,33.8,145.4,59.7,91.5,Drip,130,4.45,0.69,2.07,2.65,119432,73487,316495,243008,629,4.213,66.7,2.07,76.7809918,0.004213037,296.6,27730.9434,0.066716642
SF12543,Andhra Pradesh,Guntur,Pulses,Kharif,8.05,949.8,32.3,63.1,6.1,7.93,33,115.4,22.6,94.1,Sprinkler,220.9,2.38,0.74,0.3,2.42,71356,391687,172682,-219005,2600,0.931,68.4,0.3,-126.8256101,0.000930769,232.1,161854.1322,0.034795322
SF12544,Telangana,Nalgonda,Wheat,Rabi,10.94,424,21.4,46.8,7.6,6.6,26.6,159.2,65.9,86.3,Rainfed,135.5,8.67,1,2.41,26.37,21329,469156,562446,93290,3489,7.558,21.8,2.41,16.58648119,0.00755804,311.4,17791.27797,0.397706422
SF12545,Punjab,Ludhiana,Wheat,Kharif,8.4,785.4,29.3,61.8,6.2,6.8,32.7,144,66.9,98.8,Rainfed,150,5.55,0.78,2.82,23.69,24269,492488,574933,82445,3023,7.837,47.3,2.82,14.33993178,0.007836586,309.7,20788.85606,0.117336152
SF12546,Gujarat,Rajkot,Maize,Rabi,13.27,575.9673418,23.4,45.2,7.2,7.21,18.1,136.2,62.7,78.1,Flood,157.6,4.97,0.86,3.17,42.07,19364,942227,814643,-127584,9069,4.639,36.8,3.17,-15.66133877,0.00463888,277,22396.64844,0.135054348
SF12547,Andhra Pradesh,Guntur,Maize,Kharif,1.56,795.4,28.2,63.5,5.4,6.42,36.2,175.4,50.6,114,Sprinkler,159.4,3.47,0.8,5.76,8.99,21180,90926,190408,99482,890,10.101,56.1,5.76,52.24675434,0.010101124,340,10114.12681,0.061853832
SF12548,Andhra Pradesh,Krishna,Sugarcane,Kharif,11.78,1014.1,33.9,74.8,6.8,6.93,28.1,91.2,78.8,63.3,Flood,287.8,6.29,1,44.19,520.56,3905,1012251,2032787,1020536,27032,19.257,56.3,44.19,50.20378426,0.019257177,233.3,1944.542416,0.111722913
SF12549,Karnataka,Raichur,Rice,Kharif,14.15,666.9,29.5,48.1,6.4,6.97,32.6,110.9,36.2,160.2,Drip,147.8,5.87,0.71,4.94,69.9,22745,933714,1589876,656162,16681,4.19,44.3,4.94,41.27126895,0.004190396,307.3,13357.85408,0.132505643
SF12550,Telangana,Nalgonda,Rice,Rabi,14.45,265.1,23.3,71.9,6.1,6.91,21.7,122,70.9,108.1,Rainfed,196.8,8.96,0.83,2.52,36.41,25827,1108245,940361,-167884,10721,3.396,35.5,2.52,-17.85314363,0.003396138,301,30437.92914,0.252394366
SF12551,Telangana,Warangal,Sugarcane,Rabi,14.61,294.8,23.6,46.7,8.3,7.26,25.5,162.8,59.7,121.7,Drip,146,6.02,0.69,49.38,721.44,3813,1050470,2750851,1700381,21698,33.249,34,49.38,61.81290808,0.033249147,344.2,1456.073963,0.177058824
SF12552,Telangana,Warangal,Rice,Zaid,10.09,183.9,34.8,43.9,7.2,6.97,14.9,86,36.3,109.2,Sprinkler,144.9,5.05,0.97,2.02,20.38,22930,706016,467313,-238703,12728,1.601,41.4,2.02,-51.0798972,0.001601194,231.5,34642.59078,0.121980676
SF12553,Karnataka,Raichur,Pulses,Rabi,8.79,849.7,23.2,72,7.5,5.46,28.8,145.3,57.8,135.5,Flood,157.3,3.47,0.9,0.3,2.64,64882,569155,171288,-397867,4587,0.576,55.2,0.3,-232.2795526,0.00057554,338.6,215589.0152,0.062862319
SF12554,Andhra Pradesh,Krishna,Chilli,Rabi,3.71,524.4,19.8,67.3,7,7.33,18.9,127,63.2,94.9,Flood,191.1,7.99,0.99,1.26,4.67,124606,255858,581910,326052,3443,1.356,32.7,1.26,56.03134505,0.001356375,285.1,54787.5803,0.244342508
SF12555,Gujarat,Rajkot,Groundnut,Rabi,4.56,214,22.3,54.6,7.2,7.64,19.9,106.9,61.9,114.5,Flood,142.6,3.63,0.92,0.45,2.05,65550,314482,134378,-180104,2981,0.688,41.9,0.45,-134.0278915,0.000687689,283.3,153405.8537,0.086634845
SF12556,Karnataka,Raichur,Chilli,Rabi,2.75,513.9,25.6,56.5,8.3,6.81,25.9,81.3,61.9,134.5,Drip,187.6,5.22,0.71,2.73,7.51,90171,172898,677184,504286,1090,6.89,30.8,2.73,74.46809139,0.006889908,277.7,23022.37017,0.169480519
SF12557,Tamil Nadu,Erode,Chilli,Rabi,11.41,336.9,22.6,55,9.3,6.66,26.5,129.5,63.6,73.1,Rainfed,201.2,2.03,0.65,2.09,23.85,104082,667791,2482356,1814565,3718,6.415,39.1,2.09,73.09849997,0.006414739,266.2,27999.62264,0.051918159
SF12558,Karnataka,Raichur,Chilli,Kharif,2.96,668.2,23.8,68.6,7.6,6.33,38.2,123.1,88.9,107.4,Rainfed,178.3,1.82,0.99,2.15,6.36,108818,155938,692082,536144,742,8.571,52.6,2.15,77.46827688,0.008571429,319.4,24518.55346,0.03460076
SF12559,Telangana,Nalgonda,Sugarcane,Kharif,9.67,1099.6,30.2,68,7,6.01,27.6,99.2,71.6,84.6,Drip,180.5,7.99,0.97,37.11,358.85,2920,543532,1047842,504310,15291,23.468,65.6,37.11,48.12843921,0.023468053,255.4,1514.649575,0.12179878
SF12560,Andhra Pradesh,Krishna,Rice,Kharif,9.21,727.7,24.5,88.1,7.9,5.2,30.4,115.4,59.6,103.1,Rainfed,210.5,5.91,0.9,0.3,2.76,23013,641172,63516,-577656,8921,0.309,50.7,0.3,-909.4653316,0.000309382,278.1,232308.6957,0.116568047
SF12561,Maharashtra,Nashik,Chilli,Kharif,0.73,830.2,29.5,81.4,6.2,6.28,31.2,126.2,57.6,75.1,Drip,163.6,7.14,0.94,2.25,1.64,103954,53771,170485,116714,405,4.049,47.3,2.25,68.45998182,0.004049383,258.9,32787.19512,0.150951374
SF12562,Andhra Pradesh,Guntur,Pulses,Kharif,11.9,610.1,23.6,76.3,7,6.27,34.8,118,88.9,107.6,Rainfed,249,6.04,0.67,1,11.9,78144,935676,929914,-5762,2784,4.274,52.7,1,-0.619627191,0.004274425,314.5,78628.23529,0.114611006
SF12563,Karnataka,Raichur,Groundnut,Kharif,12.76,817.8,28.2,71.8,7,7.01,27.1,122.7,69.7,105.1,Flood,150.6,6.43,0.99,2.29,29.22,56416,828345,1648476,820131,8499,3.438,54.8,2.29,49.7508608,0.003438052,297.5,28348.56263,0.117335766
SF12564,Gujarat,Rajkot,Maize,Kharif,8.99,720.5,31.4,63.4,7.6,6.25,36.9,102.8,17.3,107.5,Sprinkler,153.3,3.1,0.69,2.99,26.88,26754,590790,719148,128358,5587,4.811,58.1,2.99,17.84862087,0.004811169,227.6,21978.79464,0.053356282
SF12565,Punjab,Ludhiana,Sugarcane,Kharif,11.31,1025.3,27.5,63.8,7.4,6.66,29.8,102.6,60.3,115.7,Flood,161.1,5.09,0.68,57.47,649.99,3569,765550,2319814,1554264,25194,25.799,69.2,57.47,66.99950944,0.025799397,278.6,1177.787351,0.073554913
SF12566,Gujarat,Rajkot,Chilli,Rabi,11.13,387.7,26.4,57,7.3,7,14.9,220,46.8,107.9,Flood,210.5,6.94,0.81,2.19,24.37,110734,872860,2698588,1825728,10197,2.39,33.8,2.19,67.65493658,0.002389919,374.7,35816.9881,0.205325444
SF12567,Maharashtra,Nashik,Wheat,Kharif,8.52,943.1,25.8,79.6,6,6.12,34.2,139.2,64.2,65.1,Sprinkler,279.9,0.52,0.67,2.38,20.28,22271,546240,451656,-94584,4959,4.09,63.3,2.38,-20.94160157,0.004089534,268.5,26934.91124,0.00821485
SF12568,Andhra Pradesh,Guntur,Pulses,Kharif,10.39,742.1,26.7,76.9,6.3,6.08,34.2,161,53.6,69.1,Drip,249.5,4.77,0.68,1.19,12.36,63894,846335,789730,-56605,3704,3.337,53.4,1.19,-7.167639573,0.003336933,283.7,68473.7055,0.089325843
SF12569,Andhra Pradesh,Guntur,Chilli,Kharif,3.49,808.5,29.2,77.2,5.9,6.25,31.1,156.4,37.8,95.1,Sprinkler,281.6,2.81,0.85,2.14,7.47,99944,251912,746582,494670,2113,3.535,60,2.14,66.25795961,0.003535258,289.3,33723.1593,0.046833333
SF12570,Karnataka,Raichur,Maize,Kharif,0.96,933,27.2,60.3,7,7.5,34.2,134,86.9,146.9,Drip,249.6,4.05,0.99,2.71,2.6,25793,68527,67062,-1465,476,5.462,57.3,2.71,-2.184545644,0.005462185,367.8,26356.53846,0.070680628
SF12571,Andhra Pradesh,Guntur,Chilli,Rabi,10.69,298,21.4,63,7.5,6.86,21.1,144.3,26.6,44.7,Rainfed,207.6,5.25,0.7,1.67,17.85,87547,838946,1562714,723768,3370,5.297,49.8,1.67,46.31480872,0.005296736,215.6,46999.77591,0.105421687
SF12572,Andhra Pradesh,Krishna,Wheat,Kharif,2.97,971.4,31.1,81.3,7.7,5.86,21.5,169.8,44.3,104.5,Rainfed,225.3,3.76,0.99,1.04,3.09,21922,169871,67739,-102132,842,3.67,52.3,1.04,-150.7728192,0.003669834,318.6,54974.43366,0.071892925
SF12573,Maharashtra,Nashik,Rice,Rabi,2.61,326.1,23.4,61.2,7.2,5.67,23.6,157,52.6,91.4,Sprinkler,175.4,4.4,0.66,0.91,2.38,23982,195890,57077,-138813,4226,0.563,38.9,0.91,-243.2030415,0.00056318,301,82306.72269,0.11311054
SF12574,Telangana,Warangal,Cotton,Kharif,13.63,868,29.3,67.7,6.2,7.37,34.5,175.3,47.5,57,Flood,215.4,5.39,0.95,1.08,14.72,65829,1015139,969003,-46136,13773,1.069,50.6,1.08,-4.76118237,0.001068758,279.8,68963.24728,0.106521739
SF12575,Andhra Pradesh,Guntur,Maize,Zaid,5.68,273.8,24.6,36.7,8.5,6.58,8,149.5,69.4,67.3,Flood,208.3,6.39,0.73,3.59,20.39,22459,359012,457939,98927,5456,3.737,33.6,3.59,21.60265887,0.00373717,286.2,17607.25846,0.190178571
SF12576,Madhya Pradesh,Indore,Chilli,Rabi,2.5,381.8,21.2,61,9,8.08,24.1,127.7,31.7,106.4,Drip,213.8,3.15,0.92,0.3,0.75,100529,148168,75397,-72771,1145,0.655,45.6,0.3,-96.5171028,0.000655022,265.8,197557.3333,0.069078947
SF12577,Andhra Pradesh,Guntur,Rice,Rabi,1.93,457.1,22.4,52.8,7.1,6.32,24.1,148.5,50.8,94.5,Flood,270.1,4.03,0.89,2.56,4.94,25315,137736,125056,-12680,3828,1.29,46.4,2.56,-10.13945752,0.001290491,293.8,27881.78138,0.086853448
SF12578,Maharashtra,Nashik,Maize,Kharif,7.92,876.1,31.3,69.2,5.2,6.88,31.2,152.3,57,122.8,Flood,141.2,7.47,0.9,4,31.68,21092,519844,668195,148351,6543,4.842,51.9,4,22.20175248,0.004841816,332.1,16409.21717,0.143930636
SF12579,Madhya Pradesh,Indore,Maize,Rabi,2.13,233.2,22.9,61.3,6.6,6.24,22.1,116.9,64.7,81.3,Flood,126.7,4.64,0.7,2.43,5.18,21977,140234,113841,-26393,1632,3.174,34.3,2.43,-23.18409009,0.00317402,262.9,27072.20077,0.135276968
SF12580,Maharashtra,Nashik,Wheat,Rabi,4.24,531.1,27.4,64.9,6.9,6.11,20.1,62.9,57.3,104.3,Flood,267.7,5.3,0.87,1.74,7.38,26447,348371,195179,-153192,3328,2.218,43.9,1.74,-78.48795209,0.002217548,224.5,47204.74255,0.120728929
SF12581,Andhra Pradesh,Guntur,Pulses,Kharif,10.09,884.3,26.3,62.5,7,6.92,25.4,147.2,19.9,54.5,Drip,169.6,7.5,0.89,1.49,15.03,78224,644470,1175707,531237,3528,4.26,46.5,1.49,45.18447198,0.004260204,221.6,42878.90885,0.161290323
SF12582,Karnataka,Raichur,Pulses,Kharif,6.8,950.8,25.3,75.7,6,7.22,37.1,103,39.7,68.1,Rainfed,215.7,2.38,0.92,0.98,6.66,82858,426540,551834,125294,1396,4.771,70.2,0.98,22.70501636,0.004770774,210.8,64045.04505,0.033903134
SF12583,Karnataka,Raichur,Wheat,Rabi,3.57,316.1,24.3,55.5,8.4,5.68,26.3,151,73.4,157.7,Flood,185.3,3.22,0.91,0.84,3,23670,232564,71010,-161554,2289,1.311,47.5,0.84,-227.5088016,0.001310616,382.1,77521.33333,0.067789474
SF12584,Telangana,Warangal,Wheat,Rabi,8.8,769.9,21.9,71.9,6.7,5.99,26.2,89.5,77,79.4,Drip,190.3,7.16,0.94,1.82,16.02,23445,521169,375589,-145580,5182,3.091,51.2,1.82,-38.76045358,0.00309147,245.9,32532.397,0.13984375
SF12585,Gujarat,Rajkot,Cotton,Rabi,3.99,135.7,25.5,58.1,8.2,6.05,21.1,123.4,58.8,116.1,Flood,219,1.61,0.89,0.85,3.39,65462,313484,221916,-91568,3737,0.907,41.3,0.85,-41.26245967,0.000907145,298.3,92473.15634,0.038983051
SF12586,Telangana,Warangal,Cotton,Rabi,14.2,615.6,27.8,52.8,7.2,6.67,24.8,96,47.5,87.1,Rainfed,206.3,1.98,0.8,1.89,26.84,68482,831631,1838057,1006426,6355,4.223,65.6,1.89,54.75488519,0.004223446,230.6,30984.76155,0.030182927
SF12587,Andhra Pradesh,Krishna,Pulses,Kharif,12.12,813.8,31.6,61.9,5.7,6.91,30.9,141.1,64,125.5,Rainfed,129.6,5.69,0.96,1.4,16.97,70229,719492,1191786,472294,2188,7.756,46.3,1.4,39.62909449,0.007755941,330.6,42397.87861,0.122894168
SF12588,Punjab,Ludhiana,Chilli,Zaid,8.85,240.3,28.8,47.4,7.4,5.2,24.1,121.4,46.7,45,Flood,73,1.99,0.71,0.3,2.66,103566,452134,275486,-176648,6979,0.381,46.3,0.3,-64.12231475,0.000381143,213.1,169975.188,0.042980562
SF12589,Telangana,Nalgonda,Rice,Rabi,0.8,588.7,21,49.5,8.4,6.59,14.7,117.2,51.1,65.6,Flood,63.8,4.3,0.78,2.725,2.18,23341,42617,50883,8266,1599,1.363,29.4,2.725,16.24511133,0.001363352,233.9,19549.08257,0.146258503
SF12590,Andhra Pradesh,Krishna,Pulses,Rabi,13.5,592.3,26,54.6,6,5.75,34.3,152.8,51.7,107.7,Flood,98.3,2.7,0.69,0.57,7.69,70642,700317,543237,-157080,6802,1.131,45.2,0.57,-28.91555619,0.00113055,312.2,91068.53056,0.059734513
SF12591,Telangana,Nalgonda,Rice,Rabi,13.96,501.2,25.7,68.6,9,6.65,25.1,128.2,60.6,133.1,Drip,223,2.24,0.93,4.31,60.17,23367,1006684,1405992,399308,18480,3.256,53.1,4.31,28.40044609,0.003255952,321.9,16730.66312,0.042184557
SF12592,Maharashtra,Nashik,Sugarcane,Kharif,10.76,1104.2,27,68.3,5.9,7.21,27.8,99.2,57.2,130.3,Flood,137,0.5,0.99,47.69,513.14,3350,645414,1719019,1073605,26415,19.426,73.4,47.69,62.45451621,0.019426084,286.7,1257.773707,0.006811989
SF12593,Maharashtra,Nashik,Sugarcane,Rabi,1.4,410.4,22.7,60.7,7.1,5.99,21.9,146.3,67.6,97.3,Flood,232.3,3.29,0.69,35.23,49.32,3369,107879,166159,58280,3069,16.07,57.4,35.23,35.07483796,0.016070381,311.2,2187.327656,0.057317073
SF12594,Madhya Pradesh,Indore,Wheat,Kharif,14.84,762.5,29.8,62.4,7.9,6.67,30.6,177.6,74.5,91.1,Flood,121.7,4.77,0.93,4.35,64.55,23786,970996,1535386,564390,10014,6.446,63.8,4.35,36.75883459,0.006445976,343.2,15042.54067,0.07476489
SF12595,Gujarat,Rajkot,Wheat,Rabi,11.7,635.1,21.7,72.5,7.6,6.91,23.4,164.7,76.2,112.4,Flood,244.3,7.65,0.71,3.55,41.54,27922,928382,1159880,231498,7561,5.494,37.9,3.55,19.95878884,0.005493982,353.3,22349.10929,0.201846966
SF12596,Maharashtra,Nashik,Wheat,Kharif,7.45,735.6,28.6,74.6,6.5,7.09,40.6,109.3,32.7,98.8,Rainfed,213.3,4.87,0.75,2.23,16.61,23162,488920,384721,-104199,2191,7.581,64.8,2.23,-27.08430265,0.007581013,240.8,29435.27995,0.075154321
SF12597,Telangana,Warangal,Groundnut,Rabi,0.94,357.6,23,41.2,7.4,8.4,20.4,94,40.5,46.2,Drip,151,6.76,0.93,0.3,0.28,51490,59362,14417,-44945,371,0.755,26.9,0.3,-311.7500173,0.000754717,180.7,212007.1429,0.251301115
SF12598,Telangana,Warangal,Pulses,Rabi,11.03,1009.9,22.5,68.4,9.9,6.76,21.4,123.9,59,116.9,Flood,188.3,5.93,0.72,1.22,13.46,70718,703821,951864,248043,5155,2.611,46.1,1.22,26.05865964,0.002611057,299.8,52289.82169,0.128633406
SF12599,Gujarat,Rajkot,Cotton,Rabi,1.06,304.3,23.3,53.4,8.7,6.89,29.1,41.7,74.4,124.8,Drip,160.7,5.99,0.77,1.58,1.67,61411,75412,102556,27144,764,2.186,35.4,1.58,26.46749093,0.002185864,240.9,45156.88623,0.16920904
SF12600,Punjab,Ludhiana,Maize,Rabi,8.11,439,25,49.3,6.8,5.67,23.3,133.6,53.2,57.8,Drip,167.2,4.17,0.8,1.11,9,20825,462794,187425,-275369,4096,2.197,52.8,1.11,-146.9222356,0.002197266,244.6,51421.55556,0.078977273
SF12601,Gujarat,Rajkot,Chilli,Kharif,9.31,938.1,27.2,76.4,5.9,7.25,36.1,97.2,61.1,73.9,Drip,235,3.89,0.81,2.02,18.81,113686,499439,2138434,1638995,5296,3.552,58.5,2.02,76.64463809,0.003551737,232.2,26551.78097,0.066495726
SF12602,Punjab,Ludhiana,Wheat,Kharif,12.83,1115.9,27.8,76.5,6.1,6.52,39.2,143,56.2,111.8,Rainfed,192.1,7.94,0.85,3.11,39.9,22392,916971,893441,-23530,3280,12.165,59.6,3.11,-2.633637812,0.012164634,311,22981.72932,0.133221477
SF12603,Telangana,Warangal,Wheat,Kharif,2.55,905.6,28.5,86.3,3.7,6.23,25.6,143.9,54.7,101.6,Rainfed,243.6,4.88,0.66,1.93,4.92,23402,149053,115138,-33915,775,6.348,50.8,1.93,-29.4559572,0.006348387,300.2,30295.3252,0.096062992
SF12604,Telangana,Warangal,Cotton,Zaid,6.08,183.4,32.9,58.5,8.9,6.63,24,84.6,79.8,90.8,Flood,304.9,1.9,0.78,1.2,7.3,70256,446320,512869,66549,6228,1.172,38.6,1.2,12.97582814,0.001172126,255.2,61139.72603,0.049222798
SF12605,Maharashtra,Nashik,Pulses,Kharif,7.49,877.2,27,71.5,7.2,6.57,37,117.6,48,118.1,Rainfed,130.6,3.96,0.75,1.41,10.56,87938,413011,928625,515614,1498,7.049,57.4,1.41,55.5244582,0.007049399,283.7,39110.89015,0.068989547
SF12606,Karnataka,Raichur,Chilli,Kharif,8.65,1001.5,25.7,68.6,5.3,6.47,38.5,138,75.4,75.3,Drip,91.5,8.51,0.66,2.49,21.54,100431,524840,2163284,1638444,5016,4.294,42.3,2.49,75.73873796,0.004294258,288.7,24365.83101,0.201182033
SF12607,Punjab,Ludhiana,Maize,Rabi,1.51,295.6,23.1,70.8,5.4,6.44,29,94.3,62.8,146.6,Flood,157.1,3.6,0.92,3.13,4.73,24087,90538,113932,23394,1284,3.684,34.2,3.13,20.53330057,0.003683801,303.7,19141.22622,0.105263158
SF12608,Tamil Nadu,Erode,Chilli,Rabi,11.82,469.2,27,56.7,6.9,6.86,26.4,141.8,43.2,64.1,Rainfed,174.3,6.15,0.88,2.02,23.88,102833,767026,2455652,1688626,4028,5.929,39.2,2.02,68.76487385,0.0059285,249.1,32120.01675,0.156887755
SF12609,Telangana,Nalgonda,Rice,Kharif,14,593.9825243,30.4,71.2,5.6,6.63,30.5,92.7,71.8,86.6,Flood,211.6,3.45,0.69,3.33,46.62,19350,935243,902097,-33146,25626,1.819,55.3,3.33,-3.674327705,0.001819246,251.1,20060.98241,0.06238698
SF12610,Tamil Nadu,Erode,Pulses,Rabi,9.96,636.9,23.8,70.6,7.4,7.55,26.5,161,50.4,113.7,Rainfed,151,1.77,0.68,0.6,5.98,69209,552554,413870,-138684,1809,3.306,51.5,0.6,-33.5090729,0.003305694,325.1,92400.33445,0.034368932
SF12611,Madhya Pradesh,Indore,Rice,Kharif,14.43,715.9,24.6,61.6,6.8,6.52,30.1,128.3,53.5,119.9,Flood,195,8.08,0.75,4.13,59.6,22815,1007705,1359774,352069,24824,2.401,32.9,4.13,25.89172907,0.002400902,301.7,16907.80201,0.245592705
SF12612,Telangana,Warangal,Groundnut,Zaid,5.62,444.7,36.1,44.2,7.4,6.56,15.6,96.3,77.2,98.6,Flood,175.3,0.5,0.66,1.3,7.31,55217,329558,403636,74078,3719,1.966,64.1,1.3,18.35267419,0.001965582,272.1,45083.17373,0.007800312
SF12613,Maharashtra,Nashik,Rice,Kharif,9.8,832.7,20.5,82.7,7.2,7.37,32.6,109.5,66,90.7,Drip,120.8,2.82,0.86,1.54,15.09,20811,564378,314038,-250340,14356,1.051,58.9,1.54,-79.71646743,0.001051128,266.2,37400.79523,0.047877759
SF12614,Tamil Nadu,Erode,Pulses,Zaid,3.63,337.3,30.1,65.8,9.3,7.07,30.1,159.3,36.7,88.5,Drip,202.3,5.38,0.74,1.08,3.92,69258,261279,271491,10212,1176,3.333,45.7,1.08,3.761450656,0.003333333,284.5,66652.80612,0.117724289
SF12615,Andhra Pradesh,Krishna,Sugarcane,Kharif,6.44,732.1,27.9,75.5,5.9,6.89,29.4,96.7,61.1,104,Sprinkler,259.3,6.27,0.76,76.79,494.53,3752,420397,1855477,1435080,11301,43.76,45.2,76.79,77.34291506,0.043759844,261.8,850.0940287,0.138716814
SF12616,Punjab,Ludhiana,Pulses,Rabi,5.67,660.9,23.3,36.6,6.4,5.58,28.1,138.5,60.5,127.3,Sprinkler,266.1,4.17,0.85,0.34,1.93,67335,336845,129957,-206888,2290,0.843,38.3,0.34,-159.1972729,0.000842795,326.3,174531.0881,0.108877285
SF12617,Karnataka,Raichur,Chilli,Kharif,11.47,774.1,24.7,81,6.2,8.35,32.6,116.5,40.7,133.1,Drip,192.2,3.96,0.93,0.3,3.44,101401,756496,348819,-407677,6561,0.524,52.4,0.3,-116.8735075,0.00052431,290.3,219911.6279,0.075572519
SF12618,Punjab,Ludhiana,Maize,Rabi,13.9,299.6,19.9,61.9,9,7.13,22.3,43.8,74.1,57.7,Flood,156.7,3.5,0.75,2.31,32.11,16690,942189,535916,-406273,11095,2.894,56.2,2.31,-75.80908202,0.002894096,175.6,29342.54126,0.06227758
SF12619,Gujarat,Rajkot,Cotton,Kharif,9.2,854.4,27.1,71.3,9.3,6.86,35,100,50.3,76.7,Flood,203.4,5.33,0.86,1.93,17.76,76225,533536,1353756,820220,8642,2.055,34.1,1.93,60.58846646,0.00205508,227,30041.44144,0.156304985
SF12620,Telangana,Nalgonda,Maize,Kharif,9.92,835.4,27.8,70.8,7.9,6.4,35,142.4,53.7,173.9,Flood,263.3,4.87,0.85,4.36,43.25,21226,744227,918024,173797,7770,5.566,62.5,4.36,18.93164013,0.005566281,370,17207.56069,0.07792
SF12621,Gujarat,Rajkot,Wheat,Zaid,11.1,209.3,36.2,54.9,7.6,6.62,13.7,140.7,60.3,106.6,Drip,185.4,7.07,0.9,1.99,22.09,19263,700637,425520,-275117,5660,3.903,40.3,1.99,-64.65430532,0.003902827,307.6,31717.38343,0.175434243
SF12622,Andhra Pradesh,Krishna,Cotton,Kharif,7.25,905.1,27.8,78,6.3,7.82,26.2,40,53.6,98.6,Flood,94.8,3.14,0.95,0.33,2.39,66124,480016,158036,-321980,7141,0.335,65.3,0.33,-203.7383887,0.000334687,192.2,200843.5146,0.048085758
SF12623,Punjab,Ludhiana,Groundnut,Kharif,2.99,290.7,29.1,77.5,6.2,7.55,34.4,147.5,65.8,58.2,Rainfed,132.8,5.54,0.65,0.7,2.09,47176,192370,98598,-93772,772,2.707,41.9,0.7,-95.10537739,0.002707254,271.5,92043.0622,0.13221957
SF12624,Gujarat,Rajkot,Rice,Rabi,6.33,300.4,23.3,65.8,7.1,6.46,22.2,117.6,15,87.1,Rainfed,239,1.84,0.67,2.44,15.45,22494,461298,347532,-113766,4906,3.149,50.1,2.44,-32.73540278,0.003149205,219.7,29857.47573,0.036726547
SF12625,Andhra Pradesh,Krishna,Wheat,Kharif,2.1,754.1,29.2,74,7.5,6.54,25.6,132.7,25,131.7,Drip,142,4.69,0.88,4.11,8.63,25947,169826,223923,54097,934,9.24,51.1,4.11,24.158751,0.009239829,289.4,19678.56315,0.091780822
SF12626,Gujarat,Rajkot,Pulses,Rabi,5.5,390.2,24.3,60.3,6.2,6.46,20,108.2,15,113.4,Rainfed,244.8,3.98,0.72,0.94,5.17,69027,394777,356870,-37907,989,5.228,39.9,0.94,-10.62207527,0.005227503,236.6,76359.18762,0.099749373
SF12627,Karnataka,Raichur,Chilli,Kharif,5.73,803.5,31.6,77.1,6.4,5.91,33,134.3,51.9,79.1,Rainfed,271,0.5,0.77,0.99,5.67,95833,361152,543373,182221,1851,3.063,67.4,0.99,33.53515909,0.003063209,265.3,63695.2381,0.007418398
SF12628,Telangana,Nalgonda,Maize,Kharif,12.75,855.5,29.8,73.5,7.1,5.39,27.2,123.9,75.6,72.9,Drip,157.9,3.74,0.97,0.47,5.99,19987,896953,119722,-777231,5724,1.046,72.3,0.47,-649.1964718,0.001046471,272.4,149741.7362,0.051728907
SF12629,Maharashtra,Nashik,Rice,Rabi,12.97,624,22.6,52,7.7,6.39,25.4,93.4,47.4,116.1,Rainfed,163.8,5.16,0.81,2.73,35.41,23487,879149,831675,-47474,10387,3.409,46.9,2.73,-5.708239396,0.003409069,256.9,24827.70404,0.110021322
SF12630,Andhra Pradesh,Krishna,Wheat,Rabi,3.97,308.3,26.1,47.6,8,7.48,25.8,81.4,47.3,105.8,Flood,167.8,2.1,0.75,1.26,5,26444,256728,132220,-124508,3140,1.592,32.1,1.26,-94.16729693,0.001592357,234.5,51345.6,0.065420561
SF12631,Maharashtra,Nashik,Wheat,Kharif,1.93,871.1,25.8,77.3,6.2,6.66,26.9,112.8,61.2,91.5,Drip,161.5,2.06,0.93,3.91,7.55,22134,129322,167112,37790,1014,7.446,66.4,3.91,22.61357652,0.007445759,265.5,17128.74172,0.031024096
SF12632,Tamil Nadu,Erode,Groundnut,Kharif,10.81,974.3,29.2,82.4,7.4,7.29,30.4,123.3,37.1,114,Flood,283,1.96,0.8,1.29,13.94,59834,853114,834086,-19028,6349,2.196,74,1.29,-2.28129953,0.002195621,274.4,61198.9957,0.026486486
SF12633,Telangana,Nalgonda,Maize,Kharif,0.53,600.3,30.3,80.4,7.5,7.07,25,128.2,43.6,89.3,Rainfed,130.6,6.96,0.76,3.61,1.91,25284,31811,48292,16481,183,10.437,51.5,3.61,34.12780585,0.010437158,261.1,16654.97382,0.135145631
SF12634,Telangana,Warangal,Rice,Rabi,13.98,183.4,20.6,57.2,8.6,7.11,19.6,122.6,79.7,142.9,Flood,138,8.71,0.97,2.1,29.36,22705,838532,666619,-171913,24489,1.199,24.1,2.1,-25.7887939,0.001198906,345.2,28560.35422,0.361410788
SF12635,Gujarat,Rajkot,Groundnut,Rabi,7.02,339.7,20.8,54.7,8,5.44,23.2,111.5,44.1,135.3,Sprinkler,207.8,10.01,0.83,0.3,2.11,65511,568881,138228,-430653,3061,0.689,17.9,0.3,-311.5526521,0.000689317,290.9,269611.8483,0.559217877
SF12636,Tamil Nadu,Erode,Maize,Kharif,6.6,992.3,28.8,57.2,7.4,6.84,40.1,149.4,41.9,106.9,Rainfed,215.6,4.02,0.83,3.29,21.71,19292,405935,418829,12894,2165,10.028,56.9,3.29,3.078583384,0.010027714,298.2,18698.06541,0.070650264
SF12637,Gujarat,Rajkot,Rice,Rabi,7.61,414.8,21.5,46.5,8,6.24,24.5,70.7,53.4,90.6,Flood,250.1,5.01,0.68,2.29,17.43,15770,536989,274871,-262118,12476,1.397,43.6,2.29,-95.36036905,0.001397082,214.7,30808.31899,0.114908257
SF12638,Telangana,Warangal,Cotton,Zaid,12.94,288,30,62.6,7.9,7.27,16.1,169.2,68.2,101.7,Rainfed,196.3,5.41,0.79,1.06,13.72,72341,1074747,992519,-82228,5355,2.562,34.7,1.06,-8.284778427,0.002562092,339.1,78334.32945,0.155907781
SF12639,Madhya Pradesh,Indore,Rice,Rabi,11.3,375.4,24.5,42.9,7.1,6.32,18.9,109.6,71.1,108.7,Drip,199.1,6.81,0.94,3.57,40.34,23944,782086,965901,183815,11681,3.453,26.3,3.57,19.03041823,0.003453471,289.4,19387.35746,0.258935361
SF12640,Andhra Pradesh,Guntur,Wheat,Kharif,1.5,1069.2,28.4,76.5,6.7,7.73,23.7,171.1,55,126.3,Drip,197.7,6.21,0.95,1.05,1.58,26068,104343,41187,-63156,632,2.5,56.1,1.05,-153.339646,0.0025,352.4,66039.87342,0.110695187
SF12641,Punjab,Ludhiana,Sugarcane,Rabi,1.75,630.2,22.7,53,9,6.78,27.6,123.9,47.5,111.4,Rainfed,274,4.78,0.84,57.02,99.79,3764,136252,375610,239358,1805,55.285,48.1,57.02,63.72514044,0.055285319,282.8,1365.387313,0.099376299
SF12642,Karnataka,Raichur,Wheat,Kharif,14.92,896.7,27.5,65.7,6.1,6.8,35.7,135.2,69.1,124.9,Sprinkler,214,7.02,0.98,3.98,59.38,19970,1022555,1185819,163264,7593,7.82,49.4,3.98,13.76803711,0.007820361,329.2,17220.5288,0.142105263
SF12643,Andhra Pradesh,Krishna,Chilli,Rabi,12.49,342.6,23.8,60.4,5.7,7.68,19.3,138.1,77.7,77.6,Sprinkler,263.5,7.76,0.66,0.79,9.87,99804,857394,985065,127671,7852,1.257,36.3,0.79,12.96066757,0.001257005,293.4,86868.69301,0.213774105
SF12644,Punjab,Ludhiana,Rice,Kharif,8.44,656.7,23.6,60.3,6.3,7.78,33.2,139.5,55.6,110,Flood,157.7,2.05,0.87,0.89,7.51,21576,416191,162036,-254155,14247,0.527,51.4,0.89,-156.8509467,0.000527129,305.1,55418.24234,0.039883268
SF12645,Telangana,Warangal,Maize,Rabi,14.48,577.3,22.2,53,7.6,7.47,20.5,139.7,60.8,124.4,Rainfed,177.1,8.2,0.99,1.87,27.08,24499,1126428,663433,-462995,4998,5.418,32.6,1.87,-69.78775551,0.005418167,324.9,41596.30724,0.251533742
SF12646,Madhya Pradesh,Indore,Pulses,Rabi,13.64,417.1,23.8,44.5,7.6,6.57,22,112.6,47.5,108.7,Flood,222.4,6.39,0.87,1.32,18,79028,1109046,1422504,313458,6818,2.64,20.5,1.32,22.03564981,0.00264007,268.8,61613.66667,0.311707317
SF12647,Telangana,Warangal,Rice,Rabi,7.88,614.3,22.7,58.5,5.6,6.7,19.6,153.4,65.8,113.2,Sprinkler,221,2.26,0.77,3.63,28.6,21692,471647,620391,148744,12290,2.327,57.3,3.63,23.97584749,0.002327095,332.4,16491.15385,0.039441536
SF12648,Maharashtra,Nashik,Pulses,Kharif,13.16,678,31.8,66.1,8.4,6.31,27.2,146.4,81.6,115.2,Rainfed,201.6,7.33,1,1.28,16.84,79743,815333,1342872,527539,2793,6.029,51.2,1.28,39.28438451,0.006029359,343.2,48416.44893,0.143164063
SF12649,Andhra Pradesh,Krishna,Groundnut,Kharif,7.58,929.6,30,75.4,8.6,5.65,29.8,120.4,48.2,145.8,Drip,256.3,5.21,0.7,0.59,4.47,51303,589941,229324,-360617,3106,1.439,66.1,0.59,-157.2521847,0.00143915,314.4,131977.8523,0.07881997
SF12650,Andhra Pradesh,Krishna,Cotton,Rabi,14.87,475.7,20.8,66.5,6.7,7.51,27.7,77.9,75.1,107.5,Rainfed,283.7,5.71,0.98,0.62,9.22,76524,946623,705551,-241072,6097,1.512,49,0.62,-34.16790565,0.001512219,260.5,102670.6074,0.116530612
SF12651,Punjab,Ludhiana,Rice,Rabi,4.81,373.2,21.7,61.5,9.8,7.03,25.9,125.7,67.6,92.7,Flood,150.5,4.08,0.79,2.42,11.64,24890,289238,289720,482,8520,1.366,31.9,2.42,0.166367527,0.001366197,286,24848.62543,0.127899687
SF12652,Maharashtra,Nashik,Chilli,Kharif,3.08,804.4,29.1,74.7,7.7,6.94,30.4,88.8,57.8,128.3,Drip,52.9,2.91,0.76,2.31,7.11,99847,160063,709912,549849,1678,4.237,43.8,2.31,77.45312095,0.004237187,274.9,22512.37693,0.066438356
SF12653,Andhra Pradesh,Guntur,Pulses,Kharif,13.49,1024.4,32.4,85.7,7.3,5.68,20.1,151.4,53.3,104.8,Flood,126.2,6.13,0.8,0.3,4.05,72158,925226,292240,-632986,4921,0.823,70.1,0.3,-216.5980016,0.000823003,309.5,228450.8642,0.087446505
SF12654,Telangana,Warangal,Groundnut,Kharif,10.29,995.1,30.6,72.9,6.1,5.68,34.7,123,41.9,131,Drip,154.3,6.1,0.94,0.56,5.76,63123,752069,363588,-388481,4662,1.236,56.5,0.56,-106.8464856,0.001235521,295.9,130567.5347,0.107964602
SF12655,Gujarat,Rajkot,Groundnut,Rabi,12.13,418.9,22.6,72.8,6.5,6.52,31.9,145.3,67.3,130,Flood,107.5,4.33,0.86,1.9,23.05,56661,686700,1306036,619336,7291,3.161,42.1,1.9,47.42105118,0.003161432,342.6,29791.75705,0.102850356
SF12656,Maharashtra,Nashik,Rice,Kharif,7.57,785.1,29.6,72.7,8,7.14,28.8,130.1,29.3,75.8,Rainfed,166,7.95,0.74,2.35,17.79,21253,510677,378091,-132586,6287,2.83,56.2,2.35,-35.06721927,0.002829648,235.2,28705.84598,0.141459075
SF12657,Andhra Pradesh,Guntur,Sugarcane,Rabi,2.54,432.7,25.4,61.9,7.9,6.62,19.1,137,67.7,95.8,Drip,185.3,3.5,0.97,73.97,187.88,3219,175647,604786,429139,4441,42.306,47.6,73.97,70.95716501,0.042305787,300.5,934.889291,0.073529412
SF12658,Andhra Pradesh,Guntur,Groundnut,Rabi,8.56,606.5359375,23.5,66.7,7.9,6.55,29.7,79.4,31.8,124.3,Flood,85.6,5.97,0.94,1.44,12.33,48556,544775,598695,53920,5529,2.23,50,1.44,9.006255272,0.00223006,235.5,44182.88727,0.1194
SF12659,Tamil Nadu,Erode,Sugarcane,Rabi,11.52,658.7,21.1,63.6,9.1,6.37,24,109.8,62.9,121.6,Drip,191.9,0.5,0.89,78.82,908.01,3464,680514,3145347,2464833,18157,50.009,59.1,78.82,78.36442211,0.050008812,294.3,749.4565038,0.008460237
SF12660,Andhra Pradesh,Krishna,Groundnut,Kharif,12.65,850.5,25.6,69.1,6.3,6.5,38.3,102.3,44.4,131.5,Rainfed,214.3,8.77,0.82,1.88,23.78,53014,811680,1260673,448993,3629,6.553,54.1,1.88,35.61534196,0.006552769,278.2,34132.88478,0.162107209
SF12661,Andhra Pradesh,Krishna,Groundnut,Zaid,8.44,405.1,32.7,52.4,7.1,7.82,17.8,138.1,80,55.4,Sprinkler,194.1,5.24,0.7,0.31,2.62,48653,521342,127471,-393871,4339,0.604,46.8,0.31,-308.9887112,0.000603826,273.5,198985.4962,0.111965812
SF12662,Tamil Nadu,Erode,Groundnut,Rabi,0.76,389.4,28.8,60.4,7.3,7.64,18.7,144.5,65.5,72.9,Drip,269.8,3.9,0.91,0.59,0.45,58923,68519,26515,-42004,338,1.331,50.1,0.59,-158.4159909,0.001331361,282.9,152264.4444,0.077844311
SF12663,Andhra Pradesh,Krishna,Maize,Rabi,9.16,533,28.3,59.8,8.2,6.35,24.1,70.7,75.6,99,Rainfed,52.1,4.24,0.71,3.53,32.33,21072,454174,681258,227084,2855,11.324,36.6,3.53,33.33303976,0.011323993,245.3,14048.06681,0.115846995
SF12664,Tamil Nadu,Erode,Wheat,Kharif,2.34,1151.4,22.5,55.7,6.6,5.82,28.7,117.7,96.8,121.8,Sprinkler,204.9,1,0.96,1.02,2.39,22364,139230,53450,-85780,1229,1.945,71,1.02,-160.4864359,0.00194467,336.3,58255.23013,0.014084507
SF12665,Gujarat,Rajkot,Rice,Rabi,10.56,447.7,21.9,58.3,6.4,5.9,29.2,152.3,46.5,129.2,Flood,94.4,8.36,0.68,1.59,16.79,24173,689101,405865,-283236,19157,0.876,29.4,1.59,-69.7857662,0.000876442,328,41042.34663,0.284353741
SF12666,Maharashtra,Nashik,Cotton,Rabi,3.29,547.9,26.9,66,5.7,7.33,39.2,88.3,15,144.2,Drip,140.6,7.62,0.79,1.29,4.24,55235,260555,234196,-26359,1910,2.22,29.7,1.29,-11.25510256,0.002219895,247.5,61451.65094,0.256565657
SF12667,Karnataka,Raichur,Sugarcane,Rabi,11.62,303.3,24,52.7,7.1,7.04,21.4,113.5,71.8,78,Sprinkler,235.1,4.85,0.95,52.49,609.93,3443,881787,2099989,1218202,20581,29.636,50.4,52.49,58.00992291,0.029635586,263.3,1445.718361,0.096230159
SF12668,Maharashtra,Nashik,Pulses,Kharif,7.21,880.8,26.9,84.6,5.4,7.6,26,110.5,74.4,140.6,Flood,230.3,2.77,0.74,0.56,4.04,69848,561086,282186,-278900,3451,1.171,66.5,0.56,-98.83551983,0.001170675,325.5,138882.6733,0.041654135
SF12669,Karnataka,Raichur,Rice,Rabi,6.98,614.8,21,53.2,7,7.8,32,55.3,53.5,122.3,Drip,144.9,5.47,0.87,0.73,5.1,23421,421924,119447,-302477,8241,0.619,40.5,0.73,-253.2311402,0.000618857,231.1,82730.19608,0.135061728
SF12670,Telangana,Nalgonda,Rice,Kharif,10.71,655.9,31.5,54.2,3.7,6.52,33.4,169.1,94.4,91.5,Rainfed,220.1,7.78,0.84,4.11,44.02,22305,893068,981866,88798,9453,4.657,39.4,4.11,9.043800274,0.004656723,355,20287.77828,0.197461929
SF12671,Madhya Pradesh,Indore,Maize,Kharif,5.41,992.7,29.8,64.2,8.5,6.75,35.6,80.7,43.8,50.2,Drip,217,4.95,0.67,3.88,20.99,17708,398018,371691,-26327,2867,7.321,58,3.88,-7.083034026,0.007321242,174.7,18962.26775,0.085344828
SF12672,Madhya Pradesh,Indore,Groundnut,Kharif,8.8,917.3,30.3,76.6,9.2,7.38,30.6,166.7,61.8,94.4,Drip,127.2,5.23,0.67,1.3,11.44,58368,545956,667730,121774,3712,3.082,52.9,1.3,18.23701197,0.003081897,322.9,47723.42657,0.098865784
SF12673,Andhra Pradesh,Guntur,Groundnut,Rabi,12.16,323.5,22.8,68.9,9.7,6.73,31.3,86,42,102.6,Flood,70.8,6,0.67,1.51,18.36,59843,632338,1098717,466379,7506,2.446,31.7,1.51,42.44760025,0.002446043,230.6,34441.06754,0.189274448
SF12674,Punjab,Ludhiana,Rice,Rabi,10.4,344.2,26.1,49.9,9.3,7.23,18.5,148.9,63,130.9,Drip,111.9,0.5,0.78,3.17,32.97,24765,541869,816502,274633,12662,2.604,40.1,3.17,33.63531259,0.002603854,342.8,16435.21383,0.012468828
SF12675,Punjab,Ludhiana,Groundnut,Kharif,9.88,984.7,32.1,69.5,7.3,6.03,36.2,101.7,83.6,109.5,Rainfed,215,5.2,0.93,1.110323887,10.97,61027,581955,669466,87511,2666,4.115,66.1,1.110323887,13.07176167,0.004114779,294.8,53049.68095,0.078668684
SF12676,Telangana,Nalgonda,Wheat,Rabi,11.99,440.7,24.8,54,10.6,6.3,27.8,166.9,57,124.4,Rainfed,148.3,2.74,0.98,2.55,30.57,19676,699063,601495,-97568,3422,8.933,44.3,2.55,-16.22091622,0.008933372,348.3,22867.61531,0.061851016
SF12677,Tamil Nadu,Erode,Chilli,Rabi,8.51,428.2,23.6,47,5.6,6.43,16.3,81.6,27.2,90.3,Rainfed,264.4,6.29,0.76,1.63,13.87,105681,580321,1465795,885474,2856,4.856,33.5,1.63,60.40912952,0.004856443,199.1,41840.01442,0.187761194
SF12678,Telangana,Nalgonda,Chilli,Rabi,2.59,363.6,24.7,43.7,9.3,6.81,22.3,104.5,53.6,100.3,Rainfed,134.8,3.43,0.73,1.66,4.3,103022,156158,442995,286837,873,4.926,42.3,1.66,64.74948927,0.004925544,258.4,36315.81395,0.08108747
SF12679,Karnataka,Raichur,Sugarcane,Rabi,1.38,229.6,26.8,63.7,8,6.91,21.8,146.7,76.7,41.8,Flood,137.5,4.3,0.68,51.33,70.84,3408,85721,241423,155702,2883,24.572,34.8,51.33,64.49344097,0.024571627,265.2,1210.064935,0.123563218
SF12680,Gujarat,Rajkot,Rice,Rabi,0.87,558.2,18,48.1,7.4,6.2,24,90.6,108.2,101.6,Drip,199,4.45,0.97,2.38,2.07,20716,55696,42882,-12814,1288,1.607,34.6,2.38,-29.88200177,0.001607143,300.4,26906.28019,0.128612717
SF12681,Gujarat,Rajkot,Cotton,Kharif,8.26,584.4,25.1,81.4,7.1,6.83,26.8,89.8,46.3,94.6,Drip,149.7,6.42,0.69,2.14,17.68,76495,491922,1352432,860510,5341,3.31,43.4,2.14,63.62685887,0.003310242,230.7,27823.64253,0.147926267
SF12682,Maharashtra,Nashik,Wheat,Rabi,2.45,521,25.2,44.8,8,6.97,34.4,134.7,55.3,39.9,Flood,143.9,6.04,0.79,2.32,5.68,26391,162672,149901,-12771,1670,3.401,37.8,2.32,-8.519622951,0.003401198,229.9,28639.43662,0.15978836
SF12683,Karnataka,Raichur,Chilli,Zaid,6.17,370.2,30.2,49.6,8.1,6.47,11.7,129.8,38.3,88.6,Flood,201.4,6.11,0.95,1.91,11.78,98626,447203,1161814,714611,5028,2.343,39.8,1.91,61.50821044,0.00234288,256.7,37962.90323,0.153517588
SF12684,Andhra Pradesh,Krishna,Wheat,Kharif,11.68,974.7,31.3,53.4,7.4,7.3,30.9,59.7,43.3,111.7,Rainfed,138.2,5.89,0.96,1.71,19.97,27444,817212,548057,-269155,3662,5.453,52.5,1.71,-49.11076768,0.005453304,214.7,40921.98297,0.112190476
SF12685,Gujarat,Rajkot,Cotton,Zaid,10.36,262.9,29.9,56.9,7.3,7.02,27.3,99.5,61.6,137.8,Rainfed,183.5,7.85,0.85,0.94,9.74,68920,687801,671281,-16520,4355,2.237,36.7,0.94,-2.460966421,0.00223651,298.9,70616.1191,0.213896458
SF12686,Telangana,Warangal,Wheat,Zaid,8.18,569,26.5,48.8,8.6,6.44,18.8,87,57.2,101.9,Rainfed,104.1,7.73,0.79,2.41,19.71,22332,441815,440164,-1651,2394,8.233,38.4,2.41,-0.375087467,0.008233083,246.1,22415.77879,0.201302083
SF12687,Punjab,Ludhiana,Groundnut,Rabi,1.74,460.1,20,54.3,8,7.2,22.8,127.5,60.1,88,Rainfed,221.6,9.71,0.75,1.22,2.12,57553,128912,122012,-6900,431,4.919,29.3,1.22,-5.655181458,0.004918794,275.6,60807.54717,0.331399317
SF12688,Maharashtra,Nashik,Pulses,Kharif,14.47,813.9,29,72.9,6.6,6.47,33.3,63.7,60.7,114.9,Rainfed,131.5,3.96,0.88,1.01,14.61,66177,803404,966846,163442,3045,4.798,59.5,1.01,16.904657,0.00479803,239.3,54990.00684,0.066554622
SF12689,Punjab,Ludhiana,Pulses,Rabi,14.06,557.8,29.1,41.9,5.8,5.78,30.4,119.7,108.3,111.8,Sprinkler,125.9,4.87,0.93,0.58,8.15,63437,956479,517012,-439467,5293,1.54,36.7,0.58,-85.00131525,0.00153977,339.8,117359.3865,0.132697548
SF12690,Maharashtra,Nashik,Groundnut,Zaid,11.35,101.3,31.3,38,7.8,6.58,15.7,172,78.4,108.9,Rainfed,226.1,5.46,0.67,1.04,11.8,53427,891716,630439,-261277,3685,3.202,34.3,1.04,-41.44366069,0.003202171,359.3,75569.15254,0.159183673
SF12691,Telangana,Nalgonda,Rice,Rabi,6.96,80,23.1,70.5,8.3,7.57,15.1,125.6,43.4,125.2,Flood,345,5.51,0.76,1.18,8.21,17715,537298,145440,-391858,12977,0.633,39.1,1.18,-269.4293179,0.000632658,294.2,65444.33618,0.140920716
SF12692,Tamil Nadu,Erode,Chilli,Rabi,12.55,672.8,25.1,51.5,8,5.98,25.4,169.9,48.3,133.5,Flood,138.8,6.55,0.74,1.56,19.58,108486,938404,2124156,1185752,8827,2.218,39.7,1.56,55.82226541,0.002218194,351.7,47926.65986,0.164987406
SF12693,Telangana,Nalgonda,Wheat,Kharif,13.05,833.9,24.8,60.4,6.5,6.91,35.3,73.1,83.1,109.6,Flood,119.9,3.98,0.76,2.94,38.37,26792,756131,1028009,271878,8642,4.44,59.7,2.94,26.44704472,0.004439944,265.8,19706.30701,0.066666667
SF12694,Maharashtra,Nashik,Wheat,Kharif,7.75,890.1,25.5,57.5,5.9,8.38,32,168.5,45.4,92.7,Sprinkler,173.4,7.11,0.98,0.3,2.32,23567,520590,54675,-465915,4453,0.521,55.8,0.3,-852.1536351,0.000520997,306.6,224392.2414,0.127419355
SF12695,Telangana,Nalgonda,Maize,Kharif,8.91,1061.9,31.4,62.6,6.7,6.5,32.3,166.8,55.4,169.4,Flood,262.9,6.06,0.73,3.93,35.02,19229,633274,673400,40126,6794,5.155,58.1,3.93,5.958716959,0.005154548,391.6,18083.20959,0.104302926
SF12696,Punjab,Ludhiana,Sugarcane,Kharif,12.25,954.6,27.4,55,6.6,6.5,32.7,135,81.5,115.1,Drip,147.1,5.35,0.93,73.99,906.38,3327,941589,3015526,2073937,14448,62.734,51.1,73.99,68.77529824,0.062733942,331.6,1038.845738,0.104696673
SF12697,Andhra Pradesh,Guntur,Cotton,Kharif,13.25,533.9,31.1,69.6,5.9,6.05,26.5,102.8,56,92.2,Flood,250.3,4.3,0.81,1.08,14.31,63545,881556,909329,27773,11328,1.263,56.5,1.08,3.054230097,0.001263242,251,61604.19287,0.076106195
SF12698,Punjab,Ludhiana,Sugarcane,Rabi,5.27,271,25.8,62.6,6.5,6.67,21.3,143,73.8,112.4,Drip,180.7,2.53,0.69,71.21,375.28,3759,306643,1410678,1104035,8525,44.021,45.8,71.21,78.2627219,0.044021114,329.2,817.1045619,0.055240175
SF12699,Telangana,Nalgonda,Cotton,Zaid,10.39,401,29.1,66.5,9.8,6.47,19.6,136.4,62,94.6,Flood,113.8,7.11,0.94,1.26,13.09,63000,696648,824670,128022,9797,1.336,29,1.26,15.52402779,0.001336123,293,53219.86249,0.245172414
SF12700,Gujarat,Rajkot,Groundnut,Kharif,2.02,805.6,29.5,81.5,5.9,7.56,35.9,79.3,46.7,78,Drip,217.2,4.8,0.66,0.82,1.66,62340,158057,103484,-54573,957,1.735,73.9,0.82,-52.73568861,0.001734587,204,95215.06024,0.064952639
SF12701,Karnataka,Raichur,Rice,Zaid,4.59,80,32.6,49.7,9.6,7.06,25.7,119.9,65.2,122.8,Rainfed,172.2,4.6,0.82,1.67,7.67,21043,302583,161400,-141183,4040,1.899,35.6,1.67,-87.4739777,0.001898515,307.9,39450.19557,0.129213483
SF12702,Tamil Nadu,Erode,Rice,Zaid,9.24,80,31.7,28.3,6.9,7.61,16.7,173.8,47,151.2,Drip,243.3,2.98,0.71,0.93,8.59,21018,704885,180545,-524340,11438,0.751,38.1,0.93,-290.4206707,0.000751005,372,82058.78929,0.078215223
SF12703,Tamil Nadu,Erode,Pulses,Zaid,3.2,380.7,30,56,8.6,6.4,15.3,93.6,68.7,89.5,Sprinkler,200.8,4.38,0.78,1.2,3.84,77355,217973,297043,79070,1157,3.319,38.7,1.2,26.61904169,0.003318928,251.8,56763.80208,0.113178295
SF12704,Telangana,Nalgonda,Cotton,Kharif,3.44,1086.4,30.3,72.2,7,6.89,32.9,163.2,71.3,92.8,Sprinkler,201.8,5.8,0.99,1.81,6.23,72495,199455,451644,252189,2594,2.402,68.4,1.81,55.83800515,0.002401696,327.3,32015.2488,0.084795322
SF12705,Telangana,Warangal,Groundnut,Kharif,12.18,821.6,26.1,79.8,6.8,6.29,26.3,153.5,30.3,113.5,Flood,141.3,7.42,0.84,1.62,19.73,68662,917297,1354701,437404,7715,2.557,39.9,1.62,32.28786278,0.002557356,297.3,46492.49873,0.185964912
SF12706,Telangana,Nalgonda,Cotton,Rabi,5.14,393.4,22.8,61.6,7.2,6.49,26.1,106.7,51.5,71.6,Flood,78.6,5.97,0.93,1.41,7.25,54291,330575,393610,63035,4299,1.686,40.1,1.41,16.01458296,0.001686439,229.8,45596.55172,0.148877805
SF12707,Punjab,Ludhiana,Groundnut,Rabi,8.74,276.9,28,59.7,7.8,7.3,26.4,141,28.5,41.4,Flood,191.3,6.38,0.75,1.23,10.75,55165,692959,593024,-99935,6419,1.675,30.5,1.23,-16.85176317,0.001674716,210.9,64461.30233,0.209180328
SF12708,Telangana,Warangal,Cotton,Rabi,2.09,617.2,19.2,63.6,7.2,7.5,19.4,96.9,42.7,136.3,Rainfed,181,3.76,0.93,0.57,1.19,69210,113393,82360,-31033,931,1.278,66.1,0.57,-37.67969888,0.001278195,275.9,95288.23529,0.05688351
SF12709,Telangana,Nalgonda,Groundnut,Rabi,7.66,210,23.5,62.4,7.4,5.68,37.7,127.3,43.6,94.8,Sprinkler,213.4,5.73,0.78,0.36,2.76,46114,532426,127275,-405151,4426,0.624,35.3,0.36,-318.3272442,0.000623588,265.7,192907.971,0.162322946
SF12710,Telangana,Warangal,Maize,Kharif,0.93,936,30.8,71.2,5.9,7.2,36.6,133,75.2,30,Sprinkler,203.8,7.97,0.85,2.89,2.69,20486,65224,55107,-10117,492,5.467,38.2,2.89,-18.35882919,0.00546748,238.2,24246.84015,0.208638743
SF12711,Telangana,Warangal,Cotton,Kharif,12.03,936.9,30.3,68.3,7.9,6.15,36,138.4,48.4,106.2,Rainfed,183.8,4.44,0.83,1.09,13.11,71452,895358,936736,41378,5177,2.532,66.3,1.09,4.4172531,0.002532355,293,68295.80473,0.066968326
SF12712,Gujarat,Rajkot,Pulses,Rabi,3.74,477.6,19.8,64.6,8.2,6.71,21.2,112.2,60.9,89.4,Sprinkler,241.3,5.87,0.77,1.11,4.15,72458,275778,300701,24923,1310,3.168,41,1.11,8.288299673,0.003167939,262.5,66452.53012,0.143170732
SF12713,Telangana,Warangal,Chilli,Kharif,9.65,1067.5,33.4,72.9,6.3,6.09,27.3,90.5,59,85.9,Drip,218.6,3.5,0.87,1.19,11.48,87468,665007,1004133,339126,4751,2.416,63.6,1.19,33.77301612,0.002416333,235.4,57927.43902,0.055031447
SF12714,Telangana,Warangal,Wheat,Kharif,2.26,500.8,30.9,74.9,7.8,6.85,29.2,157.1,30.3,106.2,Rainfed,182.5,2.98,0.99,2.61,5.9,24090,158763,142131,-16632,635,9.291,49.9,2.61,-11.70188066,0.009291339,293.6,26908.98305,0.059719439
SF12715,Tamil Nadu,Erode,Rice,Zaid,10.62,332.2,34,39.9,9.6,6.07,24.8,118.6,51.6,125.2,Sprinkler,235.3,7.63,0.95,1.65,17.52,22374,870978,391992,-478986,15033,1.165,38.2,1.65,-122.1927999,0.001165436,295.4,49713.35616,0.19973822
SF12716,Punjab,Ludhiana,Chilli,Rabi,10.24,451.7,22.9,55.7,7.5,8.4,21.9,110.6,59.5,111.4,Sprinkler,189.7,4.17,0.69,0.3,3.07,90842,727863,278885,-448978,6191,0.496,49.7,0.3,-160.9903724,0.000495881,281.5,237088.9251,0.083903421
SF12717,Andhra Pradesh,Krishna,Cotton,Rabi,14.12,843.4,21.7,60.4,7.9,6.25,25.3,169.3,32.1,69.3,Rainfed,228.6,3.91,0.94,1.34,18.92,66025,991023,1249193,258170,5240,3.611,64.5,1.34,20.66694258,0.003610687,270.7,52379.65116,0.060620155
SF12718,Telangana,Nalgonda,Groundnut,Kharif,6.93,694,26.4,72.1,7.3,7.07,39.4,144.1,66.9,121.2,Flood,194.2,5.5,0.89,2.42,16.77,60315,486060,1011483,525423,3953,4.242,53.2,2.42,51.94580631,0.004242348,332.2,28983.89982,0.103383459
SF12719,Maharashtra,Nashik,Maize,Rabi,12.79,484,23.5,52.5,8,6.53,28.4,127.1,64.5,75.1,Flood,108.4,1.29,0.91,3.01,38.5,20033,624440,771270,146830,9233,4.17,44.9,3.01,19.03743177,0.004169826,266.7,16219.22078,0.028730512
SF12720,Punjab,Ludhiana,Cotton,Rabi,12.17,505.7,24.9,60.1,8.5,6.59,33.4,182.4,76.5,81,Drip,231.4,2.79,1,1.99,24.22,79101,822625,1915826,1093201,8385,2.888,50.2,1.99,57.06160163,0.002888491,339.9,33964.6986,0.055577689
SF12721,Andhra Pradesh,Guntur,Pulses,Rabi,9.77,474.1,21.4,40.5,6.4,6.67,20.8,116.3,73.5,58.6,Flood,183.8,3.96,0.87,1.25,12.21,81322,661447,992942,331495,4804,2.542,43.1,1.25,33.38513226,0.002541632,248.4,54172.56347,0.09187935
SF12722,Gujarat,Rajkot,Wheat,Rabi,2.82,620.5,26.8,64.6,6.8,7.05,30.6,120.5,52,118.5,Sprinkler,236.9,4.27,0.88,3.45,9.73,26268,165246,255588,90342,1610,6.043,46.7,3.45,35.34672989,0.006043478,291,16983.14491,0.09143469
SF12723,Andhra Pradesh,Guntur,Maize,Zaid,3.18,361.7,32.4,36.7,8.9,6.98,14.2,104.3,25,110,Flood,170.8,1.59,0.82,2.59,8.24,19160,189710,157878,-31832,2200,3.745,44.6,2.59,-20.16240388,0.003745455,239.3,23023.05825,0.035650224
SF12724,Tamil Nadu,Erode,Chilli,Zaid,4.47,432.8,28.7,55.8,8.6,6.89,14.3,155.9,33,85,Sprinkler,189.3,4.06,0.87,1.82,8.14,104280,355346,848839,493493,2560,3.18,36.8,1.82,58.13740886,0.003179688,273.9,43654.29975,0.110326087
SF12725,Gujarat,Rajkot,Groundnut,Kharif,13.54,1239.7,26.7,57.6,6.9,7.41,30.5,111.2,62.2,123.4,Sprinkler,136.4,2.83,0.83,1.07,14.49,71081,857848,1029964,172116,7506,1.93,71.3,1.07,16.71087533,0.001930456,296.8,59202.76052,0.039691445
SF12726,Karnataka,Raichur,Wheat,Rabi,1.15,373.6,20.8,68.3,7.7,6.2,28.8,158.4,82,79.9,Flood,183.2,3.57,0.83,1.84,2.12,21058,61095,44643,-16452,721,2.94,53.1,1.84,-36.85236207,0.002940361,320.3,28818.39623,0.067231638
SF12727,Andhra Pradesh,Guntur,Pulses,Zaid,6.06,193.3,31.6,49.5,8,7.54,18.9,113.1,51.5,69.9,Flood,164.6,2.6,0.99,0.32,1.94,78477,406112,152245,-253867,3107,0.624,56.7,0.32,-166.7489901,0.000624397,234.5,209336.0825,0.045855379
SF12728,Gujarat,Rajkot,Pulses,Rabi,10.9,418.1,23,77,9,7.9,20.3,119,42.7,92.1,Rainfed,179.7,5.49,0.84,0.3,3.27,84748,780878,277126,-503752,2143,1.526,44.5,0.3,-181.7772421,0.001525898,253.8,238800.6116,0.123370787
SF12729,Andhra Pradesh,Krishna,Cotton,Kharif,8.66,784.6,30.2,63.5,5.7,5.37,37.6,131.5,67.7,78.1,Flood,185.8,7.28,0.9,0.3,2.6,70707,577254,183838,-393416,8628,0.301,36.9,0.3,-214.0014578,0.000301344,277.3,222020.7692,0.197289973
SF12730,Karnataka,Raichur,Chilli,Rabi,9.74,202.2,28.6,64.9,8.2,7.14,20.1,168.1,46.4,141.8,Rainfed,138.6,3.83,0.82,1.76,17.14,109433,576568,1875682,1299114,3302,5.191,44,1.76,69.26088751,0.005190793,356.3,33638.73979,0.087045455
SF12731,Punjab,Ludhiana,Rice,Rabi,11.99,535,21.7,64,6.2,8.19,26.5,121,40.4,93.1,Sprinkler,222.2,5.18,0.86,0.300250209,3.6,24777,995279,89197,-906082,18723,0.192,35.4,0.300250209,-1015.82116,0.000192277,254.5,276466.3889,0.146327684
SF12732,Madhya Pradesh,Indore,Chilli,Kharif,10.42,842.3,26.1,74.5,7.3,6.96,35.2,192.4,60.7,104.2,Rainfed,307,5.93,0.7,2.27,23.65,105402,852250,2492757,1640507,3502,6.753,59.2,2.27,65.81094748,0.006753284,357.3,36035.9408,0.100168919
SF12733,Andhra Pradesh,Guntur,Wheat,Zaid,3.3,355.8,27,70.8,6.9,5.98,19.7,141.9,36.1,76.9,Drip,156.8,6.3,0.88,1.52,5.02,23641,217522,118678,-98844,1707,2.941,31.3,1.52,-83.28755119,0.002940832,254.9,43331.0757,0.201277955
SF12734,Tamil Nadu,Erode,Rice,Kharif,10.77,692.6,26.5,67.3,8.2,7.24,25,124.3,64.1,165.4,Drip,128.9,6.24,0.85,3.79,40.82,21551,743981,879712,135731,14227,2.869,48.9,3.79,15.42902677,0.002869192,353.8,18225.89417,0.127607362
SF12735,Madhya Pradesh,Indore,Wheat,Kharif,10.49,817.8,24,80,4.8,7.62,23.1,106.8,49.3,103.5,Drip,157.2,4.86,0.84,1.31,13.74,27015,654067,371186,-282881,5470,2.512,61.9,1.31,-76.21004025,0.002511883,259.6,47603.12955,0.078513732
SF12736,Telangana,Nalgonda,Groundnut,Zaid,12.23,80,30.7,56.1,7.6,5.21,15.4,160.6,57.6,97.4,Drip,129.6,5.63,0.78,0.3,3.67,59104,886823,216912,-669911,4938,0.743,33.2,0.3,-308.8399904,0.000743216,315.6,241641.1444,0.169578313
SF12737,Andhra Pradesh,Krishna,Maize,Kharif,12.97,650.9,27.9,70.5,7.2,5.49,25.3,118.6,58,93.7,Sprinkler,101.1,5.26,0.8,0.89,11.54,20268,888451,233893,-654558,6405,1.802,44.3,0.89,-279.8536083,0.001801717,270.3,76988.82149,0.118735892
SF12738,Andhra Pradesh,Guntur,Wheat,Kharif,8.17,606.5359375,30.1,81.7,6.6,5.23,29.3,139.1,69.6,53.7,Sprinkler,192.4,4.84,0.75,0.3,2.45,26057,515266,63840,-451426,4411,0.555,62,0.3,-707.1209273,0.00055543,262.4,210312.6531,0.078064516
SF12739,Gujarat,Rajkot,Groundnut,Rabi,2.25,186.2,24.2,66.1,7,5.67,29.3,133.3,61.7,49.6,Flood,303.8,4.36,0.81,0.37,0.83,51284,160941,42566,-118375,1433,0.579,39.4,0.37,-278.0975426,0.000579204,244.6,193904.8193,0.110659898
SF12740,Madhya Pradesh,Indore,Maize,Kharif,14.94,981.5,33.4,82,5.6,6.18,35.4,80,83.1,90.6,Rainfed,84.7,5.02,0.91,2.35,35.11,22523,721048,790783,69735,4729,7.424,67.1,2.35,8.818474853,0.007424403,253.7,20536.82711,0.074813711
SF12741,Madhya Pradesh,Indore,Rice,Rabi,13.97,623.5,26.8,56,9.3,6.19,27.8,120.5,55,116.1,Flood,75.3,1.99,0.72,2.67,37.3,19279,726675,719107,-7568,21047,1.772,60.9,2.67,-1.0524164,0.001772224,291.6,19481.90349,0.032676519
SF12742,Telangana,Warangal,Maize,Kharif,6.64,820.5,24.5,86.4,6,6.36,28.7,149.9,23.2,96.6,Flood,256.2,6.41,0.74,3.87,25.7,18166,434227,466866,32639,4391,5.853,42.8,3.87,6.991085236,0.005852881,269.7,16895.99222,0.149766355
SF12743,Punjab,Ludhiana,Maize,Kharif,8.89,912,27.2,76,7.5,6.68,39.5,100.7,64.3,91.5,Flood,153.9,3.99,0.85,4.71,41.87,19320,638919,808928,170009,6786,6.17,55.6,4.71,21.01657997,0.006170056,256.5,15259.5892,0.07176259
SF12744,Gujarat,Rajkot,Rice,Kharif,5.67,1020,29.7,83.1,6.9,6.21,28.7,81.4,51.9,71.2,Rainfed,305.4,5.35,0.78,1.74,9.87,21430,438172,211514,-226658,4847,2.036,77.3,1.74,-107.1598098,0.002036311,204.5,44394.32624,0.069210867
SF12745,Punjab,Ludhiana,Wheat,Kharif,2.35,972.5,27.6,86.4,6.2,5.94,26.9,139,51.7,84.3,Drip,270.3,5.71,0.89,1.51,3.55,23454,135972,83262,-52710,1095,3.242,64.5,1.51,-63.3061901,0.003242009,275,38301.97183,0.088527132
SF12746,Tamil Nadu,Erode,Maize,Zaid,7.51,80,31.3,56.1,7.7,5.78,18.1,115,56.1,100,Drip,345.3,2.71,0.73,1.17,8.79,21974,592708,193151,-399557,4073,2.158,43,1.17,-206.8625065,0.002158114,271.1,67429.8066,0.063023256
SF12747,Gujarat,Rajkot,Sugarcane,Kharif,6.62,1124,27.5,73.6,6.8,7.24,30.1,94.8,87.8,107.7,Flood,183.8,3.63,0.68,41.76,276.45,3623,425440,1001578,576138,13942,19.829,65.1,41.76,57.52302866,0.019828576,290.3,1538.940134,0.055760369
SF12748,Andhra Pradesh,Krishna,Wheat,Rabi,11.22,469,23.1,65.8,9.4,7.21,26.6,98.7,40,115.9,Flood,123.7,5.08,0.78,1.7,19.07,22492,766551,428922,-337629,6769,2.817,55.9,1.7,-78.71571055,0.002817255,254.6,40196.69638,0.090876565
SF12749,Telangana,Nalgonda,Sugarcane,Kharif,7.7,869.3,29.7,64.8,7,7.32,30.3,92.6,54.8,80.7,Sprinkler,108,5.73,0.74,52.53,404.48,3892,512698,1574236,1061538,13340,30.321,43.8,52.53,67.43194794,0.03032084,228.1,1267.548457,0.130821918
SF12750,Telangana,Nalgonda,Groundnut,Kharif,1.62,655.7,27.3,72.4,7.8,6.61,43.1,140.3,71.8,102.4,Flood,165.5,6.4,0.75,2.68,4.34,47579,109045,206493,97448,1172,3.703,39.7,2.68,47.1919145,0.003703072,314.5,25125.57604,0.161209068
SF12751,Maharashtra,Nashik,Cotton,Rabi,6.59,479.8,20.9,65.4,6.8,6.2,31.4,120.2,56,97.8,Flood,120.3,2.97,0.78,1.05,6.92,69558,440510,481341,40831,5753,1.203,50.5,1.05,8.482759624,0.001202851,274,63657.51445,0.058811881
SF12752,Gujarat,Rajkot,Chilli,Rabi,10.37,424.7,25,52.5,8.7,7.19,26.4,128.5,77.4,118.4,Sprinkler,164.2,2.29,0.8,1.59,16.49,95277,682064,1571118,889054,6170,2.673,48.4,1.59,56.58734735,0.002672609,324.3,41362.28017,0.04731405
SF12753,Maharashtra,Nashik,Groundnut,Rabi,2.14,539.6,24,65.3,8.3,7.49,17.7,108.2,56.5,105.3,Rainfed,97.3,4.46,0.87,0.83,1.78,62818,114833,111816,-3017,595,2.992,49.8,0.83,-2.698182729,0.002991597,270,64512.92135,0.089558233
SF12754,Madhya Pradesh,Indore,Wheat,Kharif,11.38,1193.6,24.8,64.6,7.1,6.55,28.9,112,69.6,87.2,Sprinkler,245.2,5.47,0.97,2.88,32.77,20534,673057,672899,-158,7295,4.492,49.2,2.88,-0.023480493,0.004492118,268.8,20538.81599,0.111178862
SF12755,Telangana,Warangal,Pulses,Rabi,11.08,510.2,25.8,54.7,6.6,6.01,29.8,107.4,55.6,136,Flood,137,8.08,0.66,0.78,8.64,69418,736899,599772,-137127,4918,1.757,29.5,0.78,-22.86318801,0.001756812,299,85289.23611,0.273898305
SF12756,Gujarat,Rajkot,Cotton,Rabi,4.7,395,21.5,54.1,6.7,6.02,20.4,134.7,90.3,149.8,Rainfed,155.6,4.17,0.94,0.82,3.85,75387,274850,290240,15390,1699,2.266,35.7,0.82,5.302508269,0.002266039,374.8,71389.61039,0.116806723
SF12757,Karnataka,Raichur,Cotton,Zaid,10.62,458.1,25.5,25,8.3,6.39,22,101.9,46.7,127.2,Rainfed,118.6,4.86,0.83,1.38,14.66,66448,652410,974128,321718,3345,4.383,22.4,1.38,33.02625528,0.004382661,275.8,44502.72851,0.216964286
SF12758,Madhya Pradesh,Indore,Groundnut,Rabi,7.13,376.3,21.8,70.8,9,6.73,23.7,139,85.6,86,Flood,147.2,5.91,0.84,1.67,11.91,55641,556741,662684,105943,4813,2.475,35.5,1.67,15.98695608,0.002474548,310.6,46745.6759,0.166478873
SF12759,Andhra Pradesh,Krishna,Wheat,Kharif,4,716.2,28.5,81.7,7.5,6.84,33.5,81.6,43.7,109.8,Sprinkler,123.5,5.4,0.77,3.82,15.28,22562,250492,344747,94255,1870,8.171,47.7,3.82,27.34033944,0.008171123,235.1,16393.4555,0.113207547
SF12760,Telangana,Nalgonda,Pulses,Zaid,1.77,220,31.5,62.2,8,6.84,20.4,114.1,77.5,132.5,Flood,100.2,4.53,0.83,1.04,1.84,66537,100940,122428,21488,770,2.39,49.6,1.04,17.5515405,0.00238961,324.1,54858.69565,0.091330645
SF12761,Telangana,Warangal,Maize,Rabi,1.44,520.5,24.7,62.5,7.4,6.11,22.9,92.5,72.8,107.4,Drip,176.4,6.87,0.93,3.41,4.91,21632,104010,106213,2203,643,7.636,41,3.41,2.074134051,0.007636081,272.7,21183.29939,0.167560976
SF12762,Maharashtra,Nashik,Groundnut,Kharif,4.18,918.5,28.3,67.6,7.2,6.89,36.8,142.7,48.6,30,Rainfed,201.1,3.55,0.87,1.72,7.19,59154,311443,425317,113874,1082,6.645,57.2,1.72,26.77391216,0.006645102,221.3,43316.13352,0.062062937
SF12763,Telangana,Nalgonda,Cotton,Kharif,1.83,1048.5,31.6,64.4,6.5,7.51,25.9,133.1,81.6,89.4,Rainfed,178.4,5.09,0.68,0.68,1.24,67304,119307,83457,-35850,788,1.574,55.9,0.68,-42.95625292,0.001573604,304.1,96215.32258,0.091055456
SF12764,Maharashtra,Nashik,Rice,Rabi,8.81,442.2,23.4,50.4,7.6,6.21,35.1,120.1,79.8,128.1,Drip,188.5,2.36,0.78,2.74,24.14,20737,505884,500591,-5293,11525,2.095,57.8,2.74,-1.057350212,0.002094577,328,20956.25518,0.04083045
SF12765,Karnataka,Raichur,Groundnut,Kharif,1.76,786.2,26.5,75.3,7.3,6.63,24,47.7,35.5,121,Rainfed,290,8.64,0.78,2.05,3.61,49088,144422,177208,32786,479,7.537,43,2.05,18.50142206,0.007536534,204.2,40006.09418,0.200930233
SF12766,Karnataka,Raichur,Pulses,Rabi,5.72,469.9,23.8,49.9,7.5,5.83,11.9,132.4,27.9,93.5,Sprinkler,65.5,6.89,0.79,0.62,3.55,60634,229934,215251,-14683,1980,1.793,36.6,0.62,-6.821338809,0.001792929,253.8,64770.14085,0.188251366
SF12767,Andhra Pradesh,Guntur,Groundnut,Kharif,8.58,977.1,26.8,72.6,6.9,6.12,33.4,85.7,34.3,98.2,Flood,178.1,7.91,0.97,1.22,10.47,57860,675503,605794,-69709,6035,1.735,53.4,1.22,-11.50704695,0.00173488,218.2,64517.95606,0.148127341
SF12768,Tamil Nadu,Erode,Cotton,Kharif,12.3,1133.6,29.9,65.9,3.9,6.93,40.4,104.1,31.9,124.2,Sprinkler,245.1,2.62,0.97,1.53,18.82,73678,809507,1386620,577113,8239,2.284,64.8,1.53,41.62012664,0.002284258,260.2,43013.12434,0.040432099
SF12769,Tamil Nadu,Erode,Rice,Zaid,3.28,266.3,26.4,64.8,8.2,6.69,8,147.6,58.6,59,Drip,90.7,6.55,0.85,2.73,8.95,22750,210652,203612,-7040,4293,2.085,40.9,2.73,-3.457556529,0.002084789,265.2,23536.53631,0.160146699
SF12770,Andhra Pradesh,Guntur,Sugarcane,Rabi,9.09,368.5,21.7,45.6,7.5,7.05,19.5,167.3,48.9,108,Drip,112.3,3.94,0.65,56.74,515.77,2975,639772,1534416,894644,11759,43.862,52,56.74,58.3051793,0.043861723,324.2,1240.421118,0.075769231
SF12771,Tamil Nadu,Erode,Chilli,Kharif,9.36,1287.7,27.9,69.4,8.2,5.97,33.1,81.2,120,120.6,Rainfed,190.1,5.5,0.98,0.97,9.08,91270,512111,828732,316621,2998,3.029,62.6,0.97,38.20547535,0.003028686,321.8,56399.88987,0.087859425
SF12772,Gujarat,Rajkot,Cotton,Kharif,14.62,1202.6,26.3,62.4,6.9,6.79,21.3,132.4,74.2,150.3,Flood,165,6.05,0.83,1.41,20.61,72876,1085148,1501974,416826,15304,1.347,61.6,1.41,27.75187853,0.001346707,356.9,52651.52838,0.098214286
SF12773,Telangana,Nalgonda,Rice,Zaid,11.65,364.6,26.3,54.9,8,6.04,15.5,114.7,62.1,108.3,Sprinkler,288.5,6.5,0.83,1.92,22.37,19981,824996,446975,-378021,16322,1.371,18.7,1.92,-84.57318642,0.001370543,285.1,36879.57085,0.347593583
SF12774,Andhra Pradesh,Krishna,Rice,Kharif,9.55,940,28.6,72.3,8.2,7.29,28.9,119.6,47.4,103.1,Drip,233.2,5.63,0.69,2.1,20.06,17168,751693,344390,-407303,10979,1.827,52.2,2.1,-118.267952,0.001827125,270.1,37472.2333,0.107854406
SF12775,Andhra Pradesh,Krishna,Groundnut,Zaid,14.33,355,27.2,49.9,7.7,7.52,11.4,121.6,55.6,117.4,Rainfed,210.7,2.68,0.91,0.64,9.17,58578,913370,537160,-376210,4143,2.213,40.6,0.64,-70.03686053,0.002213372,294.6,99604.14395,0.066009852
SF12776,Maharashtra,Nashik,Pulses,Rabi,14.99,348,27.3,56.3,8.2,7.18,22.1,155.4,94.8,82.3,Rainfed,170,4.88,0.99,1.08,16.19,61399,701841,994050,292209,3403,4.758,37.1,1.08,29.39580504,0.004757567,332.5,43350.27795,0.131536388
SF12777,Telangana,Nalgonda,Groundnut,Kharif,2.91,866.1,28.6,49,7,6.74,25.5,151.3,68.2,90.7,Flood,127.6,9.57,0.89,2.26,6.58,51565,166969,339298,172329,1724,3.817,26.2,2.26,50.78986614,0.003816705,310.2,25375.22796,0.365267176
SF12778,Telangana,Warangal,Maize,Kharif,9.4,529.8,28.8,72.3,7.2,7.2,28.9,62.1,68.4,82.9,Rainfed,212.9,2.15,0.69,2.85,26.79,18368,695511,492079,-203432,2880,9.302,53,2.85,-41.34132934,0.009302083,213.4,25961.59015,0.040566038
SF12779,Telangana,Warangal,Groundnut,Rabi,10.62,265.2,21.4,51.4,6.6,6.46,18.2,113.6,81.6,69,Flood,148.1,5.79,0.99,1.65,17.52,51182,721041,896709,175668,8185,2.141,23,1.65,19.59030187,0.002140501,264.2,41155.30822,0.25173913
SF12780,Madhya Pradesh,Indore,Cotton,Kharif,10.42,507.7,27.4,86.1,7.4,6.42,27.8,117.4,73,157.1,Flood,262.7,3.03,0.77,2.13,22.19,63459,680326,1408155,727829,10372,2.139,55,2.13,51.68671062,0.002139414,347.5,30659.12573,0.055090909
SF12781,Andhra Pradesh,Krishna,Groundnut,Kharif,0.6,791.5,25.7,71.6,6.5,6.8,27.5,178.1,58.5,69.3,Drip,163.5,7.34,0.97,2.61,1.57,61233,43528,96136,52608,253,6.206,33.7,2.61,54.72247649,0.006205534,305.9,27724.84076,0.217804154
SF12782,Andhra Pradesh,Krishna,Cotton,Kharif,11.91,759.8,28.7,63.6,6.5,7.29,31.1,164.5,76.1,85.9,Sprinkler,230.2,7.74,0.88,1.66,19.77,60947,754469,1204922,450453,8989,2.199,28.8,1.66,37.38441161,0.002199355,326.5,38162.31664,0.26875
SF12783,Telangana,Nalgonda,Sugarcane,Rabi,5.72,688.9,26.3,72.1,7.8,6.62,23.8,131.6,61.7,95.1,Flood,339.2,4.34,0.78,91.32,522.35,3316,495312,1732113,1236801,12199,42.819,50.6,91.32,71.40417513,0.042819084,288.4,948.2377716,0.085770751
SF12784,Telangana,Warangal,Pulses,Kharif,7.66,983.3,28.1,86.1,7.2,8.3,29.1,89.7,46.9,153,Drip,186.1,9.03,0.83,0.3,2.3,74575,530245,171522,-358723,1819,1.264,45.6,0.3,-209.1411014,0.001264431,289.6,230541.3043,0.198026316
SF12785,Maharashtra,Nashik,Maize,Zaid,10.92,215.3,32.5,61.5,8.1,6.76,24,152.4,63.4,121.7,Sprinkler,197.2,5.85,0.96,3.08,33.63,23639,793486,794980,1494,6169,5.451,44.4,3.08,0.187929256,0.005451451,337.5,23594.58817,0.131756757
SF12786,Punjab,Ludhiana,Rice,Zaid,10.72,164.6,28.2,55.6,8.6,6.46,15.6,163.9,71.4,62.7,Drip,101.4,7.78,0.97,2.57,27.55,23365,634637,643706,9069,14766,1.866,30.7,2.57,1.408872995,0.001865773,298,23035.82577,0.253420195
SF12787,Andhra Pradesh,Krishna,Sugarcane,Kharif,0.62,1027.8,31.9,79.1,7.3,5.78,35.5,102.1,56.4,121.4,Flood,111.4,6.39,0.71,18.63,11.55,3070,32137,35458,3321,1340,8.619,64.9,18.63,9.366010491,0.008619403,279.9,2782.424242,0.098459168
SF12788,Andhra Pradesh,Guntur,Maize,Rabi,10.19,481,21.1,66.3,8.5,6.92,30.6,162.7,40.2,68.1,Flood,151.9,3.99,0.74,3.54,36.07,20729,545332,747695,202363,7907,4.562,42.4,3.54,27.06491283,0.004561781,271,15118.71361,0.094103774
SF12789,Tamil Nadu,Erode,Cotton,Zaid,9.67,261.1,30.9,47.5,9,6.78,15.4,122.7,68.3,54.6,Flood,134.2,7.49,0.98,1.16,11.22,60091,689876,674221,-15655,9617,1.167,29,1.16,-2.321938949,0.001166684,245.6,61486.27451,0.258275862
SF12790,Karnataka,Raichur,Pulses,Kharif,4.06,675.5,30.3,73.3,6.1,6.67,36.5,133,54.5,55.4,Flood,140.9,1.52,0.83,1.8,7.31,68464,269288,500472,231184,1464,4.993,57,1.8,46.19319363,0.004993169,242.9,36838.30369,0.026666667
SF12791,Andhra Pradesh,Guntur,Chilli,Rabi,1.02,223,21.3,25,8,6.1,27.2,82.4,98.3,32.9,Rainfed,278.7,6.46,0.79,1.02,1.04,110199,72479,114607,42128,341,3.05,26.2,1.02,36.75866221,0.003049853,213.6,69691.34615,0.246564885
SF12792,Telangana,Warangal,Maize,Rabi,14.01,585.8,23.8,49.6,6.7,7.14,35,111.3,38.3,131.3,Sprinkler,205.1,2.79,0.73,3.91,54.78,20031,806117,1097298,291181,7483,7.321,50.1,3.91,26.53618251,0.007320593,280.9,14715.53487,0.055688623
SF12793,Tamil Nadu,Erode,Wheat,Zaid,7.09,331,33.7,33.6,8.9,5.33,14.4,101.9,35.3,143.6,Rainfed,140.9,7,0.99,0.3,2.13,24354,452883,51874,-401009,2412,0.883,17.7,0.3,-773.0442996,0.000883085,280.8,212621.1268,0.395480226
SF12794,Punjab,Ludhiana,Wheat,Kharif,10.71,742.7,30.7,68.4,6.7,7.62,31.2,110.3,68.6,139,Sprinkler,110.3,6.93,0.69,1.3,13.92,23874,674043,332326,-341717,5131,2.713,54.8,1.3,-102.8258397,0.002712921,317.9,48422.62931,0.126459854
SF12795,Telangana,Nalgonda,Sugarcane,Zaid,7.58,80,32,55.5,8.8,7.18,15,102.4,66.7,109.9,Flood,182.4,4.68,0.81,31.26,236.95,3374,522868,799469,276601,15050,15.744,26.7,31.26,34.59808948,0.015744186,279,2206.659633,0.175280899
SF12796,Telangana,Warangal,Pulses,Kharif,8.73,729.2,28.7,58.7,6.4,6.69,23.9,91.7,65.7,104.5,Drip,216.7,6.11,0.73,1.66,14.49,67927,508763,984262,475499,2972,4.876,50.3,1.66,48.31020602,0.004875505,261.9,35111.31815,0.121471173
SF12797,Tamil Nadu,Erode,Wheat,Rabi,13.12,221.7,20.6,57.3,8.6,7.43,16.7,74.8,64.7,75.3,Rainfed,143.7,3.92,0.79,1.04,13.64,26893,750837,366821,-384016,3888,3.508,35.2,1.04,-104.6875724,0.00350823,214.8,55046.70088,0.111363636
SF12798,Telangana,Warangal,Wheat,Kharif,10.02,602.7,28.7,86.8,5.5,6.72,32.3,157,32.5,52.1,Flood,230.5,7.21,0.99,3.51,35.17,19884,682647,699320,16673,6817,5.159,52.1,3.51,2.384173197,0.005159161,241.6,19409.92323,0.138387716
SF12799,Karnataka,Raichur,Wheat,Kharif,12.45,973.1,29.5,61.2,7.4,6.32,25.6,118.6,68.8,108.9,Flood,256.3,4.03,0.99,2.36,29.38,22039,841621,647506,-194115,7759,3.787,57.3,2.36,-29.97887278,0.00378657,296.3,28646.05174,0.070331588
SF12800,Andhra Pradesh,Guntur,Cotton,Kharif,4.66,707.4,29.2,84.3,8.9,7.19,32.4,153,41.5,79.8,Rainfed,227.1,3.94,0.96,1.55,7.22,61094,362284,441099,78815,1933,3.735,67.7,1.55,17.86787093,0.003735127,274.3,50177.83934,0.058197932
SF12801,Telangana,Nalgonda,Chilli,Zaid,13.72,708.3,31.5,64.4,7.2,6.33,15.9,134,64.3,73.5,Sprinkler,200.5,2.53,0.85,1.94,26.62,97036,1083103,2583098,1499995,9529,2.794,57.3,1.94,58.06961254,0.002793578,271.8,40687.56574,0.044153578
SF12802,Tamil Nadu,Erode,Pulses,Kharif,6.08,995.5,25.2,73.2,7.8,6.57,25.4,182.3,45.9,110.3,Rainfed,217.9,2.69,0.89,1.42,8.63,76519,421463,660359,238896,1214,7.109,71.5,1.42,36.17668571,0.007108731,338.5,48836.96408,0.037622378
SF12803,Tamil Nadu,Erode,Chilli,Rabi,3.73,154.9,25.1,53.6,6.2,7.51,24.2,130.1,48.2,61.5,Flood,220.3,7.88,0.87,0.81,3.02,101255,307871,305790,-2081,3240,0.932,26.4,0.81,-0.680532392,0.000932099,239.8,101944.0397,0.298484848
SF12804,Telangana,Warangal,Maize,Rabi,2.99,680.4,26.5,54.6,7.4,7.81,28.6,149,56.2,91.5,Sprinkler,196.4,8.48,0.88,1.16,3.47,22093,241190,76663,-164527,1633,2.125,32.8,1.16,-214.6106988,0.002124923,296.7,69507.20461,0.258536585
SF12805,Maharashtra,Nashik,Maize,Zaid,14.88,189,29.2,44.9,7,5.71,33.6,116.6,50.7,130.7,Flood,157.3,6.78,0.78,0.73,10.86,20456,994502,222152,-772350,11665,0.931,26.5,0.73,-347.6673629,0.00093099,298,91574.7698,0.255849057
SF12806,Andhra Pradesh,Krishna,Cotton,Kharif,3.43,1139.5,28.7,76.5,9.1,6.42,29.7,163.3,67.6,115.1,Sprinkler,191,6.4,0.97,1.45,4.97,64001,205043,318085,113042,2256,2.203,65.8,1.45,35.53829951,0.002203014,346,41256.13682,0.097264438
SF12807,Telangana,Nalgonda,Chilli,Kharif,11.76,865.7,31.4,62.2,6.3,6.38,30.6,145,72.4,112.4,Drip,240,5.88,0.98,2.47,29.05,99711,816759,2896605,2079846,5218,5.567,36.3,2.47,71.80288648,0.005567267,329.8,28115.62823,0.161983471
SF12808,Andhra Pradesh,Guntur,Sugarcane,Kharif,13.41,681.3,26.6,73,5.8,6.1,23.6,167.9,55,167.7,Drip,199.9,7.91,0.75,69.07,926.23,3665,856451,3394633,2538182,23049,40.185,30.2,69.07,74.7704391,0.040185257,390.6,924.6634205,0.26192053
SF12809,Maharashtra,Nashik,Rice,Zaid,11.3,373.2,25.6,44.1,7.4,6.7,20.3,146.8,74.6,133.6,Rainfed,152.5,4,0.75,2.94,33.22,19461,634283,646494,12211,8688,3.824,53.3,2.94,1.888803299,0.003823665,355,19093.40759,0.075046904
SF12810,Telangana,Warangal,Chilli,Rabi,1.68,678.1,25.3,67.8,5.9,6.4,29.4,118.9,15,109.8,Flood,136.5,4.1,0.91,2.78,4.67,100014,99659,467065,367406,1326,3.522,48.1,2.78,78.6627129,0.00352187,243.7,21340.25696,0.085239085
SF12811,Andhra Pradesh,Guntur,Maize,Kharif,14.71,660.5,24.9,73.1,6.5,7.2,36.3,120.6,43.6,106,Rainfed,122.1,3.01,0.89,3.11,45.75,21483,854426,982847,128421,5223,8.759,57.8,3.11,13.06622496,0.008759334,270.2,18675.97814,0.052076125
SF12812,Telangana,Nalgonda,Rice,Rabi,3.25,489.5,21.1,41,9.7,6.53,30.4,88.3,35.8,118.1,Flood,176.9,5.4,0.68,2.61,8.48,24348,220291,206471,-13820,5950,1.425,27.2,2.61,-6.693433945,0.00142521,242.2,25977.71226,0.198529412
SF12813,Andhra Pradesh,Krishna,Wheat,Kharif,14.51,1151.8,29.9,73.3,5.7,6.7,36.8,70.7,50.4,121.6,Rainfed,272.3,2.05,0.88,1.86,26.99,27294,1089390,736665,-352725,5122,5.269,80.3,1.86,-47.88133005,0.005269426,242.7,40362.72694,0.025529265
SF12814,Karnataka,Raichur,Pulses,Rabi,2.42,717.1,26.2,61.7,8.3,6.77,26.6,103.2,48.9,116.1,Rainfed,340.7,5.59,0.93,1.28,3.1,74707,173259,231592,58333,535,5.794,58,1.28,25.18783032,0.005794393,268.2,55890,0.09637931
SF12815,Andhra Pradesh,Krishna,Pulses,Kharif,1.34,617.9,26.3,73.9,5.7,8.4,33.8,99.2,58.1,108.3,Flood,226.2,2.62,0.68,0.3,0.4,72631,89574,29052,-60522,569,0.703,44.9,0.3,-208.323007,0.000702988,265.6,223935,0.058351893
SF12816,Gujarat,Rajkot,Sugarcane,Rabi,4.75,597,17.8,54,7.9,5.82,25.2,138.9,44.5,166.8,Flood,120,7.61,0.82,21.89,103.98,3024,322601,314436,-8165,11622,8.947,35.9,21.89,-2.596712845,0.008946825,350.2,3102.529333,0.211977716
SF12817,Tamil Nadu,Erode,Pulses,Zaid,14.71,450.6,34.3,50.9,8.9,6.48,16.5,109.8,48.6,136.8,Flood,143.4,5.42,0.98,0.77,11.33,70224,1086143,795638,-290505,7470,1.517,43.5,0.77,-36.51220781,0.001516734,295.2,95864.34245,0.124597701
SF12818,Andhra Pradesh,Guntur,Maize,Rabi,13.05,215.1,22.9,47.2,8.6,6.79,26.6,122.5,37,128.7,Rainfed,129.4,7.63,0.97,2.78,36.28,22631,676032,821053,145021,3858,9.404,22.2,2.78,17.66280618,0.009403836,288.2,18633.7376,0.343693694
SF12819,Andhra Pradesh,Krishna,Cotton,Kharif,13.64,542.9,24.7,71.4,7.4,5.2,28.2,130.2,55.9,92.2,Drip,256.2,7.15,0.78,0.3,4.09,52210,933243,213539,-719704,8842,0.463,41.3,0.3,-337.0363259,0.000462565,278.3,228176.7726,0.173123487
SF12820,Gujarat,Rajkot,Wheat,Kharif,2.87,817.6,26.6,73.5,6.1,6.33,32.8,150.2,48.5,113.8,Flood,249.5,5.66,0.85,2.69,7.72,22863,219984,176502,-43482,1670,4.623,45.3,2.69,-24.6354149,0.004622754,312.5,28495.33679,0.124944812
SF12821,Maharashtra,Nashik,Groundnut,Rabi,2.53,100.1,28.3,47.5,8.6,7.12,22.5,124.8,62.4,95.3,Flood,120,6.44,0.67,1.49,3.77,62494,174504,235602,61098,1743,2.163,19.7,1.49,25.93271704,0.002162937,282.5,46287.53316,0.326903553
SF12822,Telangana,Nalgonda,Maize,Zaid,7.33,241,35.8,49.8,7.4,6.71,21.9,202.9,66.8,74.1,Flood,110.4,7.8,0.68,3.12,22.87,25288,439532,578337,138805,5083,4.499,23.1,3.12,24.00071239,0.004499311,343.8,19218.71447,0.337662338
SF12823,Tamil Nadu,Erode,Sugarcane,Rabi,13.7,380.2,20.7,56.5,7.6,7.26,24.4,94.7,65.4,112,Drip,123.8,7.45,0.83,36.91,505.67,3760,740762,1901319,1160557,26967,18.751,28.5,36.91,61.03957305,0.018751437,272.1,1464.911899,0.261403509
SF12824,Andhra Pradesh,Krishna,Sugarcane,Rabi,4.65,709.8,22.1,63.6,7.7,6.84,25,159.8,59.4,136.7,Flood,160.4,6.37,0.83,78.8,366.42,3328,301966,1219446,917480,13594,26.955,45.2,78.8,75.23744389,0.026954539,355.9,824.0980296,0.140929204
SF12825,Andhra Pradesh,Krishna,Chilli,Kharif,4.53,694.3,26.5,77.1,5.8,7.53,30.9,40,50.5,118.7,Sprinkler,111.5,7.67,0.67,1.15,5.21,89337,263333,465446,202113,2740,1.901,53.7,1.15,43.42351207,0.00190146,209.2,50543.762,0.14283054
SF12826,Andhra Pradesh,Guntur,Wheat,Kharif,11.07,795.6,29.2,62.7,6.6,7.06,35.6,138.1,65,113.7,Drip,188,4.97,0.69,4.12,45.61,25652,707465,1169988,462523,4878,9.35,46.9,4.12,39.5322858,0.009350144,316.8,15511.18176,0.105970149
SF12827,Telangana,Nalgonda,Maize,Kharif,13.96,743.6,28.3,65.3,5.1,6.89,38.8,129.5,50,106.7,Sprinkler,170.4,5.17,1,6.08,84.88,22562,984276,1915063,930787,7319,11.597,47.7,6.08,48.60346631,0.011597213,286.2,11596.0886,0.108385744
SF12828,Andhra Pradesh,Guntur,Wheat,Rabi,11.86,248.5,23.5,58,6.9,6.45,29.5,113.5,47.3,112.5,Sprinkler,222.6,5.51,0.76,2.25,26.68,26910,935818,717959,-217859,6358,4.196,43.2,2.25,-30.34421186,0.004196288,273.3,35075.63718,0.127546296
SF12829,Karnataka,Raichur,Sugarcane,Rabi,2.66,284.7,24.1,45.6,7.9,5.97,21.1,153.5,45.1,113.6,Drip,187.4,6.36,0.84,25.81,68.65,3113,226581,213707,-12874,3703,18.539,19,25.81,-6.02413585,0.018539022,312.2,3300.524399,0.334736842
SF12830,Andhra Pradesh,Guntur,Rice,Rabi,14.2,460,21.9,60.7,7.9,5.36,26.4,107.6,51.3,118.7,Flood,58.2,2.46,0.95,0.3,4.26,21435,729088,91313,-637775,29111,0.146,58,0.3,-698.4492898,0.000146336,277.6,171147.4178,0.042413793
SF12831,Andhra Pradesh,Krishna,Rice,Rabi,10.72,218.2,25.2,60.4,7.9,6.59,22.6,148.8,47.9,96,Drip,103.2,8.77,0.75,2.92,31.3,23578,631422,737991,106569,15784,1.983,20.4,2.92,14.44042001,0.001983021,292.7,20173.22684,0.429901961
SF12832,Andhra Pradesh,Guntur,Wheat,Rabi,9.45,561.3,27.7,76.2,8.3,6.91,26.6,98.9,55.1,32.4,Drip,161.1,4.57,0.7,3.26,30.81,25239,626745,777614,150869,4078,7.555,42.9,3.26,19.40152826,0.007555174,186.4,20342.25901,0.106526807
SF12833,Telangana,Nalgonda,Groundnut,Zaid,14.92,399.5,32.7,53,9.4,6.69,14,127.1,55.2,77.5,Sprinkler,187.1,4.75,0.84,1.7,25.36,61921,986469,1570317,583848,6745,3.76,44.2,1.7,37.1802636,0.003759822,259.8,38898.61987,0.107466063
SF12834,Telangana,Nalgonda,Groundnut,Zaid,12.81,270,31,64.1,7.6,6.59,21.3,96.5,42.9,103.8,Rainfed,214.5,5.48,0.8,1.16,14.86,54321,871481,807210,-64271,4035,3.683,45,1.16,-7.962116426,0.003682776,243.2,58646.0969,0.121777778
SF12835,Telangana,Warangal,Cotton,Rabi,12.16,535.2,23.5,69.2,7.5,6.46,21.5,82.3,50.1,144.6,Flood,226.9,4.37,0.68,1.69,20.55,68631,829257,1410367,581110,11598,1.772,44.4,1.69,41.20275077,0.001771857,277,40353.13869,0.098423423
SF12836,Andhra Pradesh,Guntur,Cotton,Rabi,8.31,822.6,24,57.2,7.1,6.26,23.8,124.6,55.5,75.2,Rainfed,186.5,3.4,0.96,1.48,12.3,69110,543614,850053,306439,3304,3.723,47.3,1.48,36.04939927,0.00372276,255.3,44196.26016,0.071881607
SF12837,Punjab,Ludhiana,Cotton,Zaid,2.64,305.6,25.7,50.1,8.7,6.95,17.5,107.2,51.8,109.1,Flood,122.8,3.27,0.82,1.18,3.12,72004,162958,224652,61694,2591,1.204,37.2,1.18,27.46203016,0.001204168,268.1,52230.12821,0.087903226
SF12838,Telangana,Warangal,Wheat,Zaid,7.38,254.5,38.1,41.5,6.1,7.26,21.7,171.3,72.2,126.6,Drip,185.6,5.86,0.69,1.42,10.48,22515,483897,235957,-247940,2730,3.839,37.6,1.42,-105.0784677,0.003838828,370.1,46173.37786,0.155851064
SF12839,Gujarat,Rajkot,Cotton,Kharif,10.54,1254.1,33.6,75,5.5,6.49,32.1,138.6,57.1,105.7,Drip,175.3,8.99,0.69,1.38,14.55,71567,767305,1041300,273995,5375,2.707,62,1.38,26.3127821,0.002706977,301.4,52735.73883,0.145
SF12840,Andhra Pradesh,Guntur,Cotton,Kharif,2,912.3,26.5,74.8,8.3,6.83,30.1,119.1,47.3,109.6,Rainfed,153.9,7.01,0.7,1.74,3.48,79432,126822,276423,149601,768,4.531,38.7,1.74,54.1203156,0.00453125,276,36443.10345,0.181136951
SF12841,Karnataka,Raichur,Wheat,Rabi,3.69,582,23.4,67.3,8.7,6.39,16.9,137.3,49.4,102,Flood,250.4,6.84,0.73,2.9,10.7,24214,301891,259090,-42801,2964,3.61,42.1,2.9,-16.51974217,0.003609987,288.7,28214.11215,0.162470309
SF12842,Gujarat,Rajkot,Sugarcane,Kharif,11.96,830.2,29,74,5.9,7.16,26,133.3,45.6,122.8,Flood,158.3,4.7,0.8,52.65,629.69,3214,813359,2023824,1210465,26691,23.592,65.2,52.65,59.81078394,0.023591847,301.7,1291.681621,0.07208589
SF12843,Andhra Pradesh,Guntur,Maize,Rabi,4.35,319,22.4,61.4,6,6.26,29.9,126.2,72.9,135.7,Flood,111.5,5.6,0.79,3.03,13.18,22048,286898,290593,3695,3332,3.956,36.4,3.03,1.271537855,0.003955582,334.8,21767.6783,0.153846154
SF12844,Andhra Pradesh,Guntur,Rice,Rabi,5.5,371,25.2,58.3,7.8,6.17,25.4,86.5,56.8,122.4,Flood,184.3,8.36,0.84,2.72,14.96,22211,287296,332277,44981,11762,1.272,43.9,2.72,13.53719938,0.001271893,265.7,19204.27807,0.190432802
SF12845,Telangana,Warangal,Rice,Kharif,2.1,799.1,28.3,66,6.9,6.17,26.3,112.3,68.9,145.7,Flood,187.5,3.32,0.72,2.51,5.27,21933,127338,115587,-11751,3832,1.375,54.4,2.51,-10.16636819,0.001375261,326.9,24162.80835,0.061029412
SF12846,Tamil Nadu,Erode,Wheat,Rabi,4.22,305.1,26.3,61.6,5.9,7.35,21.7,183.1,59.1,93.3,Sprinkler,234.6,0.92,0.68,2.120853081,8.95,21765,270881,194797,-76084,2228,4.017,56.5,2.120853081,-39.05809638,0.004017056,335.5,30266.03352,0.016283186
SF12847,Punjab,Ludhiana,Wheat,Kharif,2.73,972.8,28.6,89.9,7.2,8.35,26.7,147.8,76,121.5,Flood,59.4,6.32,0.94,0.3,0.82,25147,165850,20621,-145229,1975,0.415,62.1,0.3,-704.2771932,0.00041519,345.3,202256.0976,0.101771337
SF12848,Telangana,Warangal,Sugarcane,Kharif,7.66,703,29.9,77.7,7.5,6.38,26,126.9,83.6,145.8,Drip,170.3,3.08,0.77,87.76,672.24,3625,395192,2436870,2041678,12526,53.668,67.8,87.76,83.78280335,0.053667571,356.3,587.8733786,0.045427729
SF12849,Telangana,Warangal,Wheat,Rabi,6.34,351.9,20.7,51.6,7.4,7.07,26.4,165.2,52.3,126,Flood,202.3,4.12,0.98,1.9,12.05,23963,404748,288754,-115994,3987,3.022,33.4,1.9,-40.17052578,0.003022323,343.5,33589.04564,0.123353293
SF12850,Karnataka,Raichur,Cotton,Kharif,9.95,984.1,29.3,89.9,5.6,6.54,32,92.1,49,114.6,Drip,201.7,6.48,0.72,2.11,20.99,61774,854992,1296636,441644,6519,3.22,71.7,2.11,34.06075414,0.003219819,255.7,40733.30157,0.090376569
SF12851,Telangana,Nalgonda,Rice,Zaid,14.17,512.7,33.8,39.9,7.7,6.52,10.4,124.8,73.9,128.2,Rainfed,149.8,2.05,0.87,2.86,40.53,21826,903622,884608,-19014,11398,3.556,49.3,2.86,-2.149426639,0.003555887,326.9,22295.1394,0.04158215
SF12852,Madhya Pradesh,Indore,Maize,Zaid,2.47,417.1,24.5,56.4,9.2,6.2,24.9,96.3,41.7,110.3,Rainfed,200,5.29,0.68,2.22,5.48,21142,150888,115858,-35030,622,8.81,27.4,2.22,-30.23528802,0.008810289,248.3,27534.30657,0.193065693
SF12853,Andhra Pradesh,Guntur,Cotton,Rabi,9.84,547.2,22.3,54.2,8.2,6.38,20.6,96.6,69.1,108.4,Drip,250.4,5.77,0.76,1.67,16.43,71658,713978,1177341,463363,6495,2.53,39.5,1.67,39.35673692,0.002529638,274.1,43455.75167,0.146075949
SF12854,Tamil Nadu,Erode,Maize,Kharif,3.08,1024.6,24.6,57.4,5.9,7.16,19.5,114.5,52.7,93.6,Rainfed,172.8,3.48,0.92,2.86,8.81,19176,182096,168941,-13155,987,8.926,45.9,2.86,-7.786742117,0.008926039,260.8,20669.2395,0.075816993
SF12855,Andhra Pradesh,Krishna,Cotton,Rabi,6.22,704.1,25.6,60.5,8.5,7.04,34.5,100.5,60.9,129.6,Rainfed,71.3,4.11,0.66,1.65,10.26,58030,299362,595388,296026,2805,3.658,46.5,1.65,49.71984655,0.003657754,291,29177.58285,0.088387097
SF12856,Gujarat,Rajkot,Cotton,Zaid,5.63,181.2,30.6,42.2,9.6,6.89,27.6,166.4,44.6,88.8,Rainfed,103.3,2.75,0.83,1.16,6.53,77696,329327,507355,178028,2855,2.287,50.9,1.16,35.08943442,0.002287215,299.8,50432.92496,0.054027505
SF12857,Maharashtra,Nashik,Maize,Rabi,6.43,470.7,19.3,61.1,6.8,6.47,20.2,134.9,80.5,96.5,Drip,134.8,5.09,0.9,4.44,28.55,21705,388420,619678,231258,2997,9.526,45.5,4.44,37.31905925,0.009526193,311.9,13604.90368,0.111868132
SF12858,Tamil Nadu,Erode,Chilli,Rabi,1.92,259,25.1,50.3,8.7,6.88,30.8,129.1,76.8,98.7,Flood,184.3,4.17,0.8,2.04,3.92,110825,137751,434434,296683,1483,2.643,35.1,2.04,68.2918464,0.002643291,304.6,35140.56122,0.118803419
SF12859,Andhra Pradesh,Krishna,Rice,Kharif,7.13,1195.4,30.8,60.1,5.9,6.26,27.3,118.8,52.8,176,Drip,164.7,6.08,0.91,2.44,17.4,22941,457892,399173,-58719,8043,2.163,54,2.44,-14.71016326,0.002163372,347.6,26315.63218,0.112592593
SF12860,Telangana,Nalgonda,Groundnut,Rabi,5.35,569.3,18.3,59.6,5.9,5.68,16.8,138.5,37.8,116.4,Drip,226.4,6.08,0.93,0.53,2.84,57484,347340,163255,-184085,2147,1.323,47.6,0.53,-112.7591804,0.001322776,292.7,122302.8169,0.127731092
SF12861,Andhra Pradesh,Guntur,Pulses,Rabi,8.06,363.3,23.7,41.1,6.9,5.63,31.8,150.5,37.7,94,Flood,172.2,7.88,0.8,0.3,2.42,76348,508832,184762,-324070,3855,0.628,29.1,0.3,-175.3986209,0.000627756,282.2,210261.157,0.270790378
SF12862,Andhra Pradesh,Krishna,Maize,Kharif,13.79,1187.5,29.7,67.4,5.1,6.81,32.3,173.5,57.1,108.3,Drip,231.2,8.97,0.76,4.45,61.37,18413,932601,1130006,197405,7036,8.722,52.8,4.45,17.46937627,0.008722285,338.9,15196.3663,0.169886364
SF12863,Madhya Pradesh,Indore,Chilli,Kharif,1.85,677.8,27.2,65.9,7.2,6.64,35.5,105.4,86.5,140.4,Flood,44.1,6.33,0.66,3.32,6.14,110733,110511,679901,569390,1399,4.389,53.6,3.32,83.74601596,0.004388849,332.3,17998.5342,0.118097015
SF12864,Karnataka,Raichur,Groundnut,Zaid,4.39,155.8,30.4,47.3,8.9,6.71,32.3,106.2,44.8,118.1,Rainfed,124.4,4.13,0.89,0.84,3.69,55805,251655,205920,-45735,1222,3.02,38.5,0.84,-22.21008159,0.00301964,269.1,68199.18699,0.107272727
SF12865,Andhra Pradesh,Krishna,Groundnut,Kharif,1.34,920.2,24.3,84.2,8.2,7.2,29.4,147,45.2,83,Drip,183.4,4.25,0.87,1.67,2.24,61919,85804,138699,52895,698,3.209,55.6,1.67,38.13654028,0.003209169,275.2,38305.35714,0.076438849
SF12866,Madhya Pradesh,Indore,Cotton,Rabi,9.38,161.9,24.6,63.3,7.6,6.23,29.2,102.6,65.4,103.9,Drip,204.7,4.65,0.77,1.05,9.85,61012,611819,600968,-10851,5697,1.729,42.7,1.05,-1.805586986,0.00172898,271.9,62113.60406,0.108899297
SF12867,Andhra Pradesh,Guntur,Sugarcane,Kharif,5.05,944.2,22.6,63.8,8,7.02,35.8,170.4,57.2,124.8,Drip,102.8,5.38,0.66,72.8,367.64,3093,232902,1137111,904209,7685,47.839,39,72.8,79.51809454,0.047838647,352.4,633.5056033,0.137948718
SF12868,Punjab,Ludhiana,Groundnut,Rabi,5.17,80,20,63.3,7.5,6.88,22.6,132.9,57,41.4,Sprinkler,189.1,5.51,0.74,1.2,6.2,60584,385644,375621,-10023,2592,2.392,40.4,1.2,-2.668381161,0.002391975,231.3,62200.64516,0.136386139
SF12869,Karnataka,Raichur,Wheat,Kharif,14.64,1116,29,70.7,7.4,6.74,34.9,146.1,65.9,109.7,Rainfed,240.7,6.71,0.82,3.04,44.51,23632,990904,1051860,60956,4937,9.016,53.8,3.04,5.795067785,0.009015597,321.7,22262.50281,0.12472119
SF12870,Andhra Pradesh,Krishna,Wheat,Kharif,9.92,883.8,32.2,86.2,7.9,6.17,31.9,127.4,81.6,99.6,Drip,104.4,5.43,0.86,2.42,24.01,25480,613969,611775,-2194,5310,4.522,76.4,2.42,-0.358628581,0.004521657,308.6,25571.38692,0.071073298
SF12871,Tamil Nadu,Erode,Maize,Kharif,4.61,1198.1,29.2,68.7,6.7,6.09,23.6,140.1,75.5,105.3,Drip,234,7.38,0.88,2.17,10,21043,367154,210430,-156724,2254,4.437,48.5,2.17,-74.47797367,0.004436557,320.9,36715.4,0.152164948
SF12872,Gujarat,Rajkot,Pulses,Kharif,0.73,934.4,29.2,75.2,6.5,8.1,20.4,159.7,91.5,132.1,Rainfed,200.3,3.98,0.81,0.3,0.22,90623,37299,19937,-17362,139,1.583,73.9,0.3,-87.08431559,0.001582734,383.3,169540.9091,0.053856563
SF12873,Punjab,Ludhiana,Chilli,Rabi,13.38,366.4,19.9,48.6,9.3,6.5,28.1,142.9,90,66.1,Sprinkler,180,5.21,1,1.84,24.62,118917,752510,2927737,2175227,7972,3.088,52.2,1.84,74.29721317,0.003088309,299,30564.98781,0.099808429
SF12874,Maharashtra,Nashik,Maize,Kharif,4.97,836.1,30.4,75.6,6.7,6.92,32,140.5,70,95.4,Drip,107.3,3.96,0.9,4.85,24.1,19263,348239,464238,115999,2535,9.507,70.7,4.85,24.98696789,0.009506903,305.9,14449.75104,0.056011315
SF12875,Madhya Pradesh,Indore,Rice,Rabi,1.5,390.7,21,59.9,8.3,6.21,25.3,157.5,73.7,109,Flood,164,4.36,0.9,2.4,3.6,22267,94206,80161,-14045,2900,1.241,44.6,2.4,-17.52098901,0.001241379,340.2,26168.33333,0.097757848
SF12876,Telangana,Nalgonda,Wheat,Zaid,2.69,378.8,30.3,60.7,8.6,6.66,15.8,115.4,60.1,83.6,Sprinkler,198.2,5.99,0.88,2.4,6.46,23773,169130,153574,-15556,1555,4.154,39.3,2.4,-10.12931876,0.004154341,259.1,26181.11455,0.152417303
SF12877,Telangana,Nalgonda,Pulses,Rabi,2.31,280.9,20.3,42,7.3,7.48,34.4,115.9,45.2,61.8,Rainfed,184.9,5.29,0.99,0.32,0.74,77245,140936,57161,-83775,478,1.548,31.9,0.32,-146.5597173,0.001548117,222.9,190454.0541,0.165830721
SF12878,Telangana,Nalgonda,Pulses,Kharif,5.59,1119.6,28.7,55.5,6.2,6.91,24.3,104.8,63.6,143,Flood,243.5,6.78,0.81,1.31,7.32,70443,369901,515643,145742,2602,2.813,46.3,1.31,28.26412848,0.002813221,311.4,50532.9235,0.146436285
SF12879,Telangana,Nalgonda,Groundnut,Kharif,7.97,963.4,30.1,81.7,6.2,5.89,30,131.9,37.7,105.5,Sprinkler,141.8,8.46,0.97,0.76,6.06,53990,472486,327179,-145307,4176,1.451,50.6,0.76,-44.41208024,0.001451149,275.1,77967.9868,0.167193676
SF12880,Punjab,Ludhiana,Maize,Zaid,14.18,552.2,34,60,7.3,7.75,17,195.1,59,94.6,Rainfed,168,3.76,0.97,0.87,12.34,28340,1113608,349716,-763892,3993,3.09,53.9,0.87,-218.4320992,0.003090408,348.7,90243.76013,0.069758813
SF12881,Madhya Pradesh,Indore,Rice,Rabi,5.49,524.5,23.9,59.1,6.9,7.66,21.9,104,80.5,139.9,Sprinkler,156.5,2.33,0.67,1.22,6.7,22752,293822,152438,-141384,7662,0.874,45,1.22,-92.74852727,0.000874445,324.4,43854.02985,0.051777778
SF12882,Telangana,Nalgonda,Wheat,Kharif,5.86,909.4,27.4,79.9,7.1,6.08,31.1,40,44.5,80.5,Flood,259.4,5.19,0.92,1.7,9.96,27347,464851,272376,-192475,4303,2.315,63.9,1.7,-70.66518342,0.002314664,165,46671.78715,0.081220657
SF12883,Madhya Pradesh,Indore,Wheat,Kharif,8.49,882.4,25.2,72.5,5.6,6.98,24.4,134.6,60.1,84.2,Sprinkler,91.2,0.5,0.95,2.56,21.73,25634,470247,557027,86780,5023,4.326,80.8,2.56,15.5791371,0.0043261,278.9,21640.45099,0.006188119
SF12884,Telangana,Warangal,Chilli,Rabi,3.95,203,23.8,63.7,7.1,5.9,21.2,70.1,55.8,123.2,Flood,200.3,5.5,0.9,0.75,2.96,114407,281972,338645,56673,3639,0.813,49.3,0.75,16.7352242,0.00081341,249.1,95260.81081,0.111561866
SF12885,Andhra Pradesh,Guntur,Pulses,Rabi,14.83,309.4,23.9,58.2,7.4,6.45,25.4,154.4,56.6,102,Rainfed,200.3,7.36,0.92,1.12,16.61,79761,1015612,1324830,309218,3026,5.489,44.3,1.12,23.34020214,0.005489095,313,61144.61168,0.166139955
SF12886,Gujarat,Rajkot,Wheat,Rabi,3.93,550.8,19.3,58.6,8.6,6.71,28.4,110.1,60,109.2,Rainfed,139.6,0.5,0.88,2.39,9.39,25651,277861,240863,-36998,1098,8.552,69.5,2.39,-15.36059918,0.008551913,279.3,29591.16081,0.007194245
SF12887,Karnataka,Raichur,Groundnut,Kharif,13.88,826.6,30.1,72.7,6.6,7.5,30.4,74,64.3,92.7,Drip,336.7,4.18,0.96,1.04,14.44,58269,1073758,841404,-232354,5822,2.48,53.6,1.04,-27.61503392,0.002480247,231,74359.9723,0.077985075
SF12888,Karnataka,Raichur,Chilli,Kharif,3.46,1367.2,29.1,83.6,5.3,7.37,40.9,118.7,62.3,68,Rainfed,101.2,6.82,0.8,0.83,2.87,115645,224158,331901,107743,1143,2.511,71.9,0.83,32.46239089,0.002510936,249,78103.83275,0.094853964
SF12889,Gujarat,Rajkot,Rice,Kharif,8.68,860.9,31.1,83.7,7.2,7.39,26.4,175,43.7,96.9,Flood,123.1,3.82,0.72,2.46,21.35,24708,541012,527516,-13496,14640,1.458,54.5,2.46,-2.558405811,0.001458333,315.6,25340.14052,0.070091743
SF12890,Punjab,Ludhiana,Maize,Zaid,1.98,110.3,32.2,43.9,9.3,5.76,17.1,98.3,59.2,105.4,Drip,310.5,4.57,0.66,1.04,2.06,21383,136142,44049,-92093,857,2.404,27.6,1.04,-209.0694454,0.002403734,262.9,66088.34951,0.16557971
SF12891,Karnataka,Raichur,Chilli,Kharif,14.74,1141.3,29.2,67.9,6.5,6.67,25.1,131,68.2,125.2,Flood,193.3,6.6,0.94,2.24,33.02,98924,932591,3266470,2333879,11665,2.831,53.3,2.24,71.44957707,0.00283069,324.4,28243.21623,0.123827392
SF12892,Madhya Pradesh,Indore,Cotton,Kharif,13.23,769.9,28.1,54.7,6.6,6.25,28.6,169.5,36.8,86,Sprinkler,126.5,3.01,0.71,1.69,22.36,56387,835241,1260813,425572,10532,2.123,52.8,1.69,33.75377633,0.002123054,292.3,37354.24866,0.057007576
SF12893,Maharashtra,Nashik,Rice,Kharif,14.75,1092.1,32.2,74.8,7.4,6.51,27.6,136.7,68.2,102.9,Sprinkler,199.6,4.95,0.77,3.57,52.66,20712,876386,1090694,214308,21748,2.421,50.7,3.57,19.64877408,0.002421372,307.8,16642.34713,0.097633136
SF12894,Telangana,Nalgonda,Pulses,Rabi,8.17,533.9,20.8,61.5,9.3,7.4,19.5,108.2,36.4,115.5,Flood,197.1,9.21,1,0.71,5.8,75333,605004,436931,-168073,3335,1.739,41.4,0.71,-38.46671442,0.00173913,260.1,104311.0345,0.222463768
SF12895,Madhya Pradesh,Indore,Chilli,Rabi,6.83,452.1,20.5,52.3,7.5,6.28,21.2,112.9,55.8,113.8,Rainfed,255.5,3.16,0.91,1.31,8.95,107420,339830,961409,621579,2086,4.291,34.5,1.31,64.65292087,0.004290508,282.5,37969.8324,0.091594203
SF12896,Punjab,Ludhiana,Groundnut,Zaid,9.6,227.5,32.4,62.1,8.3,6.07,24.2,108.4,40.9,121.5,Drip,176.1,6.54,0.76,0.71,6.82,66279,685672,452023,-233649,4091,1.667,34.7,0.71,-51.68962641,0.001667074,270.8,100538.4164,0.188472622
SF12897,Andhra Pradesh,Krishna,Maize,Rabi,5.26,418.4,24.6,57.1,8.1,7.01,19.9,87.9,36.2,127.4,Flood,213.6,5.09,0.91,3.17,16.67,19322,403846,322098,-81748,3505,4.756,35.4,3.17,-25.37985334,0.004756063,251.5,24225.91482,0.143785311
SF12898,Madhya Pradesh,Indore,Sugarcane,Kharif,11.76,765.9,31.6,77.9,7.5,6.25,38.2,151,77,91.6,Sprinkler,139.9,6.85,0.88,56.65,666.2,3328,684492,2217114,1532622,18023,36.964,58.2,56.65,69.12689199,0.036963879,319.6,1027.45722,0.117697595
SF12899,Punjab,Ludhiana,Wheat,Rabi,1.57,504.3,23,55.9,7,7.19,25.5,126.3,47.3,103.1,Flood,280.7,7.33,1,1.79,2.81,26180,125959,73566,-52393,1226,2.292,22.3,1.79,-71.2190414,0.002292007,276.7,44825.2669,0.328699552
SF12900,Tamil Nadu,Erode,Groundnut,Rabi,10.04,163.6,19.6,64.9,6.8,6.94,28,104.2,51.5,55.4,Rainfed,97.9,6.05,0.85,0.95,9.54,46514,575942,443744,-132198,2894,3.296,26.5,0.95,-29.79150141,0.003296475,211.1,60371.27883,0.228301887
SF12901,Telangana,Nalgonda,Sugarcane,Zaid,12.92,451.8,32.5,42.8,7.3,6.4,18.2,124.8,57.4,135.1,Sprinkler,220.7,7.71,0.85,50.35,650.52,3516,956505,2287228,1330723,23562,27.609,35.9,50.35,58.18060115,0.027608862,317.3,1470.369858,0.214763231
SF12902,Andhra Pradesh,Guntur,Groundnut,Kharif,5.21,743.2,28.1,68.8,5.5,6.6,22.7,189.2,39.9,123.6,Rainfed,256.7,5.02,0.94,2.03,10.58,59044,369550,624686,255136,1312,8.064,40.7,2.03,40.84227916,0.008064024,352.7,34929.11153,0.123341523
SF12903,Punjab,Ludhiana,Rice,Rabi,7.12,368.1,24.5,55.7,7.2,6.14,22.8,97.8,66.6,104.8,Rainfed,152.5,3.69,0.77,1.69,12.03,22829,439651,274633,-165018,5910,2.036,34.6,1.69,-60.08673393,0.002035533,269.2,36546.21779,0.106647399
SF12904,Maharashtra,Nashik,Rice,Rabi,4.29,508.4,22.8,56.7,8.6,6.44,24.6,87,52.4,127.5,Drip,188.2,3.41,0.79,3.35,14.37,21373,313375,307130,-6245,6247,2.3,43.7,3.35,-2.033340931,0.002300304,266.9,21807.58525,0.078032037
SF12905,Maharashtra,Nashik,Wheat,Kharif,0.9,999.3,28.6,82.1,5.5,6.69,34.3,124.1,48.1,92.9,Flood,216.4,7.57,0.9,2.26,2.03,21800,70688,44254,-26434,581,3.494,43.1,2.26,-59.73245356,0.003493976,265.1,34821.67488,0.175638051
SF12906,Andhra Pradesh,Guntur,Sugarcane,Zaid,1.46,260.2,32.8,43.5,7.2,7.04,22.8,132.2,32.5,120,Flood,177.9,6.43,0.76,36.45,53.22,3208,116810,170730,53920,3106,17.135,25.9,36.45,31.58203011,0.017134578,284.7,2194.85156,0.248262548
SF12907,Andhra Pradesh,Krishna,Groundnut,Rabi,6.14,580.6,21.4,54.7,8.2,7.47,17.7,79.9,51,135.4,Flood,364.9,3.6,0.88,0.77,4.73,62494,524466,295597,-228869,3541,1.336,57,0.77,-77.42602259,0.001335781,266.3,110880.7611,0.063157895
SF12908,Madhya Pradesh,Indore,Pulses,Rabi,6.32,299.3,22,79.7,7,6.33,18.4,138.4,75.5,113.1,Drip,73.2,2.47,0.71,0.87,5.5,69525,379623,382388,2765,2007,2.74,46.1,0.87,0.723087545,0.002740409,327,69022.36364,0.053579176
SF12909,Telangana,Warangal,Sugarcane,Rabi,7.73,482.8,25,61.7,6.8,5.69,29.2,148.1,47.5,68.4,Flood,294.2,7.81,0.98,18.54,143.31,3774,576141,540852,-35289,16170,8.863,45.2,18.54,-6.524705465,0.008862709,264,4020.24283,0.172787611
SF12910,Madhya Pradesh,Indore,Chilli,Rabi,5.63,476,28.1,63.9,7.8,6.76,21.1,107.2,41.4,87.1,Flood,141.2,5.08,0.72,2.31,13.01,90723,415253,1180306,765053,4848,2.684,51.4,2.31,64.81819121,0.002683581,235.7,31917.98616,0.098832685
SF12911,Maharashtra,Nashik,Pulses,Kharif,13.43,923,28.7,60,7.4,6.67,28.3,144.9,36.8,123.3,Drip,130.6,5.68,0.99,1.89,25.38,62234,803990,1579499,775509,4949,5.128,33.2,1.89,49.09841665,0.005128309,305,31678.09299,0.171084337
SF12912,Telangana,Warangal,Maize,Kharif,3.15,873.8,27.3,78.3,7.3,6.55,31.4,129.8,49.9,67.8,Rainfed,195.2,3.76,1,3.8,11.97,21706,228724,259821,31097,1041,11.499,55.4,3.8,11.96862455,0.011498559,247.5,19108.10359,0.067870036
SF12913,Punjab,Ludhiana,Groundnut,Kharif,3.55,999.5,32.5,67.8,5.8,7.02,20.7,161.6,46.2,73.7,Rainfed,85.7,3.24,0.77,1.28,4.54,51857,266578,235431,-31147,881,5.153,74.6,1.28,-13.22977858,0.005153235,281.5,58717.62115,0.043431635
SF12914,Andhra Pradesh,Krishna,Groundnut,Kharif,8.93,717.3,28.7,77.7,5.2,6.62,20.6,74.1,48.3,119.9,Drip,127.1,3.99,0.72,2.55,22.77,55939,658702,1273731,615029,4122,5.524,46.3,2.55,48.28562703,0.005524017,242.3,28928.50242,0.086177106
SF12915,Gujarat,Rajkot,Rice,Kharif,7.85,802.9,30.4,54.7,8.1,7.17,38.4,163.3,58.8,70,Drip,207.6,7.72,0.9,4.18,32.81,20726,524345,680020,155675,9054,3.624,48.2,4.18,22.89270904,0.003623813,292.1,15981.25571,0.160165975
SF12916,Karnataka,Raichur,Maize,Rabi,10.99,195.3,23.6,55.4,6.8,7.64,26,124.3,27.2,93.1,Drip,249.7,5.99,0.76,1.18,12.97,26472,828750,343342,-485408,5240,2.475,31.7,1.18,-141.3774021,0.002475191,244.6,63897.45567,0.188958991
SF12917,Tamil Nadu,Erode,Cotton,Zaid,12.27,445.1,28.5,48.6,8.8,7.58,22.6,91.5,77.5,109.1,Rainfed,220.8,4.06,0.66,0.46,5.64,72235,879988,407405,-472583,4711,1.197,36.7,0.46,-115.9983309,0.001197198,278.1,156026.2411,0.110626703
SF12918,Telangana,Nalgonda,Rice,Zaid,6.64,171.9,27.5,79.5,7.6,7.25,18.9,104.3,55.6,57.4,Drip,158.4,6.23,0.86,1.72,11.42,21217,426700,242298,-184402,8024,1.423,47.2,1.72,-76.10545692,0.00142323,217.3,37364.2732,0.131991525
SF12919,Tamil Nadu,Erode,Maize,Zaid,1.43,604.3,27.4,56.8,9.1,6.54,26.9,114.2,49.6,145.2,Flood,232.1,6.55,0.86,4.03,5.76,21544,89296,124093,34797,885,6.508,32.2,4.03,28.04106597,0.006508475,309,15502.77778,0.203416149
SF12920,Madhya Pradesh,Indore,Pulses,Rabi,6.29,661.7,27.1,61.7,7.3,6.05,23.7,107.6,70.2,114.9,Sprinkler,244.6,4.34,0.88,1,6.29,77301,428375,486223,57848,2341,2.687,43.4,1,11.89742155,0.002686886,292.7,68104.13355,0.1
SF12921,Punjab,Ludhiana,Sugarcane,Rabi,14.78,616.4,25.5,67.1,7.8,7.34,22.7,151.8,59.4,88.2,Flood,263.6,5.39,0.84,52.62,777.72,3396,1099537,2641137,1541600,40902,19.014,49,52.62,58.36880101,0.019014229,299.4,1413.795453,0.11
SF12922,Madhya Pradesh,Indore,Cotton,Kharif,11.39,661,29.2,66.7,5.9,6.68,36.7,190,42.7,114.3,Drip,202.6,3.11,0.69,2.9,33.03,62372,855348,2060147,1204799,7559,4.37,49.9,2.9,58.48121518,0.004369626,347,25896.09446,0.062324649
SF12923,Telangana,Warangal,Chilli,Kharif,9.89,768.6,26.6,82.5,8.1,6.31,19.3,95,46.2,146.8,Flood,83.8,8.9,0.8,2.52,24.92,101585,564556,2531498,1966942,8676,2.872,35.9,2.52,77.69873806,0.002872291,288,22654.73515,0.247910864
SF12924,Andhra Pradesh,Guntur,Chilli,Kharif,4.11,982.4,29.9,89.3,8,6.47,32.8,130.4,49.7,94.2,Drip,226.4,3.1,0.94,2.28,9.37,107426,301466,1006582,705116,2262,4.142,71.2,2.28,70.05052743,0.004142352,274.3,32173.53255,0.043539326
SF12925,Tamil Nadu,Erode,Cotton,Kharif,2.32,709,28.3,77,8,7.2,30.5,91,81.4,107.9,Drip,305.9,1.33,0.68,1.98,4.59,69663,173991,319753,145762,1761,2.606,67.3,1.98,45.58581155,0.002606474,280.3,37906.53595,0.019762259
SF12926,Telangana,Nalgonda,Sugarcane,Zaid,13.64,350.7,33,62.6,8.6,6.77,22.4,113.8,53.9,105.1,Drip,189.1,4.83,0.69,46.57,635.21,4043,842694,2568154,1725460,21209,29.95,41.3,46.57,67.18678086,0.029950021,272.8,1326.638435,0.116949153
SF12927,Gujarat,Rajkot,Rice,Kharif,8.56,901.3,28.3,65.9,6.2,6.95,32.3,109.8,60,120.9,Rainfed,202.7,6.03,0.78,3.53,30.22,23048,474318,696511,222193,7524,4.016,46.3,3.53,31.90086014,0.004016481,290.7,15695.49967,0.130237581
SF12928,Andhra Pradesh,Krishna,Chilli,Rabi,4.4,696.5,23.4,45.5,8.4,6.03,20.8,91.8,63.6,144.1,Flood,202.2,10.31,0.94,1.62,7.13,98007,305437,698790,393353,3773,1.89,30.7,1.62,56.29058802,0.001889743,299.5,42838.28892,0.335830619
SF12929,Gujarat,Rajkot,Maize,Kharif,10.93,1121.4,28.8,65.9,6.3,7.16,35.6,84.3,74.4,57.3,Rainfed,290.6,7.68,0.94,2.05,22.41,22419,787030,502410,-284620,4064,5.514,50.7,2.05,-56.65094246,0.005514272,216,35119.58947,0.15147929
SF12930,Andhra Pradesh,Guntur,Pulses,Kharif,13.96,761.7,28.1,63.9,5.5,6.37,36.7,146.3,37.3,107.1,Rainfed,180,5.16,0.87,1.53,21.36,68874,834403,1471149,636746,2329,9.171,38.2,1.53,43.28222362,0.009171318,290.7,39063.81086,0.135078534
SF12931,Madhya Pradesh,Indore,Rice,Rabi,10.4,207.4,21.8,60.5,7.7,6.95,18.5,141.3,32.8,112.3,Flood,66.8,7.07,0.73,2.57,26.73,22668,620640,605916,-14724,21894,1.221,38.2,2.57,-2.430039807,0.001220882,286.4,23218.85522,0.185078534
SF12932,Tamil Nadu,Erode,Chilli,Kharif,2.81,997.7,27.7,58.8,7.1,6.93,35.5,157.1,39.6,88.5,Flood,113.5,5.05,0.7,2.41,6.77,100592,191081,681008,489927,2100,3.224,55.8,2.41,71.94144562,0.00322381,285.2,28224.66765,0.090501792
SF12933,Tamil Nadu,Erode,Wheat,Rabi,7.63,205.2,24.9,50.3,7,6.42,25.6,127.4,49.6,67.1,Drip,94.3,4.06,0.66,2.76,21.06,21722,465021,457465,-7556,3220,6.54,39.6,2.76,-1.65171106,0.006540373,244.1,22080.76923,0.102525253
SF12934,Madhya Pradesh,Indore,Groundnut,Kharif,3.83,909.1,27.7,59.4,5.9,6.32,34.8,176.5,65.4,99.9,Rainfed,106.2,5.27,0.95,1.73,6.63,57729,201839,382743,180904,935,7.091,58.9,1.73,47.26513614,0.007090909,341.8,30443.28808,0.089473684
SF12935,Maharashtra,Nashik,Maize,Rabi,2.11,356,23.1,64.1,8.3,6.13,27.5,112.5,67.9,94.9,Sprinkler,217.7,7.16,0.66,2.21,4.66,23623,135781,110083,-25698,1338,3.483,33.5,2.21,-23.34420392,0.00348281,275.3,29137.55365,0.213731343
SF12936,Andhra Pradesh,Guntur,Rice,Rabi,11.7,258.7,26.8,60,6.8,6.04,21.1,152.3,63.8,60.5,Drip,76.1,4.94,0.69,2.31,27.03,19326,591240,522382,-68858,14797,1.827,42.7,2.31,-13.18154148,0.001826722,276.6,21873.47392,0.115690867
SF12937,Maharashtra,Nashik,Cotton,Zaid,13.56,441.7,27.3,62,7.4,6.99,17.2,82.5,57.1,105.5,Rainfed,107.6,8.23,0.67,1.33,18.03,83450,541165,1504604,963439,5300,3.402,26.2,1.33,64.03272888,0.003401887,245.1,30014.69773,0.314122137
SF12938,Karnataka,Raichur,Groundnut,Kharif,0.52,938.4,28.1,71.4,5.4,6.34,23.9,93.9,62.9,120.5,Flood,124.2,4.5,0.75,1.74,0.9,58315,34504,52484,17980,373,2.413,59.4,1.74,34.2580596,0.002412869,277.3,38337.77778,0.075757576
SF12939,Karnataka,Raichur,Maize,Kharif,9.83,935.3,28.1,75.5,5.2,5.95,39.4,85.2,73,72.9,Flood,197.8,6.82,0.92,1.8,17.69,20774,620495,367492,-253003,6909,2.56,55.2,1.8,-68.84585243,0.002560428,231.1,35076.03166,0.123550725
SF12940,Telangana,Warangal,Cotton,Kharif,1.64,867.3,26.6,67.5,8,6.24,29.6,112.8,28.8,74.4,Flood,187.9,0.75,0.94,1.08,1.77,65638,109926,116179,6253,1788,0.99,64.9,1.08,5.382211932,0.000989933,216,62105.08475,0.01155624
SF12941,Andhra Pradesh,Krishna,Groundnut,Kharif,4.52,538.5,28.2,74.7,6.9,7.2,29,190.5,25.9,94.9,Drip,268.5,3.72,0.98,1.91,8.63,57316,301626,494637,193011,1889,4.569,48.3,1.91,39.02073642,0.004568555,311.3,34950.86906,0.077018634
SF12942,Andhra Pradesh,Guntur,Pulses,Zaid,7.9,263.2,32,37.8,7.5,6.3,25.9,100.1,76.2,99.3,Flood,145.5,6.4,0.75,0.83,6.56,67117,575109,440288,-134821,3730,1.759,22.2,0.83,-30.62109347,0.001758713,275.6,87669.05488,0.288288288
SF12943,Punjab,Ludhiana,Rice,Rabi,8.25,304.4,19.9,43.8,6.9,6.15,20.8,137.9,53,119.4,Rainfed,142.9,8.01,0.83,1.73,14.27,19680,645291,280834,-364457,7575,1.884,25.8,1.73,-129.7766652,0.001883828,310.3,45220.11212,0.310465116
SF12944,Maharashtra,Nashik,Cotton,Zaid,5.06,80,30.7,59.1,9.1,7.16,20.2,182.1,64.8,137.7,Flood,205.5,5.19,0.66,0.94,4.76,70577,360535,335947,-24588,4001,1.19,34.6,0.94,-7.31901163,0.001189703,384.6,75742.64706,0.15
SF12945,Andhra Pradesh,Krishna,Maize,Kharif,11.43,743.6,25.7,75.5,7.8,8.05,22.7,159.5,58.7,88.7,Rainfed,124,2.91,0.9,0.47,5.37,21460,598995,115240,-483755,3331,1.612,51.9,0.47,-419.7804582,0.001612128,306.9,111544.6927,0.056069364
SF12946,Tamil Nadu,Erode,Rice,Zaid,7.83,376.1,30,47.9,8.2,6.97,22.5,104.8,44.5,142.2,Rainfed,202.8,5.42,0.7,2.43,19.03,17956,581374,341703,-239671,6239,3.05,37.8,2.43,-70.14015095,0.003050168,291.5,30550.39411,0.143386243
SF12947,Andhra Pradesh,Krishna,Maize,Rabi,8.09,343.1,22.9,69.1,7.2,6.49,27.8,115.4,45.1,89.1,Flood,168.9,5.68,0.65,2.9,23.46,20199,522685,473869,-48816,6443,3.641,29,2.9,-10.30158124,0.003641161,249.6,22279.83802,0.195862069
SF12948,Karnataka,Raichur,Maize,Kharif,13.05,721.9,28.1,81.1,6.8,7.51,38.6,108.8,85.9,82.6,Sprinkler,212.3,3.8,0.72,2.12,27.67,23695,924837,655641,-269196,7456,3.711,62.1,2.12,-41.05844509,0.003711105,277.3,33423.81641,0.061191626
SF12949,Maharashtra,Nashik,Groundnut,Kharif,10.91,992.7,26.4,76.3,7.1,6.21,31.2,138.9,74.8,117.4,Rainfed,116.4,6.71,0.84,1.47,16.04,61143,558472,980734,422262,3277,4.895,53.8,1.47,43.05571133,0.004894721,331.1,34817.45636,0.12472119
SF12950,Tamil Nadu,Erode,Wheat,Zaid,6.71,80,30.3,57.6,8.8,6.59,26.3,106.4,29.3,89.7,Sprinkler,179.5,6.66,0.81,2.05,13.76,20368,421655,280264,-141391,4155,3.312,38.4,2.05,-50.44921931,0.003311673,225.4,30643.53198,0.1734375
SF12951,Tamil Nadu,Erode,Groundnut,Zaid,4.24,428.6,29.7,57.8,6.7,6.84,15.3,165.2,60.3,74.3,Flood,215.1,5.89,0.65,1.63,6.91,62094,343070,429070,86000,2599,2.659,40.3,1.63,20.04334957,0.002658715,299.8,49648.33575,0.146153846
SF12952,Punjab,Ludhiana,Wheat,Zaid,0.81,165.7,32.1,56.5,8.6,5.2,18.7,173.1,66,118.2,Flood,238.6,7.03,0.83,0.3,0.24,27954,50004,6709,-43295,627,0.383,32.8,0.3,-645.3271725,0.000382775,357.3,208350,0.214329268
SF12953,Tamil Nadu,Erode,Wheat,Zaid,0.55,423.2,30,68.7,7.5,6.12,19.9,100.3,54.9,85.6,Flood,215,4.85,0.83,1.57,0.86,21118,35244,18161,-17083,324,2.654,54.2,1.57,-94.06420351,0.002654321,240.8,40981.39535,0.089483395
SF12954,Telangana,Nalgonda,Sugarcane,Kharif,11.1,1103.1,27.2,64.2,7,6.71,27.5,204.2,52.3,152.4,Flood,296,7.3,0.71,72.32,802.75,3284,904252,2636231,1731979,21809,36.808,51.6,72.32,65.69906051,0.036808198,408.9,1126.442853,0.141472868
SF12955,Punjab,Ludhiana,Cotton,Rabi,12.99,673.2,26.9,53.7,9.4,7.15,24.2,133.2,65.8,108,Rainfed,83.7,0.68,0.95,1.45,18.84,73739,567048,1389243,822195,4793,3.931,65,1.45,59.18295071,0.003930732,307,30098.08917,0.010461538
SF12956,Gujarat,Rajkot,Rice,Rabi,11.55,669.4,22.6,64.6,5.8,6.12,26,116.1,78.1,143.2,Drip,210.2,3.48,1,2.88,33.26,26518,760129,881989,121860,14645,2.271,55.2,2.88,13.81649885,0.002271082,337.4,22854.14913,0.063043478
SF12957,Punjab,Ludhiana,Cotton,Kharif,11.35,883.4,26.1,63.3,6.9,7.09,41,96.6,47.5,146.3,Rainfed,105.2,4.85,0.84,1.34,15.21,66793,585513,1015922,430409,4503,3.378,50.8,1.34,42.36634309,0.003377748,290.4,38495.26627,0.095472441
SF12958,Punjab,Ludhiana,Pulses,Kharif,3.27,881.6,27.3,79.2,4.8,7.22,28.1,117.6,15,112.6,Rainfed,108.2,3.75,0.8,1.02,3.34,73012,186704,243860,57156,658,5.076,52.9,1.02,23.43803822,0.005075988,245.2,55899.4012,0.070888469
SF12959,Tamil Nadu,Erode,Pulses,Kharif,7.02,933.3,27.1,65.5,5.3,6.74,35.8,98.4,52.4,52.7,Sprinkler,191.1,2.41,0.87,1.36,9.55,68573,509561,654872,145311,2520,3.79,48,1.36,22.18922171,0.003789683,203.5,53357.17277,0.050208333
SF12960,Andhra Pradesh,Guntur,Rice,Kharif,12.47,770.9,29.1,60.6,6.6,6.65,22.5,127.1,72.5,147.3,Rainfed,234.9,5.96,0.75,4.46,55.62,24278,756647,1350342,593695,9958,5.585,51,4.46,43.96626929,0.005585459,346.9,13603.86552,0.116862745
SF12961,Karnataka,Raichur,Rice,Kharif,3.52,1103,29.7,68.9,8.1,8.22,22.2,179.8,70,119.6,Sprinkler,322.3,2.84,0.8,0.3,1.06,21625,265735,22922,-242813,4687,0.226,68.5,0.3,-1059.301108,0.000226157,369.4,250693.3962,0.041459854
SF12962,Maharashtra,Nashik,Rice,Rabi,7.88,403.3,21.9,77.2,7.8,7.49,20.4,194.7,40.9,165.2,Flood,77.1,4.49,0.72,1.44,11.35,22826,438126,259075,-179051,13030,0.871,55.1,1.44,-69.11164721,0.000871067,400.8,38601.40969,0.081488203
SF12963,Andhra Pradesh,Krishna,Cotton,Kharif,0.99,674.6,30.4,63.1,4.8,6.78,29.5,102.1,61.1,134.1,Sprinkler,184.2,4.48,0.94,2.07,2.05,64900,64662,133045,68383,863,2.375,53.7,2.07,51.39839904,0.002375435,297.3,31542.43902,0.083426443
SF12964,Punjab,Ludhiana,Cotton,Kharif,4.01,1124.5,28.5,74.4,6.8,6.43,23.6,129.4,22.9,93.6,Flood,178.7,7.69,0.83,1.43,5.73,77596,228464,444625,216161,3310,1.731,59.2,1.43,48.61647456,0.001731118,245.9,39871.55323,0.129898649
SF12965,Madhya Pradesh,Indore,Wheat,Rabi,1.08,847.8,27.6,62.6,7.8,5.84,29.2,100.3,68.9,87.4,Drip,62.6,3.41,0.8,1.45,1.57,22945,61262,36024,-25238,480,3.271,56.7,1.45,-70.05884966,0.003270833,256.6,39020.38217,0.060141093
SF12966,Karnataka,Raichur,Pulses,Kharif,14.24,1146.5,25.9,77.9,5.2,6.51,35.9,143.7,48.4,126.7,Drip,327,8,0.97,1.4,19.94,66983,1043149,1335641,292492,4145,4.811,48.4,1.4,21.89899831,0.004810615,318.8,52314.39318,0.165289256
SF12967,Madhya Pradesh,Indore,Groundnut,Rabi,6.36,456,23.9,61.2,9.1,6.62,31.5,110.9,72.9,128,Flood,131.7,4.15,0.82,1.77,11.26,54440,346168,612994,266826,3837,2.935,42.7,1.77,43.52832165,0.002934584,311.8,30743.16163,0.097189696
SF12968,Andhra Pradesh,Guntur,Chilli,Kharif,9.05,847.1,28.7,83.2,9.5,7.24,32.8,111.9,40.1,106.3,Drip,144.1,5.34,0.66,2.01,18.19,94760,427583,1723684,1296101,5004,3.635,47.9,2.01,75.19365499,0.003635092,258.3,23506.48708,0.111482255
SF12969,Karnataka,Raichur,Pulses,Zaid,12.11,335.7,25.2,52.2,8.1,6.97,17.5,112.8,45.7,106.3,Sprinkler,215.9,4.52,0.94,1.12,13.56,70628,842221,957716,115495,4561,2.973,40.3,1.12,12.05942054,0.002973032,264.8,62110.69322,0.112158809
SF12970,Telangana,Nalgonda,Rice,Kharif,1.46,444.2,32.2,81.6,7.5,6.08,27,142.5,65.1,69.4,Rainfed,217.4,7.06,0.96,1.86,2.72,19471,114859,52961,-61898,1132,2.403,47.1,1.86,-116.8746814,0.002402827,277,42227.57353,0.149893843
SF12971,Tamil Nadu,Erode,Wheat,Zaid,4.79,205.9,30.7,55.2,7.5,6.95,20.5,71.6,104.3,84.5,Rainfed,182.7,5.47,0.69,1.77,8.48,21680,271131,183846,-87285,1321,6.419,45.1,1.77,-47.47723638,0.006419379,260.4,31972.99528,0.121286031
SF12972,Punjab,Ludhiana,Groundnut,Rabi,14.57,366.1,30.4,51.3,6.5,7.3,23.9,97.5,33.6,150.2,Drip,400,4.98,0.7,1.06,15.44,61863,1179084,955165,-223919,6874,2.246,52.4,1.06,-23.44296535,0.002246145,281.3,76365.54404,0.095038168
SF12973,Gujarat,Rajkot,Pulses,Zaid,7.13,365.9,31.4,45.1,8.9,5.88,29.5,156,50.4,93.8,Rainfed,125.1,5.59,0.91,0.44,3.14,83781,426022,263072,-162950,1224,2.565,34.8,0.44,-61.94121761,0.002565359,300.2,135675.7962,0.160632184
SF12974,Madhya Pradesh,Indore,Maize,Rabi,14.64,771.2,25.8,32.9,7.2,7.02,31.9,107.6,78.1,86.2,Rainfed,199.6,2.37,0.73,3.66,53.58,20599,779078,1103694,324616,4630,11.572,48.6,3.66,29.41177537,0.011572354,271.9,14540.46286,0.048765432
SF12975,Madhya Pradesh,Indore,Sugarcane,Kharif,5.96,843.2,26.1,67.2,7.6,7.06,35.2,78.9,39.1,89.4,Flood,188.7,3.45,0.69,62.12,370.24,2772,411909,1026305,614396,14491,25.55,65.5,62.12,59.86485499,0.025549652,207.4,1112.545916,0.052671756
SF12976,Telangana,Warangal,Wheat,Rabi,14.86,562.3,20.7,43.7,7.7,5.6,29.8,64.3,73,100.7,Rainfed,119.7,1.05,0.93,0.6,8.92,26100,850352,232812,-617540,3895,2.29,49.7,0.6,-265.2526502,0.002290116,238,95330.9417,0.021126761
SF12977,Gujarat,Rajkot,Pulses,Kharif,11.8,575.9673418,25.9,78,7.9,7.11,34.9,146.7,41.3,153.4,Flood,109.9,4.97,0.66,0.91,10.74,62194,746686,667964,-78722,6344,1.693,53.8,0.91,-11.78536568,0.001692938,341.4,69523.83613,0.092379182
SF12978,Gujarat,Rajkot,Rice,Zaid,7.56,80,30.1,71.3,8.3,6.23,23,120.3,42.3,73.5,Sprinkler,142.9,4.32,1,2.03,15.35,21994,424088,337608,-86480,9524,1.612,30.4,2.03,-25.61550674,0.001611718,236.1,27627.88274,0.142105263
SF12979,Tamil Nadu,Erode,Rice,Rabi,8.31,329.9,22,50.9,8,5.87,22.6,102.7,22.1,115.4,Sprinkler,198.1,6.33,0.95,1.49,12.38,21625,620235,267718,-352517,12595,0.983,41.9,1.49,-131.6747473,0.00098293,240.2,50099.75767,0.151073986
SF12980,Andhra Pradesh,Guntur,Sugarcane,Kharif,13.77,857.3,26.8,61.8,7.1,8.04,22.7,83.5,54.6,108.9,Sprinkler,194.1,8.3,0.97,7.7,106.03,3215,950124,340886,-609238,21539,4.923,43.8,7.7,-178.7219188,0.004922698,247,8960.897859,0.189497717
SF12981,Madhya Pradesh,Indore,Chilli,Zaid,9.95,80,30.6,48.8,10.3,7.53,19.9,118.2,92,79.7,Flood,212.7,3.2,0.76,0.67,6.67,108607,665895,724409,58514,8502,0.785,30.3,0.67,8.077481091,0.000784521,289.9,99834.33283,0.105610561
SF12982,Maharashtra,Nashik,Chilli,Zaid,8.2,478.2,27.1,52.9,10.5,5.92,16.6,83.3,80.8,136.5,Flood,210.4,3.97,0.67,0.95,7.79,111864,655153,871421,216268,6164,1.264,47.4,0.95,24.81785497,0.00126379,300.6,84101.79718,0.083755274
SF12983,Telangana,Nalgonda,Wheat,Rabi,14.06,724.8,23,58.1,6.5,7.44,31.5,134.6,59.1,109.9,Rainfed,192,5.5,0.93,1.97,27.7,23025,920358,637792,-282566,4669,5.933,46.4,1.97,-44.30378556,0.005932748,303.6,33225.92058,0.118534483
SF12984,Maharashtra,Nashik,Maize,Zaid,8.34,651.8,34.7,62.4,8.9,6.37,11.8,183.8,56.8,133.1,Rainfed,208,9.05,0.94,2.88,24.02,21532,664010,517199,-146811,2891,8.309,41.3,2.88,-28.38578574,0.008308544,373.7,27644.04663,0.219128329
SF12985,Maharashtra,Nashik,Wheat,Zaid,10.86,230.5,33.1,56.1,6.8,6.99,15.3,128.4,45.7,127,Flood,182.6,4.58,0.77,2.02,21.94,25952,688737,569387,-119350,7090,3.094,45.2,2.02,-20.96113891,0.003094499,301.1,31391.84139,0.101327434
SF12986,Maharashtra,Nashik,Wheat,Rabi,6.29,309.4,24.2,59.2,6.6,6.35,27.5,96.5,85.6,136.6,Rainfed,167.2,4.9,0.93,2.36,14.84,20414,393367,302944,-90423,1601,9.269,47,2.36,-29.84809074,0.009269207,318.7,26507.21024,0.104255319
SF12987,Gujarat,Rajkot,Pulses,Zaid,3.54,284.5,31.6,39.3,8.3,5.83,27,77.3,46.8,118.2,Sprinkler,114.2,6.09,0.78,0.35,1.24,64575,209373,80073,-129300,1341,0.925,22.5,0.35,-161.4776516,0.000924683,242.3,168849.1935,0.270666667
SF12988,Gujarat,Rajkot,Pulses,Zaid,11.93,141,32.6,39.4,8.9,8.4,21.9,70.6,84.6,119,Sprinkler,115.9,4.19,0.97,0.3,3.58,65948,666652,236094,-430558,4300,0.833,25.2,0.3,-182.3671927,0.000832558,274.2,186215.6425,0.166269841
SF12989,Punjab,Ludhiana,Wheat,Zaid,1.13,454.4,32.2,64.4,8.5,6.81,15.8,157.7,69.1,130.5,Drip,177.7,4.21,0.68,2.9,3.28,22058,81330,72350,-8980,487,6.735,45.5,2.9,-12.41188666,0.006735113,357.3,24795.73171,0.092527473
SF12990,Gujarat,Rajkot,Chilli,Rabi,13.98,197.8,19,55.8,9.2,7.31,18.9,45.8,79.9,126.7,Flood,242.8,4.87,0.95,1.07,14.96,108549,994707,1623893,629186,10975,1.363,39.6,1.07,38.74553311,0.001363098,252.4,66491.10963,0.122979798
SF12991,Andhra Pradesh,Guntur,Maize,Kharif,1.11,808.4,27.1,59.9,8.6,7.93,36,136.8,41.7,125.3,Rainfed,71.7,0.5,0.82,0.74,0.82,20999,54826,17219,-37607,331,2.477,74.9,0.74,-218.4040885,0.002477341,303.8,66860.97561,0.006675567
SF12992,Gujarat,Rajkot,Maize,Kharif,11.7,779.8,27.5,85.3,6.7,6.53,26.5,131.9,37,146,Flood,207,5.19,0.78,5.04,58.97,21952,753186,1294509,541323,7191,8.201,63.5,5.04,41.81685875,0.008200528,314.9,12772.35883,0.081732283
SF12993,Madhya Pradesh,Indore,Cotton,Rabi,10.18,562.8,22.1,60.5,7.4,7.22,24.5,137.7,76,155.9,Rainfed,235.8,0.5,0.74,1.14,11.61,66101,586263,767433,181170,3818,3.041,48.4,1.14,23.60727256,0.003040859,369.6,50496.38243,0.010330579
SF12994,Telangana,Warangal,Wheat,Rabi,2.9,291.9,25.2,63.5,6.1,6.68,17,154.7,54.7,119.4,Flood,232.6,4.62,0.77,3.22,9.34,21437,227252,200222,-27030,1489,6.273,29.7,3.22,-13.50001498,0.006272666,328.8,24331.04925,0.155555556
SF12995,Tamil Nadu,Erode,Rice,Zaid,9.66,546.8,31.5,54.9,10.7,8.36,24,185.2,51.8,142.4,Flood,151.3,6.2,0.74,0.3,2.9,20587,680796,59702,-621094,20707,0.14,49.7,0.3,-1040.323607,0.000140049,379.4,234757.2414,0.124748491
SF12996,Karnataka,Raichur,Pulses,Rabi,7.56,302.5,24.8,54.2,6.4,7.56,32.3,147.8,59.6,107.1,Sprinkler,206.9,3.73,0.81,0.47,3.55,77795,538944,276172,-262772,3051,1.164,40.1,0.47,-95.14795128,0.001163553,314.5,151815.2113,0.093017456
SF12997,Maharashtra,Nashik,Cotton,Rabi,4.8,438.2,19.2,47.8,5.8,7.11,18.4,166.4,56.9,120,Flood,178.3,7,0.97,1.05,5.04,71882,359826,362285,2459,5195,0.97,17,1.05,0.678747395,0.000970164,343.3,71394.04762,0.411764706
SF12998,Madhya Pradesh,Indore,Wheat,Kharif,2.17,670,28.6,63.9,6,7.38,35.2,125.4,43.9,141.6,Flood,214.5,6.04,0.75,2.26,4.9,25282,157488,123882,-33606,1427,3.434,49.3,2.26,-27.12742771,0.003433777,310.9,32140.40816,0.122515213
SF12999,Tamil Nadu,Erode,Groundnut,Rabi,5.31,80,22,82.1,8.1,6.92,13.3,97.8,57,94,Sprinkler,281.5,4.89,0.72,1.26,6.69,54255,362566,362966,400,2814,2.377,37.2,1.26,0.11020316,0.002377399,248.8,54195.21674,0.131451613
SF13000,Karnataka,Raichur,Cotton,Kharif,5.6,871.2,25.7,69.7,7.7,6.13,25.9,114.7,49.3,104.4,Flood,40,4.4,0.86,1.4,7.84,70279,246922,550987,304065,5445,1.44,47,1.4,55.18551254,0.001439853,268.4,31495.15306,0.093617021
SF13001,Andhra Pradesh,Krishna,Sugarcane,Rabi,8.22,375,23.6,48.4,8.4,7.05,26.6,156.7,97.1,103.5,Rainfed,270.5,5.69,0.99,57.03,468.79,3174,639266,1487939,848673,8289,56.556,21.3,57.03,57.03681401,0.056555676,357.3,1363.651102,0.26713615
SF13002,Karnataka,Raichur,Maize,Kharif,4.88,858.9,28.2,64.4,7.3,6.56,24.6,97.5,63,114.5,Drip,214.9,4.47,0.74,4.18,20.4,19408,308418,395923,87505,2416,8.444,53.1,4.18,22.10151974,0.008443709,275,15118.52941,0.084180791
SF13003,Madhya Pradesh,Indore,Cotton,Kharif,12.55,616.4,30.9,78.4,6.5,6.42,31.7,107.2,56.5,73.6,Drip,139.4,7.49,0.96,1.7,21.34,76719,828177,1637183,809006,8557,2.494,50.7,1.7,49.41451261,0.002493865,237.3,38808.66917,0.147731755
SF13004,Punjab,Ludhiana,Chilli,Kharif,4.16,703.7,27,79.1,5.4,6.96,19.8,120.4,77.2,95,Sprinkler,163.3,6.94,0.87,3.47,14.44,121802,275425,1758821,1483396,2649,5.451,44.1,3.47,84.34036209,0.005451114,292.6,19073.75346,0.157369615
SF13005,Telangana,Warangal,Wheat,Kharif,6.48,914.7,24.7,82.7,7.1,7.23,31.6,65.1,62.5,157.4,Drip,197.6,5.53,0.86,2.53,16.39,25759,380934,422190,41256,3295,4.974,67.6,2.53,9.771903645,0.004974203,285,23241.85479,0.081804734
SF13006,Karnataka,Raichur,Wheat,Kharif,9.79,1118.4,27.4,79,6.8,6.66,27.5,128.7,15,123.5,Rainfed,213,4.98,0.85,2.57,25.16,23017,663114,579108,-84006,3134,8.028,60,2.57,-14.50610249,0.008028079,267.2,26355.88235,0.083
SF13007,Tamil Nadu,Erode,Wheat,Kharif,13.96,1239.6,30.2,80.2,5.2,5.35,32,118.8,29.8,114.9,Drip,85.6,8.8,0.68,0.3,4.19,24890,866352,104289,-762063,6631,0.632,55.4,0.3,-730.7223197,0.000631881,263.5,206766.5871,0.158844765
SF13008,Madhya Pradesh,Indore,Wheat,Kharif,11.85,1066,28.4,75,5.5,6.78,29.9,154.2,47,81.7,Rainfed,166,6.59,0.84,2.77,32.82,24455,709521,802613,93092,3968,8.271,52.5,2.77,11.59861602,0.008271169,282.9,21618.55576,0.12552381
SF13009,Maharashtra,Nashik,Chilli,Kharif,8.85,1190.8,32.7,81.8,6.9,7.26,18.6,136.9,48.1,133.4,Flood,196,4.67,0.71,1.09,9.65,108657,606611,1048540,441929,6629,1.456,65.2,1.09,42.1470807,0.001455725,318.4,62861.24352,0.071625767
SF13010,Maharashtra,Nashik,Cotton,Rabi,5.18,324.4,22.3,66,7.2,7.27,26.8,125.8,51.4,83.5,Rainfed,184.5,6.96,0.88,0.81,4.2,68549,321279,287906,-33373,2461,1.707,47,0.81,-11.5916306,0.001706623,260.7,76495,0.148085106
SF13011,Madhya Pradesh,Indore,Cotton,Kharif,2.45,616.3,28.1,60.1,8,7.35,27.4,56.4,39.3,66.8,Flood,221.2,5.63,0.66,1.07,2.62,72837,175336,190833,15497,2055,1.275,58.4,1.07,8.120712875,0.001274939,162.5,66922.1374,0.09640411
SF13012,Gujarat,Rajkot,Wheat,Zaid,10.37,294,31.6,45.4,9.8,6.56,20.4,94.8,42.3,75.6,Rainfed,111,1.21,0.83,1.72,17.84,21278,713430,379600,-333830,2810,6.349,46.4,1.72,-87.94257113,0.006348754,212.7,39990.47085,0.026077586
SF13013,Andhra Pradesh,Guntur,Wheat,Kharif,1.46,888.3,28.6,81.6,5.4,6.29,23.4,68,52.2,137.7,Sprinkler,245,0.5,0.73,3.29,4.8,25405,103398,121944,18546,871,5.511,75.2,3.29,15.20862035,0.005510907,257.9,21541.25,0.006648936
SF13014,Gujarat,Rajkot,Sugarcane,Rabi,9.03,418.4,25.9,59,8.3,6.85,25.8,87.1,78.1,144.1,Flood,160.8,2.84,0.94,55.37,499.99,3401,633916,1700466,1066550,21623,23.123,38.4,55.37,62.72104235,0.023123063,309.3,1267.857357,0.073958333
SF13015,Andhra Pradesh,Krishna,Wheat,Kharif,8.2,950.7,26.4,66.5,6.3,6.38,29.5,90.4,43.2,144.6,Flood,148.3,3.59,0.77,2.48,20.34,24449,583010,497293,-85717,5995,3.393,55.2,2.48,-17.2367196,0.003392827,278.2,28663.22517,0.065036232
SF13016,Karnataka,Raichur,Maize,Rabi,0.67,663.7,23.6,65.4,7.2,7.43,30.7,160.2,81.9,99.4,Rainfed,214.4,2.74,0.98,2.29,1.53,17800,40533,27234,-13299,203,7.537,41.4,2.29,-48.83234193,0.007536946,341.5,26492.15686,0.066183575
SF13017,Tamil Nadu,Erode,Rice,Rabi,6.79,413.8,22.8,77.1,9.5,7.43,25.1,146.6,62.4,80.4,Flood,148.9,3.27,0.92,1.5,10.18,22988,461914,234018,-227896,14416,0.706,47.3,1.5,-97.38396192,0.00070616,289.4,45374.65619,0.069133192
SF13018,Maharashtra,Nashik,Maize,Zaid,10.07,129,29.2,66.2,8.1,7.12,25.1,176,60.1,126.9,Flood,220.4,8.14,0.84,2.4,24.17,20798,659710,502688,-157022,8135,2.971,27.3,2.4,-31.23647272,0.002971112,363,27294.58006,0.298168498
SF13019,Gujarat,Rajkot,Maize,Rabi,2.91,362.8,22,45.3,8,5.84,21,172.4,52.8,71.7,Flood,232.5,1.68,0.69,1.35,3.93,22536,227404,88566,-138838,2187,1.797,47.2,1.35,-156.7621887,0.001796982,296.9,57863.61323,0.03559322
SF13020,Karnataka,Raichur,Pulses,Rabi,3.18,599.4,24.6,49.6,8.5,6.65,21.4,194.8,57.2,93.6,Rainfed,196.2,3.51,0.69,1.25,3.98,61058,204883,243011,38128,742,5.364,52.8,1.25,15.68982474,0.005363881,345.6,51478.1407,0.066477273
SF13021,Maharashtra,Nashik,Rice,Kharif,3.98,800.2,25,82.3,7.4,7.06,32.2,103.3,70.8,80.4,Sprinkler,178.5,7.38,0.87,3.79,15.08,18166,260493,273943,13450,5377,2.805,48.9,3.79,4.909780502,0.002804538,254.5,17274.07162,0.150920245
SF13022,Telangana,Warangal,Maize,Rabi,4.98,417.2,24.4,57.9,7,6.06,16.8,176.8,67.1,71.8,Rainfed,197.4,5.79,0.81,1.98,9.86,21030,267953,207356,-60597,1260,7.825,44.9,1.98,-29.22365401,0.007825397,315.7,27175.76065,0.128953229
SF13023,Punjab,Ludhiana,Rice,Kharif,1.59,703.1,31.8,79.5,6.4,7.05,33.6,123,61.7,119.7,Rainfed,97.8,3.41,0.68,2.72,4.32,25483,67945,110087,42142,1270,3.402,67.4,2.72,38.28063259,0.003401575,304.4,15728.00926,0.050593472
SF13024,Karnataka,Raichur,Maize,Rabi,8.43,545.8,24.8,51.5,9.9,6.25,21.9,123.9,77.1,66.6,Flood,110.7,4.88,0.99,3.44,29,21466,602110,622514,20404,5911,4.906,42.3,3.44,3.277677289,0.004906107,267.6,20762.41379,0.11536643
SF13025,Madhya Pradesh,Indore,Rice,Rabi,12.03,432.7,22.7,41.3,7.7,6.23,26,133.5,55.2,101.7,Flood,201.9,4.72,0.87,2.02,24.3,18293,892875,444520,-448355,24535,0.99,45.1,2.02,-100.8627283,0.000990422,290.4,36743.82716,0.104656319
SF13026,Andhra Pradesh,Krishna,Pulses,Rabi,1.38,371.5,21.9,54.6,9.1,6.62,16.6,116.4,45.9,98.5,Sprinkler,117.5,5.78,0.83,1.16,1.6,59846,85949,95754,9805,558,2.867,30.9,1.16,10.23978111,0.002867384,260.8,53718.125,0.187055016
SF13027,Gujarat,Rajkot,Wheat,Zaid,6.77,525.9,38.4,56.5,7.4,6.57,11.8,100.4,74.6,75.7,Drip,167.6,3.06,0.84,2.61,17.67,23629,388396,417524,29128,3520,5.02,59.4,2.61,6.97636543,0.005019886,250.7,21980.53198,0.051515152
SF13028,Telangana,Warangal,Sugarcane,Rabi,14.97,299.2,24,46.5,7.8,6.98,21.1,166.7,66.6,132.3,Drip,194.1,5.62,0.76,73.44,1099.4,3288,967925,3614827,2646902,21717,50.624,36.7,73.44,73.22347653,0.050623935,365.6,880.4120429,0.153133515
SF13029,Punjab,Ludhiana,Sugarcane,Kharif,4.65,839.9,26.8,55.7,7.2,6.53,20.8,121.2,59.2,139.4,Drip,140.6,5.74,0.83,72.92,339.08,2893,267666,980958,713292,8348,40.618,39.2,72.92,72.71381649,0.040618112,319.8,789.3889348,0.146428571
SF13030,Karnataka,Raichur,Sugarcane,Rabi,0.55,437.9,21.2,86.3,7.2,6.09,26,111,68,100.4,Flood,142.1,3.61,0.91,35.09,19.3,3865,35048,74594,39546,1312,14.71,49,35.09,53.0149878,0.014710366,279.4,1815.958549,0.073673469
SF13031,Tamil Nadu,Erode,Wheat,Kharif,11.43,783.5,26.5,70,6,6.85,27.7,71.3,85.6,111.6,Rainfed,158.3,2.79,0.78,3.3,37.72,22717,562870,856885,294015,3764,10.021,59.7,3.3,34.31207222,0.010021254,268.5,14922.32238,0.046733668
SF13032,Andhra Pradesh,Guntur,Rice,Rabi,7.76,512.7,27.5,80.6,7.2,6.83,24,91.2,58.7,30,Flood,226.1,4.72,0.92,3.52,27.32,23299,621413,636529,15116,15544,1.758,50.4,3.52,2.374754332,0.001757591,179.9,22745.71742,0.093650794
SF13033,Andhra Pradesh,Guntur,Sugarcane,Rabi,5.68,816.5,24.7,65.5,6.7,6.84,25.1,144.9,41.2,107.2,Rainfed,180.1,4.62,0.91,61.26,347.96,3922,336455,1364699,1028244,6128,56.782,54.3,61.26,75.34584549,0.056781984,293.3,966.9358547,0.085082873
SF13034,Telangana,Nalgonda,Rice,Kharif,2.42,1087.2,31.9,76.8,7.9,6.01,27.4,117.6,71.3,97.8,Rainfed,198.9,1.89,0.76,1.76,4.26,25373,147595,108089,-39506,2130,2,73.4,1.76,-36.54951013,0.002,286.7,34646.71362,0.025749319
SF13035,Maharashtra,Nashik,Chilli,Zaid,10.36,459,31.7,27.6,7.2,7.46,24.1,148,56.3,144.6,Flood,200.7,6.43,0.84,1.12,11.6,108041,626278,1253276,626998,8070,1.437,35.3,1.12,50.02872472,0.001437423,348.9,53989.48276,0.182152975
SF13036,Madhya Pradesh,Indore,Wheat,Rabi,12.03,709.8,22.5,60.4,7.8,6.7,29.6,103.7,51.2,108.1,Rainfed,203.2,1.6,0.98,2.93,35.25,27086,588990,954782,365792,4186,8.421,48.8,2.93,38.31157269,0.008420927,263,16708.93617,0.032786885
SF13037,Maharashtra,Nashik,Maize,Kharif,10.89,931.5,30.8,52.1,7.5,6.81,24.3,132.4,51.3,86.5,Sprinkler,248.4,7.2,0.76,3.7,40.29,21911,838222,882794,44572,7043,5.721,46.7,3.7,5.048969522,0.005720574,270.2,20804.71581,0.154175589
SF13038,Telangana,Nalgonda,Cotton,Rabi,3.9,465.2,24.3,53,8,7.73,26.3,108.7,55.8,78.6,Flood,120.4,6.22,0.69,0.41,1.6,78256,262457,125210,-137247,3292,0.486,36.6,0.41,-109.6134494,0.000486027,243.1,164035.625,0.169945355
SF13039,Telangana,Nalgonda,Pulses,Kharif,13.1,855.7,33.2,64,7.6,5.66,33.1,139.6,69,113.5,Flood,62.5,3.02,0.65,0.33,4.32,73959,753969,319503,-434466,6181,0.699,53.1,0.33,-135.9818218,0.000698916,322.1,174529.8611,0.056873823
SF13040,Andhra Pradesh,Guntur,Cotton,Kharif,12.49,801.7,25.6,53.6,6.7,6.79,29.2,143.9,71.1,94.6,Rainfed,322,8.08,0.8,1.85,23.11,68539,947518,1583936,636418,6144,3.761,43,1.85,40.17952746,0.003761393,309.6,41000.34617,0.187906977
SF13041,Tamil Nadu,Erode,Sugarcane,Kharif,5.84,969.6,33.1,73.1,7.7,6.16,30.8,131,64.5,117.1,Flood,79.9,6,0.71,43.46,253.81,3527,355549,895188,539639,12944,19.608,48.1,43.46,60.28219771,0.019608313,312.6,1400.84709,0.124740125
SF13042,Karnataka,Raichur,Sugarcane,Zaid,12.04,80,36,36.2,7.8,6.74,21.1,136.6,77.9,98.8,Flood,224,6.83,0.82,40.79,491.11,3170,892032,1556819,664787,23888,20.559,19.1,40.79,42.70162427,0.020558858,313.3,1816.358861,0.357591623
SF13043,Andhra Pradesh,Krishna,Cotton,Rabi,7.71,636.5,20.3,54.1,7.8,6.93,19.4,94.9,74.9,155.8,Rainfed,126.8,7.39,0.71,1.64,12.64,60665,455883,766806,310923,2630,4.806,32.8,1.64,40.54780479,0.004806084,325.6,36066.69304,0.225304878
SF13044,Madhya Pradesh,Indore,Groundnut,Kharif,14.12,443.6,25,80.8,6.1,6.51,36.3,107.6,65.5,111,Flood,132.6,4.08,0.66,1.75,24.71,57560,954403,1422308,467905,6632,3.726,52.5,1.75,32.89758618,0.003725875,284.1,38624.16026,0.077714286
SF13045,Punjab,Ludhiana,Maize,Rabi,5.08,420.8,25.4,54,7.2,6.38,21.8,157.5,50.6,67.1,Sprinkler,205.6,3.23,0.9,3.94,20.02,18709,282617,374554,91937,2731,7.331,36.8,3.94,24.54572638,0.007330648,275.2,14116.73327,0.087771739
SF13046,Punjab,Ludhiana,Maize,Kharif,14.96,893.9,29.4,73.6,5.6,6.41,24.1,169.2,38.5,74.1,Flood,260.9,5.88,0.99,3.34,49.97,19855,1135493,992154,-143339,11150,4.482,61.5,3.34,-14.44725315,0.004481614,281.8,22723.4941,0.095609756
SF13047,Punjab,Ludhiana,Cotton,Kharif,4.49,860.8,31.5,86.8,7.7,7.09,31.2,93.4,42.8,115.2,Flood,161.2,7.81,0.91,1.55,6.96,73897,301006,514323,213317,3946,1.764,42.1,1.55,41.4752986,0.001763811,251.4,43247.98851,0.185510689
SF13048,Telangana,Warangal,Maize,Rabi,11.36,263.6,22.1,53.2,7.1,7.04,26.9,88,84.8,131.5,Sprinkler,118.1,4.73,0.77,3.04,34.53,20402,724429,704481,-19948,7190,4.803,41.9,3.04,-2.831588077,0.004802503,304.3,20979.69881,0.112887828
SF13049,Telangana,Nalgonda,Maize,Kharif,6.06,979,30.7,72.9,4.9,7.33,28.6,119.9,60.1,120.6,Drip,149.8,2.53,0.85,2.75,16.66,21304,308572,354925,46353,3092,5.388,69.2,2.75,13.05994224,0.005388098,300.6,18521.72869,0.036560694
SF13050,Madhya Pradesh,Indore,Groundnut,Rabi,6.06,374,21.9,75.1,7.9,6.72,31.8,172.6,51.8,86.4,Drip,136.4,7.47,0.76,1.89,11.45,58276,395354,667260,271906,2578,4.441,38.9,1.89,40.74963283,0.004441427,310.8,34528.73362,0.192030848
SF13051,Karnataka,Raichur,Cotton,Zaid,2.55,192.3,31.7,60,9.4,6.69,22.1,149.4,68.8,139.8,Flood,114.3,9.7,0.85,1.04,2.65,70168,163058,185945,22887,2441,1.086,18.2,1.04,12.30847831,0.001085621,358,61531.32075,0.532967033
SF13052,Karnataka,Raichur,Rice,Rabi,12.49,583,23.8,63.6,7.1,6.17,20.3,158.9,36.8,67.7,Drip,272.9,4.9,0.91,3.09,38.59,23109,860710,891776,31066,15228,2.534,47.3,3.09,3.483610234,0.002534148,263.4,22303.96476,0.10359408
SF13053,Madhya Pradesh,Indore,Cotton,Zaid,13.94,442.7,27.6,42.8,7.7,7.37,10.6,105.7,91.3,96.5,Drip,243.8,6.94,0.93,1,13.94,62634,1044648,873118,-171530,9239,1.509,37.7,1,-19.64568363,0.001508821,293.5,74938.88092,0.184084881
SF13054,Andhra Pradesh,Krishna,Cotton,Rabi,3.48,640.9,19.6,63.4,6.6,6.74,22.2,113.3,82.2,118,Drip,188.9,5.01,0.87,2.09,7.27,69721,285579,506872,221293,2230,3.26,42.7,2.09,43.6585568,0.00326009,313.5,39281.84319,0.117330211
SF13055,Andhra Pradesh,Krishna,Groundnut,Kharif,8.37,925.9,30.7,77.1,6.6,5.73,36.1,194,83.8,135.5,Flood,248,4.86,0.92,0.64,5.36,58314,628566,312563,-316003,5780,0.927,71.4,0.64,-101.1005781,0.000927336,413.3,117269.7761,0.068067227
SF13056,Andhra Pradesh,Krishna,Chilli,Zaid,14.29,213.9,31.2,52.4,11,5.2,22.5,74.8,56.1,73.2,Drip,241.1,5.81,0.82,0.3,4.29,95583,1056159,410051,-646108,8337,0.515,36,0.3,-157.5677172,0.000514574,204.1,246190.9091,0.161388889
SF13057,Andhra Pradesh,Krishna,Rice,Rabi,13.42,568.8,21.1,44.2,5.6,5.93,30.2,127,68.8,47.5,Flood,147.7,2.97,1,1.47,19.73,22803,869823,449903,-419920,26316,0.75,50,1.47,-93.33567458,0.000749734,243.3,44086.31526,0.0594
SF13058,Telangana,Nalgonda,Pulses,Rabi,12.21,482.1,17.9,68,8,6.33,28.7,92.3,37.6,111.5,Rainfed,104.1,6.71,0.94,0.83,10.13,79020,796019,800473,4454,2445,4.143,38.4,0.83,0.556421016,0.004143149,241.4,78580.35538,0.174739583
SF13059,Telangana,Warangal,Rice,Rabi,14.67,223.9,20.8,61.9,6.4,6.77,18.6,106.4,67.5,105.2,Drip,162.9,9.56,0.84,3.75,55.01,20346,878820,1119233,240413,17903,3.073,20,3.75,21.4801565,0.003072669,279.1,15975.64079,0.478
SF13060,Punjab,Ludhiana,Wheat,Rabi,3.52,160.1,26.9,44.4,6.3,7.99,34.1,127.3,67.9,67.1,Sprinkler,257.9,2.25,0.91,0.3,1.06,23496,243658,24906,-218752,1696,0.625,35.4,0.3,-878.3104473,0.000625,262.3,229866.0377,0.063559322
SF13061,Andhra Pradesh,Krishna,Wheat,Rabi,7.41,774.1,22.9,53.7,8.1,7.18,28.4,155.4,61.5,130.8,Drip,209,7.94,0.91,2.75,20.38,21644,496823,441105,-55718,3555,5.733,44.7,2.75,-12.63145963,0.005732771,347.7,24377.9686,0.177628635
SF13062,Tamil Nadu,Erode,Rice,Rabi,3.43,333.2,22.9,63.7,7,6.79,19.2,129.8,70,92.7,Drip,176.8,5.65,0.78,3.47,11.9,17930,221597,213367,-8230,5254,2.265,30.4,3.47,-3.857203785,0.002264941,292.5,18621.59664,0.185855263
SF13063,Karnataka,Raichur,Maize,Rabi,3.01,435.3,24.3,55.6,7.4,8.01,18.8,123.6,58.8,98.3,Flood,184.5,6.48,0.85,0.49,1.47,22014,219963,32361,-187602,2228,0.66,32.5,0.49,-579.7163252,0.000659785,280.7,149634.6939,0.199384615
SF13064,Gujarat,Rajkot,Wheat,Rabi,7.31,739.3,23.4,53.6,9.1,6.9,26.7,59.1,59.1,83.1,Rainfed,196.8,8.55,0.74,2.33,17.03,20258,460352,344994,-115358,2455,6.937,33.7,2.33,-33.43768297,0.006936864,201.3,27031.82619,0.253709199
SF13065,Punjab,Ludhiana,Maize,Kharif,13.86,571.6019185,26.4,71.8,5.9,6.34,30.5,99.9,67.8,73.8,Flood,270.4,4.5,0.92,3.1,42.97,17947,983669,771183,-212486,10333,4.159,63.4,3.1,-27.5532526,0.004158521,241.5,22891.99441,0.070977918
SF13066,Telangana,Nalgonda,Wheat,Rabi,4.37,283.8,25.9,60.9,7.2,6.91,29.9,60.7,25.4,81.4,Flood,175.2,2.01,0.77,2.79,12.19,23120,277436,281833,4397,2869,4.249,53,2.79,1.560143773,0.004248867,167.5,22759.31091,0.037924528
SF13067,Gujarat,Rajkot,Rice,Zaid,1.12,470.2,32.1,62.4,6.4,7.15,19.5,52.1,24.4,77.6,Flood,176.3,7.24,0.68,2.03,2.27,21361,74690,48489,-26201,2137,1.062,45.6,2.03,-54.03493576,0.001062237,154.1,32903.0837,0.15877193
SF13068,Telangana,Nalgonda,Pulses,Rabi,8.02,331.7,23.1,56,8.7,6.54,29.8,123.8,55.5,121.4,Flood,110.4,3.89,0.73,1.24,9.94,60034,507602,596738,89136,4213,2.359,37.7,1.24,14.93720862,0.002359364,300.7,51066.5996,0.103183024
SF13069,Gujarat,Rajkot,Cotton,Zaid,9.21,467.2,27.7,50.1,10.1,6.01,15.9,165.9,41.4,128.9,Drip,327,5.67,0.9,1.07,9.85,69157,688410,681196,-7214,5787,1.702,40.1,1.07,-1.059019724,0.001702091,336.2,69889.3401,0.141396509
SF13070,Andhra Pradesh,Guntur,Rice,Kharif,8.86,1130.8,31.3,62.2,8.5,6.8,27.9,146.2,86.9,132,Rainfed,273.9,4.67,0.72,2.73,24.19,24948,675611,603492,-72119,6920,3.496,71.6,2.73,-11.95028269,0.003495665,365.1,27929.35097,0.065223464
SF13071,Punjab,Ludhiana,Groundnut,Rabi,2.95,731.2,21.5,61,7.4,6.68,24.1,105.1,35.4,129.3,Flood,222.2,5.43,0.82,2.16,6.37,52865,232268,336750,104482,1671,3.812,40.9,2.16,31.02657758,0.003812089,269.8,36462.79435,0.132762836
SF13072,Telangana,Nalgonda,Maize,Rabi,8.6,502.1,23.7,65,7.5,6.64,35.4,168.7,49.4,102.3,Rainfed,190.1,6.89,0.8,4.01,34.49,21517,525014,742121,217107,2588,13.327,35.7,4.01,29.25493282,0.013326893,320.4,15222.20934,0.192997199
SF13073,Karnataka,Raichur,Rice,Kharif,11.98,783.1,28.9,57.6,7,5.74,29.7,96.9,26.2,86,Sprinkler,157.2,1.81,0.93,1.14,13.66,22635,776649,309194,-467455,18037,0.757,52.8,1.14,-151.1850165,0.000757332,209.1,56855.7101,0.034280303
SF13074,Andhra Pradesh,Krishna,Chilli,Rabi,5.45,658.4,23.8,61.4,7.2,5.77,24.8,100.6,35.7,74,Rainfed,182.3,4.07,0.86,0.69,3.76,106312,343283,399733,56450,1822,2.064,50,0.69,14.12192639,0.002063666,210.3,91298.67021,0.0814
SF13075,Madhya Pradesh,Indore,Wheat,Rabi,1.78,127.8,21.4,56.5,8.2,7.71,30.7,117.8,44.5,142.8,Flood,205.4,2.57,0.95,0.66,1.17,22983,107869,26890,-80979,1234,0.948,38.7,0.66,-301.1491261,0.000948136,305.1,92195.7265,0.066408269
SF13076,Telangana,Warangal,Wheat,Kharif,14.24,731,24.5,62.4,6.7,7.34,24.7,120.2,92.9,101.8,Rainfed,163.1,8.97,0.76,1.78,25.35,22910,890762,580768,-309994,4569,5.548,27.9,1.78,-53.37656345,0.00554826,314.9,35138.54043,0.321505376
SF13077,Telangana,Warangal,Groundnut,Zaid,12.93,80,29.7,43,10.2,6.99,16.5,151.1,60.1,131.1,Drip,219.3,3.07,0.92,1.46,18.88,64379,889073,1215476,326403,5656,3.338,34,1.46,26.85392389,0.003338048,342.3,47090.73093,0.090294118
SF13078,Andhra Pradesh,Krishna,Cotton,Rabi,1.86,592.2,28.2,40.7,4.7,6.73,26.5,137.1,56.3,106.3,Rainfed,213.2,7.88,0.89,2.02,3.76,58161,150060,218685,68625,837,4.492,19.1,2.02,31.38075314,0.004492234,299.7,39909.57447,0.412565445
SF13079,Karnataka,Raichur,Sugarcane,Kharif,2.9,721.9,31.3,74.1,6.5,7.36,32.1,197.1,95.8,143.2,Flood,124.1,3.73,0.66,54.66,158.51,3182,179287,504379,325092,5921,26.771,57.6,54.66,64.45391263,0.026770816,436.1,1131.076904,0.064756944
SF13080,Andhra Pradesh,Krishna,Pulses,Rabi,0.65,470.9,20.4,60.7,6.7,6.15,23,104.7,31.4,92.8,Drip,124.3,5.99,0.91,0.86,0.56,70677,42865,39579,-3286,223,2.511,35,0.86,-8.302382577,0.002511211,228.9,76544.64286,0.171142857
SF13081,Gujarat,Rajkot,Rice,Kharif,1.29,1019.5,29.2,83.8,6.4,5.28,21.7,104.5,45.1,55.9,Drip,182.8,3.12,0.67,0.3,0.39,24310,73831,9481,-64350,1631,0.239,75.9,0.3,-678.7258728,0.000239117,205.5,189310.2564,0.041106719
SF13082,Karnataka,Raichur,Wheat,Rabi,12.33,106.8,21.1,59.3,7.4,7.34,18.4,89.9,47.3,105.1,Rainfed,303.1,6.39,0.99,1.11,13.69,23891,996573,327068,-669505,3667,3.733,25.8,1.11,-204.6990228,0.003733297,242.3,72795.69028,0.247674419
SF13083,Punjab,Ludhiana,Cotton,Rabi,5.93,548.6,25.3,45.3,8.9,5.94,28.6,107.6,24.5,51,Flood,159.5,4.07,0.97,0.85,5.04,75403,397433,380031,-17402,6169,0.817,45.2,0.85,-4.579100126,0.000816988,183.1,78855.75397,0.090044248
SF13084,Andhra Pradesh,Guntur,Pulses,Rabi,9.98,518.7,21.6,44.4,6.2,7.19,16.4,167.4,15,103.3,Flood,152,1.93,0.91,0.96,9.58,60695,553853,581458,27605,4873,1.966,34.7,0.96,4.747548404,0.001965935,285.7,57813.46555,0.055619597
SF13085,Maharashtra,Nashik,Chilli,Rabi,0.81,698.4,19.9,68.3,7.5,5.85,21.3,140.8,52,131.2,Drip,145.9,4.41,0.86,1.12,0.91,131157,46557,119353,72796,462,1.97,40.2,1.12,60.99218285,0.001969697,324,51161.53846,0.109701493
SF13086,Madhya Pradesh,Indore,Wheat,Kharif,11.38,1081.7,27.6,53.6,8.7,7.54,24.2,109,37.3,81.1,Rainfed,205,8.81,0.78,1.18,13.43,23230,768769,311979,-456790,3187,4.214,38,1.18,-146.4169063,0.004213994,227.4,57242.66567,0.231842105
SF13087,Maharashtra,Nashik,Maize,Kharif,8.04,970.9,27.8,67.8,7.7,6.27,27.1,161.3,44.4,108.7,Drip,178.9,3.88,0.93,3.6,28.94,19610,470726,567513,96787,3919,7.385,59.8,3.6,17.0545873,0.007384537,314.4,16265.58397,0.064882943
SF13088,Karnataka,Raichur,Rice,Kharif,14.74,657.1,29.1,79.6,7.1,6.93,26.8,136.7,30.4,138.9,Flood,185.9,4.16,0.93,3.440298507,50.71,23612,1050769,1197365,146596,28990,1.749,63.7,3.440298507,12.2432174,0.001749224,306,20721.13981,0.065306122
SF13089,Andhra Pradesh,Krishna,Maize,Rabi,14.42,390.4,23,52.4,7.3,6.17,28.9,124,28,88.2,Sprinkler,174.3,5.63,0.76,2.87,41.39,20685,962601,856152,-106449,8247,5.019,43.4,2.87,-12.43342304,0.005018795,240.2,23256.84948,0.129723502
SF13090,Gujarat,Rajkot,Maize,Zaid,10.38,310.3,33.2,51.6,9.7,5.97,22,126,59.2,157.9,Drip,207.7,6.98,0.84,1.71,17.75,18586,598683,329902,-268781,5185,3.423,35.8,1.71,-81.47298289,0.003423337,343.1,33728.61972,0.194972067
SF13091,Punjab,Ludhiana,Maize,Kharif,14.39,1028.8,28.8,59.4,6.2,5.33,23.6,94.6,56.3,114.4,Drip,206.5,5.86,0.98,0.41,5.9,18479,999667,109026,-890641,8044,0.733,51.3,0.41,-816.9069763,0.000733466,265.3,169435.0847,0.114230019
SF13092,Gujarat,Rajkot,Pulses,Kharif,11.31,904.6,26.7,53.8,6.6,6.43,34.7,83.4,29.1,110.6,Sprinkler,158.9,4.55,0.87,1.05,11.88,72887,674945,865898,190953,4603,2.581,55.9,1.05,22.05259742,0.002580925,223.1,56813.55219,0.081395349
SF13093,Andhra Pradesh,Krishna,Pulses,Kharif,12.95,414.9,26.8,71,6.4,6.43,30.9,105.3,53,107.6,Drip,225.6,5.76,0.7,1.43,18.52,75673,966588,1401464,434876,4371,4.237,47.8,1.43,31.03012279,0.004237017,265.9,52191.57667,0.120502092
SF13094,Tamil Nadu,Erode,Wheat,Kharif,5.57,903.7,33.6,78.5,7.7,7.34,32.8,69.1,59.7,77.1,Flood,237.5,6.11,0.86,1.56,8.69,24514,459010,213027,-245983,4535,1.916,64.4,1.56,-115.4703394,0.001916207,205.9,52820.48331,0.094875776
SF13095,Andhra Pradesh,Guntur,Rice,Zaid,5.75,515.1,29.2,60,9.9,7.78,11,100.4,52.4,131.5,Drip,196.8,6.56,0.83,0.92,5.29,25555,465649,135186,-330463,5678,0.932,32.4,0.92,-244.4506088,0.000931666,284.3,88024.38563,0.202469136
SF13096,Punjab,Ludhiana,Wheat,Rabi,7.27,515.8,23.6,51.4,7.9,6.31,18.2,124.1,33.9,59.2,Sprinkler,135.5,5.18,0.89,2.7,19.63,19274,486696,378349,-108347,4362,4.5,43.9,2.7,-28.63678773,0.004500229,217.2,24793.47937,0.117995444
SF13097,Telangana,Nalgonda,Cotton,Rabi,12.63,523.7,25.8,49,8.4,7,28.4,93.6,29.9,104.2,Drip,119.6,4.11,0.83,1.93,24.38,69663,858100,1698384,840284,7785,3.132,46,1.93,49.47550142,0.003131663,227.7,35196.88269,0.089347826
SF13098,Karnataka,Raichur,Pulses,Kharif,2.47,559.8,30.9,70.1,5.7,6.72,31.9,131.5,61.9,111.7,Flood,261.6,6.14,0.72,1.49,3.68,78807,168653,290010,121357,1154,3.189,36.8,1.49,41.84579842,0.003188908,305.1,45829.61957,0.166847826
SF13099,Karnataka,Raichur,Cotton,Kharif,13.61,854.3,32,79.3,7.9,6.46,35.9,161.4,29.7,104.3,Flood,244,8.01,0.8,1.46,19.87,68362,1017543,1358353,340810,13051,1.522,57.7,1.46,25.08994348,0.001522489,295.4,51210.0151,0.13882149
SF13100,Madhya Pradesh,Indore,Maize,Rabi,14.69,467.5,28.8,53.3,7.1,6.35,26.1,189,74.2,141.7,Flood,111.6,3.7,0.96,3.66,53.77,21432,949149,1152399,203250,10420,5.16,50.7,3.66,17.63712048,0.005160269,404.9,17652.01785,0.072978304
SF13101,Andhra Pradesh,Guntur,Cotton,Rabi,5.52,354.2,22.9,67,7.8,7.78,27.7,85.8,43.6,155.5,Flood,136.8,3.84,0.68,0.37,2.04,65045,359155,132692,-226463,5659,0.36,44.1,0.37,-170.6681639,0.000360488,284.9,176056.3725,0.08707483
SF13102,Andhra Pradesh,Guntur,Groundnut,Rabi,6.58,336.4,25.6,63.4,8.7,5.66,28.2,117.3,44.1,49,Rainfed,235.1,2.59,0.75,0.44,2.9,59883,441272,173661,-267611,1682,1.724,54.9,0.44,-154.0996539,0.001724138,210.4,152162.7586,0.047176685
SF13103,Punjab,Ludhiana,Rice,Rabi,1.58,440.3,23.5,44.3,6.4,6.73,24.3,92.1,47.2,130.7,Drip,210.9,4.88,0.89,4,6.32,20594,95971,130154,34183,2255,2.803,30.7,4,26.26350323,0.002802661,270,15185.28481,0.158957655
SF13104,Telangana,Nalgonda,Chilli,Zaid,5.96,80,28.4,44.1,10.8,6.04,29.1,106.1,39.9,138,Flood,210.6,5.44,0.98,0.87,5.19,87935,394657,456383,61726,4860,1.068,17.6,0.87,13.52504366,0.001067901,284,76041.81118,0.309090909
SF13105,Telangana,Warangal,Wheat,Kharif,6.4,1115.9,27.5,68.8,7.4,6.96,30.2,125.9,56,126.6,Sprinkler,153.1,5.12,0.89,2.82,18.05,21179,384193,382281,-1912,3166,5.701,59.5,2.82,-0.500155645,0.0057012,308.5,21284.93075,0.08605042
SF13106,Andhra Pradesh,Krishna,Wheat,Kharif,13.99,774.7,30.8,84.8,5.6,6.76,29.9,134.2,47.6,75,Flood,278.6,6.82,0.95,3.12,43.65,23713,1105441,1035072,-70369,11090,3.936,48.2,3.12,-6.798464261,0.003935978,256.8,25325.10882,0.141493776
SF13107,Andhra Pradesh,Krishna,Groundnut,Rabi,2.47,641.7,22.1,56.6,6.9,6.7,33.3,134.9,44.1,72.7,Flood,167.4,5.45,0.66,1.8,4.45,57251,158033,254767,96734,1457,3.054,48,1.8,37.96959575,0.003054221,251.7,35513.03371,0.113541667
SF13108,Telangana,Warangal,Rice,Rabi,2.91,294.6,26.1,68.1,9.2,5.62,19.5,132.2,79.1,116.6,Flood,143.1,5.28,0.91,0.78,2.27,19925,193905,45230,-148675,4829,0.47,46.6,0.78,-328.7088216,0.000470077,327.9,85420.70485,0.113304721
SF13109,Maharashtra,Nashik,Pulses,Kharif,0.87,1007.7,27.4,63.5,6.6,6.6,40.2,92.2,51.4,153.8,Rainfed,217,6.1,0.86,1.25,1.09,71571,63861,78012,14151,173,6.301,45.7,1.25,18.139517,0.006300578,297.4,58588.07339,0.133479212
SF13110,Maharashtra,Nashik,Rice,Rabi,5.03,478.7,27.1,66.1,6.9,6.55,20.4,154.7,91,132.8,Drip,145.9,6.78,0.73,4.94,24.85,22070,334086,548440,214354,7054,3.523,30.9,4.94,39.08431187,0.003522824,378.5,13444.10463,0.219417476
SF13111,Tamil Nadu,Erode,Pulses,Kharif,2.23,792,27.7,68.1,6.3,5.95,32.1,91.9,58,72.3,Flood,182,4.72,0.68,0.7,1.56,66505,147238,103748,-43490,857,1.82,63.3,0.7,-41.91888036,0.001820303,222.2,94383.33333,0.074565561
SF13112,Punjab,Ludhiana,Maize,Rabi,11.18,421,25.8,59.1,5.6,6.46,21.5,151.2,67.1,77.2,Flood,219.4,3.69,0.94,3.94,44.05,19065,889112,839813,-49299,8925,4.936,45.7,3.94,-5.870235398,0.004935574,295.5,20184.15437,0.080743982
SF13113,Karnataka,Raichur,Wheat,Kharif,7.16,999.7,29.4,71.8,7.9,6.96,32.8,84.4,37.9,125,Drip,163.2,7.04,1,2.98,21.34,25608,429742,546475,116733,3481,6.13,48.4,2.98,21.36108697,0.006130422,247.3,20137.86317,0.145454545
SF13114,Andhra Pradesh,Krishna,Groundnut,Rabi,6.64,728.8,25.5,76.3,7.1,5.72,24.8,168.3,73.3,88.3,Drip,262.4,2.49,0.9,0.8,5.31,59230,434464,314511,-119953,2566,2.069,55.5,0.8,-38.13952453,0.002069369,329.9,81819.96234,0.044864865
SF13115,Andhra Pradesh,Krishna,Cotton,Kharif,9.54,779.9,28.9,62.6,5.6,7.85,30.3,109.3,15,102.7,Flood,40,8.37,0.82,0.4,3.82,68812,472009,262862,-209147,8787,0.435,52.2,0.4,-79.56532325,0.000434733,227,123562.5654,0.160344828
SF13116,Gujarat,Rajkot,Cotton,Kharif,7.12,613.6,26.5,85.7,5.6,7.21,27.2,122.1,82.1,107.1,Rainfed,180.4,2.78,0.97,1.57,11.18,78524,493069,877898,384829,3014,3.709,63.1,1.57,43.83527471,0.003709356,311.3,44102.77281,0.044057052
SF13117,Karnataka,Raichur,Pulses,Rabi,4.4,551,23.1,56,7.1,6.8,24.5,124.3,44.1,104.6,Flood,149.7,1.86,0.67,1.22,5.37,66969,291361,359624,68263,2167,2.478,47.9,1.22,18.98176985,0.00247808,273,54257.16946,0.038830898
SF13118,Telangana,Warangal,Rice,Kharif,3.6,1008.1,31.7,73.5,7.4,6.23,42.6,120.6,36.7,98,Drip,79.3,8.14,0.74,2.61,9.4,23106,220942,217196,-3746,4731,1.987,56.3,2.61,-1.724709479,0.001986895,255.3,23504.46809,0.144582593
SF13119,Karnataka,Raichur,Sugarcane,Zaid,14.86,305.9,31.4,43.1,7.2,6.2,17.1,125.4,27.3,130.4,Sprinkler,137.1,2.97,0.77,41.63,618.62,3609,928202,2232600,1304398,30397,20.351,47.6,41.63,58.42506495,0.02035135,283.1,1500.439688,0.062394958
SF13120,Madhya Pradesh,Indore,Wheat,Zaid,2.94,254.7,32.4,68.2,5.9,5.56,19.1,124.1,47.4,121.9,Rainfed,279.1,3.54,0.84,0.41,1.21,24007,210537,29048,-181489,957,1.264,57.1,0.41,-624.7900028,0.001264368,293.4,173997.5207,0.061996497
SF13121,Punjab,Ludhiana,Groundnut,Kharif,11.93,1040.1,27.3,73.1,6.2,5.46,29.5,65.2,64.3,144,Flood,189.1,2.58,0.67,0.3,3.58,47382,790189,169628,-620561,9280,0.386,65.4,0.3,-365.8364185,0.000385776,273.5,220723.1844,0.039449541
SF13122,Andhra Pradesh,Guntur,Wheat,Rabi,13.62,498.9,23.6,58.2,7.9,6.69,25.9,123,65.8,118.1,Rainfed,178.4,5.16,0.95,2.58,35.14,19965,827462,701570,-125892,3936,8.928,46.2,2.58,-17.94432487,0.008927846,306.9,23547.5811,0.111688312
SF13123,Karnataka,Raichur,Pulses,Rabi,11.23,209,23,63.5,7.2,7.23,28.2,130.5,52,83.1,Flood,204.1,0.5,0.73,0.71,7.97,72257,692515,575888,-116627,5561,1.433,49.5,0.71,-20.25168088,0.001433195,265.6,86890.2133,0.01010101
SF13124,Tamil Nadu,Erode,Chilli,Kharif,14.02,802.2,31.5,64.8,9.5,6.12,21.1,70,56.2,107.2,Flood,249.3,4.45,0.73,1.52,21.31,94499,1077598,2013774,936176,11911,1.789,58.6,1.52,46.48863279,0.001789103,233.4,50567.71469,0.075938567
SF13125,Maharashtra,Nashik,Groundnut,Rabi,4.01,552.6,23,69.1,7.8,7.63,35.3,220,71.4,30,Drip,203.2,6.78,0.92,0.86,3.45,58397,245286,201470,-43816,1549,2.227,49.1,0.86,-21.74815109,0.002227243,321.4,71097.3913,0.13808554
SF13126,Gujarat,Rajkot,Sugarcane,Kharif,6.57,562.1,28.7,70.6,6.2,6.74,19.9,158.7,65.6,91.2,Rainfed,208.8,4.69,0.77,65.99,433.55,3655,394370,1584625,1190255,7417,58.454,58.5,65.99,75.11272383,0.058453553,315.5,909.6298005,0.08017094
SF13127,Punjab,Ludhiana,Maize,Rabi,12.19,413.7,20.7,67.7,8.2,5.2,10.9,137.5,69.8,110.7,Sprinkler,235.7,7.17,0.99,0.3,3.66,22111,849275,80926,-768349,7171,0.51,26.6,0.3,-949.4464078,0.000510389,318,232042.3497,0.269548872
SF13128,Andhra Pradesh,Krishna,Groundnut,Kharif,12.95,832.6,33.1,87.8,7.8,6.87,37,82.5,69.3,104.2,Rainfed,143.4,7.35,0.73,1.75,22.66,58765,874839,1331615,456776,3591,6.31,44.2,1.75,34.30240723,0.00631022,256,38607.19329,0.166289593
SF13129,Karnataka,Raichur,Rice,Kharif,1.71,839.1,29,57.6,6.5,7.75,35.5,100.2,81.1,86.2,Drip,179.4,6.57,0.84,1.32,2.26,22624,123745,51130,-72615,2344,0.964,42.9,1.32,-142.0203403,0.000964164,267.5,54754.42478,0.153146853
SF13130,Tamil Nadu,Erode,Chilli,Kharif,1.26,810.3,26.2,61.9,7.5,6.54,30.4,113.3,70.8,126.5,Sprinkler,249.3,9.07,0.84,2.73,3.44,111482,98404,383498,285094,796,4.322,44.6,2.73,74.34041377,0.004321608,310.6,28605.81395,0.203363229
SF13131,Punjab,Ludhiana,Groundnut,Rabi,13.05,214.9,26.1,58.9,8.3,7.6,16.7,113.1,58.5,86.1,Flood,169.6,7.78,0.76,0.68,8.87,56528,888155,501403,-386752,7859,1.129,36.9,0.68,-77.1339621,0.001128642,257.7,100130.2142,0.210840108
SF13132,Andhra Pradesh,Krishna,Groundnut,Rabi,11.99,364.7,20.7,58.5,8,6.61,22.2,133.7,38.8,91.1,Rainfed,145.6,6.64,0.77,1.54,18.46,53746,767083,992151,225068,2944,6.27,45.9,1.54,22.68485341,0.00627038,263.6,41553.79198,0.144662309
SF13133,Tamil Nadu,Erode,Groundnut,Kharif,9.86,763.2,24.3,88.2,6.4,6.63,37,80,43,101.7,Rainfed,104.6,8.49,1,1.91,18.83,56662,556152,1066945,510793,3128,6.02,50.3,1.91,47.87435154,0.006019821,224.7,29535.4222,0.168787276
SF13134,Andhra Pradesh,Krishna,Maize,Zaid,14.25,177.9,28.3,63.4,8.6,6.86,21.1,148.5,41.8,138.4,Sprinkler,188.1,6.54,0.68,2.55,36.34,21049,1034491,764921,-269570,7680,4.732,37.1,2.55,-35.24154782,0.004731771,328.7,28467.00605,0.176280323
SF13135,Telangana,Nalgonda,Rice,Rabi,7.64,674.7,27.6,56.1,6.1,6.41,22.5,150.7,68.9,138.6,Flood,188.8,3.97,0.95,4.11,31.4,23660,522070,742924,220854,15499,2.026,47.1,4.11,29.72767066,0.002025937,358.2,16626.43312,0.084288747
SF13136,Madhya Pradesh,Indore,Sugarcane,Zaid,3.53,118.2,30.6,57.8,8.1,7.26,29,111.8,62.5,161.5,Sprinkler,167.2,5.45,0.91,32.05,113.14,3429,231631,387957,156326,5103,22.171,29,32.05,40.29467183,0.022171272,335.8,2047.295386,0.187931034
SF13137,Karnataka,Raichur,Rice,Rabi,3.26,287.7,21.6,58.2,7.8,6.07,15.9,134.1,44.8,75.9,Drip,174.7,4.95,0.72,1.52,4.96,18687,208877,92688,-116189,4319,1.148,40.5,1.52,-125.3549543,0.001148414,254.8,42112.29839,0.122222222
SF13138,Madhya Pradesh,Indore,Maize,Kharif,11.08,1049.8,30.4,80.4,6.6,6.21,34.1,112,65.6,166.9,Sprinkler,148,5.33,0.71,3.16,35.01,25444,800489,890794,90305,5262,6.653,55.7,3.16,10.13758512,0.006653364,344.5,22864.58155,0.095691203
SF13139,Andhra Pradesh,Krishna,Wheat,Kharif,2.99,1034.7,27.9,64.8,6,6.28,33.8,97.6,41.6,160.6,Sprinkler,184.8,2.04,0.81,2.79,8.34,17538,240012,146267,-93745,1771,4.709,66.7,2.79,-64.09169532,0.004709204,299.8,28778.41727,0.030584708
SF13140,Andhra Pradesh,Guntur,Rice,Rabi,2.65,672.1,20.2,46,6.2,5.77,16.2,123.9,70.5,157.5,Drip,107.3,5.88,0.7,1.44,3.82,25414,187726,97081,-90645,3188,1.198,47.5,1.44,-93.37048444,0.001198243,351.9,49142.93194,0.123789474
SF13141,Tamil Nadu,Erode,Pulses,Zaid,1.69,301.4,29.4,57.6,9.1,6.78,21.5,140.2,47,40.5,Flood,176.2,3.34,0.74,1.02,1.72,77375,112402,133085,20683,814,2.113,44.6,1.02,15.54119548,0.002113022,227.7,65350,0.074887892
SF13142,Punjab,Ludhiana,Cotton,Rabi,9.13,346.5,23.1,59.3,7.7,5.99,22.4,123.7,43.9,136.4,Rainfed,161.9,7.91,0.76,0.72,6.57,70773,590362,464979,-125383,2883,2.279,14.4,0.72,-26.96530381,0.002278876,304,89857.22983,0.549305556
SF13143,Maharashtra,Nashik,Sugarcane,Rabi,6.74,544.8,25.8,63.6,7.9,5.78,25.3,109.7,50.3,146.5,Flood,264.3,6.63,0.8,20.73,139.72,3275,629598,457583,-172015,14562,9.595,46.9,20.73,-37.59208712,0.009594836,306.5,4506.140853,0.141364606
SF13144,Telangana,Warangal,Groundnut,Kharif,5.64,809.6,27.1,85.4,7,6.58,39.9,119.6,25.3,93.5,Flood,217.9,2.75,0.84,1.88,10.6,59753,441546,633382,191836,3507,3.023,63.3,1.88,30.28756738,0.003022526,238.4,41655.28302,0.043443918
SF13145,Telangana,Nalgonda,Rice,Kharif,2.57,670.9,25,90,5.6,6.77,34.3,114,76.1,77.1,Flood,186.4,7.75,0.96,4.43,11.39,20511,175784,233620,57836,5473,2.081,45.8,4.43,24.75644209,0.002081126,267.2,15433.18701,0.169213974
SF13146,Andhra Pradesh,Guntur,Chilli,Kharif,13.56,832.2,29.9,62.5,7.3,7.31,35.4,119.1,41.5,119.4,Rainfed,152.4,7.61,0.83,1.55,21.02,103525,894834,2176096,1281262,4775,4.402,53.9,1.55,58.87892814,0.004402094,280,42570.59943,0.141187384
SF13147,Madhya Pradesh,Indore,Wheat,Rabi,7.43,528.6,25.9,60.2,9.7,6.55,21.7,105.9,48.2,114.3,Sprinkler,199.6,6.72,0.69,3.05,22.66,22740,455010,515288,60278,3427,6.612,35.3,3.05,11.69792427,0.006612197,268.4,20079.87643,0.190368272
SF13148,Andhra Pradesh,Krishna,Maize,Rabi,4.75,444.1,23.4,49.2,6.9,5.88,8,59.7,63.8,117.3,Flood,223.2,2.9,0.67,1.42,6.74,19699,331530,132771,-198759,3428,1.966,50.9,1.42,-149.7006123,0.001966161,240.8,49188.4273,0.05697446
SF13149,Gujarat,Rajkot,Sugarcane,Zaid,4.02,373.9,29.6,33.8,7.7,8.12,19.5,139.3,59.6,100.2,Rainfed,186,2.53,0.66,3.85,15.48,3773,261600,58406,-203194,4575,3.384,49.9,3.85,-347.8991884,0.003383607,299.1,16899.22481,0.050701403
SF13150,Maharashtra,Nashik,Sugarcane,Zaid,10.95,166.8,32.4,53.5,9.6,5.64,14.8,87.9,82.7,90.5,Sprinkler,192,3.79,0.88,11.14,121.98,3494,779312,426198,-353114,21248,5.741,54.5,11.14,-82.85210161,0.005740776,261.1,6388.850631,0.069541284
SF13151,Tamil Nadu,Erode,Rice,Rabi,11.99,677.1,19.4,52.2,6,7.69,26.7,100.9,33.5,97.3,Flood,146.5,3.71,0.78,0.83,9.95,19985,812219,198851,-613368,25265,0.394,54.8,0.83,-308.4560802,0.000393825,231.7,81630.05025,0.06770073
SF13152,Tamil Nadu,Erode,Groundnut,Kharif,4.73,1046.6,27.8,69.8,6.8,6.56,31,172.4,63.3,139.4,Flood,132.2,6.65,0.71,2.03,9.6,50720,327304,486912,159608,3087,3.11,48.1,2.03,32.77963985,0.003109815,375.1,34094.16667,0.138253638
SF13153,Maharashtra,Nashik,Maize,Zaid,3.31,687.3,27.9,55.1,7.1,5.91,21.4,61.3,64,102.2,Drip,317.7,3.09,0.67,2.13,7.05,21060,258249,148473,-109776,1515,4.653,47.9,2.13,-73.93667536,0.004653465,227.5,36631.06383,0.064509395
SF13154,Maharashtra,Nashik,Sugarcane,Rabi,11.21,854.4,28.6,53.2,8.3,6.45,25.9,204.2,29.9,115.7,Flood,192.8,7.38,0.83,72.35,811.04,3886,908490,3151701,2243211,27596,29.39,40.9,72.35,71.17461333,0.029389767,349.8,1120.15437,0.180440098
SF13155,Telangana,Nalgonda,Rice,Rabi,12.94,561.8,26.9,56.1,8.3,6.83,19,123.3,66.8,148.7,Rainfed,156.7,3.29,0.87,3.86,49.95,24245,839332,1211038,371706,11189,4.464,48.8,3.86,30.69317395,0.004464206,338.8,16803.44344,0.067418033
SF13156,Tamil Nadu,Erode,Pulses,Kharif,2.48,886.8,28,58.6,7.2,7.97,29.4,139,67.8,152.8,Rainfed,270.7,0.88,0.73,0.3,0.74,65976,181498,48822,-132676,495,1.495,72.6,0.3,-271.7545369,0.001494949,359.6,245267.5676,0.012121212
SF13157,Andhra Pradesh,Krishna,Groundnut,Kharif,9.92,898.7,26.8,76.3,6.5,7.24,36.4,88.8,73,98.1,Sprinkler,328.1,4.71,0.98,1.18,11.71,61268,824997,717448,-107549,4833,2.423,53,1.18,-14.99049408,0.002422926,259.9,70452.34842,0.088867925
SF13158,Telangana,Nalgonda,Rice,Rabi,10.71,710.5,23.9,60.2,7.7,7.39,18.1,48.7,45.5,80.8,Rainfed,93.7,6.38,0.89,1.74,18.64,20804,522242,387787,-134455,10033,1.858,35.4,1.74,-34.67238458,0.001857869,175,28017.27468,0.180225989
SF13159,Andhra Pradesh,Krishna,Rice,Kharif,1.07,702.9,25.9,73,5.4,6.4,28.4,123.2,50,110.9,Sprinkler,157.1,3.45,0.73,3.51,3.76,26337,62539,99027,36488,1586,2.371,54.4,3.51,36.84651661,0.002370744,284.1,16632.71277,0.063419118
SF13160,Punjab,Ludhiana,Pulses,Zaid,0.88,80,28.5,68.2,8.2,7.15,15.7,101.7,51,128.4,Rainfed,220.7,5.81,0.95,0.64,0.56,77189,58668,43226,-15442,182,3.077,47.7,0.64,-35.72386989,0.003076923,281.1,104764.2857,0.121802935
SF13161,Andhra Pradesh,Guntur,Maize,Kharif,8.91,671.2,30.6,60.6,6.4,7.68,33.4,79.9,44.1,99.7,Drip,268.3,4.11,0.69,1.3,11.58,15804,594642,183010,-411632,4451,2.602,54.2,1.3,-224.9232282,0.002601663,223.7,51350.7772,0.075830258
SF13162,Telangana,Warangal,Cotton,Kharif,8.56,884,27.1,66.5,7.7,6.4,28.3,202.4,58.5,109.8,Rainfed,162.4,1.06,0.85,1.99,17.03,71099,578166,1210816,632650,3308,5.148,55.3,1.99,52.24988768,0.005148126,370.7,33949.8532,0.019168174
SF13163,Maharashtra,Nashik,Wheat,Zaid,14.82,203.2,32.5,45.6,7.8,7.09,17.7,189.2,50.4,112,Flood,259.4,6.97,0.73,2.09,30.97,26164,1034502,810299,-224203,9167,3.378,40.1,2.09,-27.66916904,0.003378423,351.6,33403.35809,0.173815461
SF13164,Tamil Nadu,Erode,Chilli,Rabi,3.08,360.1,22.3,80.7,5.2,6.95,23.4,150,63,108.8,Flood,156.3,2.83,0.71,1.63,5.02,94380,208785,473788,265003,2002,2.507,52.2,1.63,55.93282227,0.002507493,321.8,41590.63745,0.054214559
SF13165,Andhra Pradesh,Krishna,Sugarcane,Rabi,7.81,347.2,21.9,59.1,8.2,6,16.7,118.7,67.1,134.3,Flood,183.5,4.72,0.96,32.71,255.47,4082,582160,1042829,460669,18724,13.644,48.1,32.71,44.17493184,0.013643986,320.1,2278.780287,0.098128898
SF13166,Punjab,Ludhiana,Sugarcane,Kharif,0.94,758.4,30.8,88.3,5.8,6.81,30.6,63.4,57.1,138,Rainfed,220.2,4.49,0.69,52.92,49.74,3544,63369,176279,112910,923,53.889,56.1,52.92,64.05187232,0.053889491,258.5,1274.004825,0.080035651
SF13167,Tamil Nadu,Erode,Chilli,Zaid,6.14,362,35.1,65.3,7,8.1,21.2,93.2,71.2,86.7,Flood,56.3,2.82,0.98,0.3,1.84,93358,296881,171779,-125102,5063,0.363,46.8,0.3,-72.82729554,0.000363421,251.1,161348.3696,0.06025641
SF13168,Madhya Pradesh,Indore,Groundnut,Zaid,12.63,221.1,32.5,60.8,7,6.33,17.8,80.2,60.1,124.7,Rainfed,185.1,5.46,0.97,0.9,11.37,67517,858197,767668,-90529,2980,3.815,33.7,0.9,-11.79272811,0.003815436,265,75479.06772,0.162017804
SF13169,Tamil Nadu,Erode,Maize,Kharif,2.52,1045.7,29.1,73.5,8.9,6.31,39.1,141.4,42.4,118.4,Drip,242.4,4.49,0.73,3.91,9.85,18697,193149,184165,-8984,1035,9.517,47.7,3.91,-4.878234192,0.009516908,302.2,19609.03553,0.094129979
SF13170,Andhra Pradesh,Krishna,Chilli,Kharif,13.96,705.4,24.6,69.4,6.4,7.93,33.4,126.4,65.2,99.1,Rainfed,228.9,8.93,0.85,0.39,5.44,92103,1102942,501040,-601902,5011,1.086,36,0.39,-120.1305285,0.001085612,290.7,202746.6912,0.248055556
SF13171,Andhra Pradesh,Guntur,Rice,Rabi,4.44,397,28.7,59.9,4.9,7.33,16.6,150.9,80.4,119.2,Drip,158.3,7.96,0.73,2.74,12.17,22015,259230,267923,8693,5698,2.136,37.1,2.74,3.24458893,0.002135837,350.5,21300.73952,0.214555256
SF13172,Andhra Pradesh,Krishna,Cotton,Kharif,2.97,692.9,28.9,79.7,8.7,5.95,34,163,77.9,101.8,Drip,111.4,2.91,0.66,1.33,3.95,59057,186826,233275,46449,1929,2.048,61.1,1.33,19.91169221,0.002047693,342.7,47297.72152,0.047626841
SF13173,Telangana,Nalgonda,Rice,Rabi,12.86,418.9,24.3,63.4,6.7,6.44,19.6,135.6,53.8,120.9,Drip,186.3,5.92,0.99,4.409797823,56.71,17687,987008,1003030,16022,19525,2.904,41.3,4.409797823,1.597359999,0.002904481,310.3,17404.47893,0.143341404
SF13174,Andhra Pradesh,Krishna,Wheat,Rabi,12.49,314.7,21.3,49.7,8.6,5.81,26.7,160.5,60.4,105.1,Sprinkler,154.7,6.49,0.92,1.04,12.99,24526,1058138,318593,-739545,7177,1.81,31.7,1.04,-232.1284523,0.001809948,326,81457.89069,0.204731861
SF13175,Punjab,Ludhiana,Chilli,Rabi,7.27,80,27.1,54,7,7.86,25.7,130.6,64.3,107.7,Sprinkler,180.5,4.37,0.98,0.41,2.98,96515,575317,287615,-287702,5165,0.577,36.2,0.41,-100.0302488,0.00057696,302.6,193059.396,0.120718232
SF13176,Gujarat,Rajkot,Wheat,Zaid,10.07,228.3,29.3,33.7,6.3,6.8,16.3,98.4,72.4,101,Rainfed,141.3,4.09,0.8,2.12,21.35,25912,629675,553221,-76454,2592,8.237,27.5,2.12,-13.81979354,0.008236883,271.8,29492.97424,0.148727273
SF13177,Telangana,Warangal,Maize,Zaid,12.14,404.5,31.9,62.6,8.2,6.1,21.5,132.2,73,115.3,Flood,185.9,4.13,0.73,2.11,25.62,24943,934995,639040,-295955,8323,3.078,38.9,2.11,-46.31243741,0.003078217,320.5,36494.73068,0.106169666
SF13178,Karnataka,Raichur,Groundnut,Kharif,11.36,699.8,30.3,81.5,8,8.4,31.7,110.2,70.6,109.3,Flood,168.6,5.38,0.87,0.3,3.41,61336,765179,209156,-556023,7284,0.468,49.8,0.3,-265.8412859,0.000468149,290.1,224392.6686,0.108032129
SF13179,Andhra Pradesh,Guntur,Rice,Kharif,5.18,1079.2,29.3,64.9,6.1,7.69,35.7,103.8,71,125.5,Rainfed,238.4,1.26,0.85,0.91,4.71,22790,288793,107341,-181452,4186,1.125,72.3,0.91,-169.0425839,0.001125179,300.3,61314.862,0.017427386
SF13180,Andhra Pradesh,Guntur,Groundnut,Kharif,5.84,633,29.8,71.1,7.9,5.78,32.7,69.4,36.1,126.2,Flood,166.7,4.94,0.83,0.66,3.85,60707,344197,233722,-110475,3480,1.106,56.4,0.66,-47.2676941,0.001106322,231.7,89401.81818,0.087588652
SF13181,Karnataka,Raichur,Rice,Rabi,7.67,149.1,22.6,66.8,6.9,7.03,20.8,183.4,80.5,118,Sprinkler,254.7,4.61,0.88,2.28,17.49,21019,563513,367622,-195891,12125,1.442,36.9,2.28,-53.28598397,0.001442474,381.9,32219.1538,0.124932249
SF13182,Tamil Nadu,Erode,Wheat,Kharif,3.6,856.3,29.6,65.5,7.6,6.93,34.4,156.4,31.3,86.5,Flood,108.9,3.58,1,2.72,9.79,24836,241406,243144,1738,2895,3.382,73.6,2.72,0.714802751,0.003381693,274.2,24658.42697,0.048641304
SF13183,Andhra Pradesh,Krishna,Chilli,Kharif,6.27,727.9,35.9,57.4,6.7,5.87,29.6,160.8,60.3,127.6,Sprinkler,166.7,6.9,0.92,0.99,6.21,113048,418573,702028,283455,4130,1.504,41.3,0.99,40.37659467,0.001503632,348.7,67403.05958,0.167070218
SF13184,Maharashtra,Nashik,Sugarcane,Rabi,5.69,169.7,23.9,60.2,6.6,6.97,21.7,71.5,41.2,114.4,Flood,116.9,5.52,0.95,46.54,264.81,2857,336364,756562,420198,13378,19.794,28.3,46.54,55.54045802,0.019794439,227.1,1270.208829,0.195053004
SF13185,Madhya Pradesh,Indore,Rice,Rabi,12.67,198.5,25.8,53.2,7.3,6.96,19.9,111.9,50.8,140.3,Drip,59.8,7.54,0.74,3.19,40.42,21258,535290,859248,323958,16988,2.379,22.8,3.19,37.70250265,0.002379327,303,13243.19644,0.330701754
SF13186,Andhra Pradesh,Guntur,Chilli,Rabi,8.31,704.4,24,56.5,7.2,6.16,30,113.2,55,118.5,Flood,151.2,7.38,0.93,1.87,15.54,106560,575196,1655942,1080746,7430,2.092,40.8,1.87,65.26472546,0.002091521,286.7,37013.89961,0.180882353
SF13187,Madhya Pradesh,Indore,Maize,Rabi,10.97,404.1,23.9,61.4,7.5,6.97,33.6,95.8,39.6,143.1,Flood,257.4,7.59,0.94,3.14,34.45,22671,783053,781016,-2037,7913,4.354,36.3,3.14,-0.260814119,0.004353595,278.5,22730.13062,0.209090909
SF13188,Andhra Pradesh,Krishna,Maize,Rabi,8.38,398.7,26.9,52.7,7.2,6.98,36.1,147.5,55.7,88.4,Drip,196,3.04,0.74,4.16,34.86,20855,515013,727005,211992,4375,7.968,51.6,4.16,29.15963439,0.007968,291.6,14773.75215,0.058914729
SF13189,Telangana,Nalgonda,Wheat,Rabi,8.68,114.8,24.2,60.4,6.8,5.61,22.3,64.5,19.6,78.5,Sprinkler,210.1,4.46,0.89,0.54,4.69,22431,692974,105201,-587773,4387,1.069,37.6,0.54,-558.7142708,0.001069068,162.6,147755.6503,0.118617021
SF13190,Karnataka,Raichur,Maize,Rabi,1.12,315,24.7,65.9,5.9,7.14,28.4,96.3,23.7,175.4,Sprinkler,251.5,4.13,0.76,2.65,2.97,20673,77447,61399,-16048,655,4.534,40.3,2.65,-26.13723351,0.004534351,295.4,26076.43098,0.10248139
SF13191,Andhra Pradesh,Krishna,Wheat,Kharif,6.27,1104.3,29.5,77.4,8.4,6.09,28.7,78.1,89.3,49,Flood,176.5,3.71,0.72,1.91,11.98,26312,408894,315218,-93676,4689,2.555,74.7,1.91,-29.71784606,0.002554916,216.4,34131.38564,0.049665328
SF13192,Madhya Pradesh,Indore,Rice,Kharif,3.34,896.6,26.6,78.1,6.6,6.25,36.4,130.8,67.1,126.1,Flood,264.8,6.47,0.91,2.81,9.39,22260,264130,209021,-55109,6659,1.41,54.7,2.81,-26.36529344,0.001410122,324,28128.86049,0.118281536
SF13193,Tamil Nadu,Erode,Chilli,Kharif,4.74,788.5,26.4,64.4,7.9,7.98,31.8,86,23.9,88.8,Rainfed,85.9,4.02,1,0.3,1.42,94336,249426,133957,-115469,1655,0.858,54.2,0.3,-86.19855625,0.000858006,198.7,175652.1127,0.074169742
SF13194,Madhya Pradesh,Indore,Groundnut,Rabi,4.03,328.8,20.6,74.6,8,5.6,25.2,144.8,25,132.2,Drip,111.3,5.31,0.7,0.37,1.49,59437,286011,88561,-197450,1968,0.757,37.3,0.37,-222.9536704,0.000757114,302,191953.6913,0.142359249
SF13195,Madhya Pradesh,Indore,Rice,Zaid,3.3,608.8311856,31.7,32.8,9.4,6.84,18.2,157.8,49.7,93.2,Sprinkler,190.6,8.27,0.97,2.38,7.85,21692,219123,170282,-48841,4561,1.721,30.4,2.38,-28.68242093,0.001721114,300.7,27913.75796,0.272039474
SF13196,Gujarat,Rajkot,Wheat,Rabi,5.22,519.2,27.7,62,6.5,6.79,19.6,57.8,32.2,106.9,Rainfed,163.2,6.36,0.78,2.42,12.63,24174,306251,305318,-933,1637,7.715,50.5,2.42,-0.305583031,0.007715333,196.9,24247.90182,0.125940594
SF13197,Telangana,Warangal,Pulses,Kharif,12.17,1020.1,27.5,64.6,5.6,6.03,38.4,115.9,61.7,90.7,Sprinkler,187.2,3.31,0.75,0.82,9.98,76113,929721,759608,-170113,4454,2.241,65.3,0.82,-22.3948405,0.002240683,268.3,93158.41683,0.050689127
SF13198,Maharashtra,Nashik,Chilli,Rabi,7.3,386.3,19.9,61.2,7.9,6.08,27,104.4,51.2,123.4,Rainfed,195.7,6.1,0.69,0.98,7.15,77376,438503,553238,114735,2198,3.253,32.9,0.98,20.73881404,0.003252957,279,61329.09091,0.185410334
SF13199,Telangana,Nalgonda,Groundnut,Rabi,6.99,511.8,25.2,50.8,6.6,7.14,29,159.4,52.1,114.7,Flood,238.9,4.81,0.66,1.65,11.53,58301,451491,672211,220720,4337,2.659,41.9,1.65,32.83492832,0.00265852,326.2,39157.93582,0.114797136
SF13200,Punjab,Ludhiana,Wheat,Kharif,5.43,875.6,26,95,6,7.1,30,163.3,51.1,78.2,Rainfed,244.3,4.65,0.82,2.62,14.23,23832,385842,339129,-46713,1659,8.577,67.5,2.62,-13.77440443,0.008577456,292.6,27114.68728,0.068888889
SF13201,Punjab,Ludhiana,Sugarcane,Kharif,6.71,729.2,30.2,84.8,5.2,5.99,38.9,153.7,67.7,102.4,Sprinkler,178.7,6.51,0.91,39.57,265.51,3265,423174,866890,443716,11552,22.984,53,39.57,51.18481007,0.022983899,323.8,1593.815675,0.122830189
SF13202,Tamil Nadu,Erode,Chilli,Rabi,8.82,708,20.5,57.1,8.4,5.68,16.5,110.4,38.3,82.1,Sprinkler,115.9,5.57,0.97,0.61,5.38,106255,585977,571652,-14325,5106,1.054,33,0.61,-2.505895195,0.001053662,230.8,108917.658,0.168787879
SF13203,Maharashtra,Nashik,Maize,Kharif,1.4,987.3,29.8,62.5,7,5.2,35,149.7,82.7,90.4,Flood,179.5,3.72,0.87,0.3,0.42,20857,92973,8760,-84213,1037,0.405,63.1,0.3,-961.3356164,0.000405014,322.8,221364.2857,0.058954041
SF13204,Tamil Nadu,Erode,Wheat,Zaid,9.96,345.4,31.7,60.8,8.8,7.31,24.3,120.1,83.7,49.1,Flood,240.8,5.43,0.9,1.46,14.54,22051,784673,320622,-464051,6946,2.093,37.3,1.46,-144.7346096,0.002093291,252.9,53966.50619,0.145576408
SF13205,Punjab,Ludhiana,Cotton,Kharif,13.26,772.4,28.2,63,6.6,6.9,36.5,105.2,47.5,60.1,Drip,129.5,5.29,0.75,2.07,27.45,74145,725526,2035280,1309754,7894,3.477,50.7,2.07,64.35252152,0.003477325,212.8,26430.81967,0.10433925
SF13206,Telangana,Nalgonda,Pulses,Rabi,13.11,545.7,23.8,59.4,8.6,6.92,27.3,96,83,49.4,Flood,158.2,4.78,0.65,1.16,15.21,57877,835141,880309,45168,7080,2.148,42.9,1.16,5.130925618,0.002148305,228.4,54907.36358,0.111421911
SF13207,Gujarat,Rajkot,Cotton,Kharif,0.54,736.5,31.3,77.6,4.7,7.5,36.1,102.8,63.3,105.1,Flood,70.4,6.57,0.84,1.01,0.55,71736,33582,39455,5873,451,1.22,48.4,1.01,14.88531238,0.001219512,271.2,61058.18182,0.135743802
SF13208,Andhra Pradesh,Krishna,Wheat,Kharif,4.82,1237.3,26.6,61,7.9,6.99,30.8,155.3,49.7,58.1,Flood,289.6,6.13,0.73,2.28,10.99,24722,381176,271695,-109481,3200,3.434,63.5,2.28,-40.295552,0.003434375,263.1,34683.89445,0.096535433
SF13209,Telangana,Nalgonda,Groundnut,Kharif,2.66,592.7,26,68.5,6.1,6.67,34,130.8,52.2,76,Rainfed,247.4,5.44,0.97,2.19,5.83,51417,167026,299761,132735,786,7.417,37.4,2.19,44.28027662,0.007417303,259,28649.39966,0.145454545
SF13210,Gujarat,Rajkot,Chilli,Rabi,5.82,401.8,24.1,57.7,7,5.73,23.9,102.2,50.2,123,Drip,287.3,5.64,0.79,0.59,3.43,122180,442440,419077,-23363,3318,1.034,41.6,0.59,-5.574870489,0.001033755,275.4,128991.2536,0.135576923
SF13211,Gujarat,Rajkot,Rice,Rabi,1.71,507.9,25.3,46.8,6.4,7.34,23.8,51.5,37.3,126.8,Drip,252.4,6.47,0.92,2.16,3.69,21746,128869,80243,-48626,2201,1.677,34.7,2.16,-60.59843226,0.001676511,215.6,34923.84824,0.186455331
SF13212,Karnataka,Raichur,Chilli,Zaid,3.08,96.5,34,43.4,8.9,6.47,8.7,112.9,74.8,70.5,Sprinkler,253.6,4.66,0.94,1.34,4.13,125503,206373,518327,311954,1581,2.612,37.9,1.34,60.18478682,0.002612271,258.2,49969.24939,0.122955145
SF13213,Karnataka,Raichur,Wheat,Rabi,0.52,515.3,24.3,57.6,7.1,6.81,30.1,88.4,58.1,137.5,Drip,144.2,7.68,0.96,3.67,1.91,26943,40511,51461,10950,275,6.945,37.5,3.67,21.27824955,0.006945455,284,21209.94764,0.2048
SF13214,Punjab,Ludhiana,Pulses,Zaid,10.27,149.7,36.2,47.9,7.4,6.64,17,138.6,82.9,97,Rainfed,152.5,4.33,0.78,0.78,8.01,84469,426581,676597,250016,2100,3.814,40.8,0.78,36.95198176,0.003814286,318.5,53256.05493,0.106127451
SF13215,Gujarat,Rajkot,Maize,Rabi,11.86,501.4,21.3,52.3,7.2,7.43,23.2,114.6,61.7,149.9,Rainfed,162.9,5.19,0.71,1.73,20.52,18197,697875,373402,-324473,3444,5.958,25.7,1.73,-86.89642798,0.005958188,326.2,34009.50292,0.201945525
SF13216,Gujarat,Rajkot,Chilli,Rabi,6.1,287.5,23.8,75.8,7.8,6.3,14.9,102.7,19.6,88.1,Drip,230.8,1.72,0.97,1.68,10.25,99743,409318,1022366,613048,3495,2.933,55.2,1.68,59.96365294,0.002932761,210.4,39933.46341,0.03115942
SF13217,Punjab,Ludhiana,Sugarcane,Rabi,7.56,451.4,26.7,61.7,8.1,6.26,26.5,176.2,39.4,30,Drip,174.7,5.34,0.71,63.84,482.63,2852,482785,1376461,893676,10890,44.319,51.4,63.84,64.92563175,0.044318641,245.6,1000.321157,0.103891051
SF13218,Madhya Pradesh,Indore,Maize,Rabi,11.84,265.7,23.5,52.8,9,6.57,20.6,102.6,42.7,65.5,Drip,121.8,10.31,0.79,2.93,34.69,20452,750587,709480,-41107,6745,5.143,20.8,2.93,-5.793961775,0.005143069,210.8,21636.98472,0.495673077
SF13219,Punjab,Ludhiana,Cotton,Zaid,7.59,571.6019185,30.3,52,7.6,7.43,8,112.2,50.4,116.9,Flood,187,5.19,0.68,0.59,4.48,58491,614444,262040,-352404,6616,0.677,45.9,0.59,-134.4848115,0.000677146,279.5,137152.6786,0.113071895
SF13220,Andhra Pradesh,Guntur,Groundnut,Kharif,10.06,1093.7,29.5,67.5,6.9,6.94,29,57.5,64.9,108.8,Flood,115.5,5.94,0.91,1.54,15.49,57757,536390,894656,358266,5595,2.769,61.6,1.54,40.04511231,0.002768543,231.2,34628.14719,0.096428571
SF13221,Madhya Pradesh,Indore,Rice,Rabi,3.15,765.6,26.1,49.6,8.2,6.48,17.7,122.5,70.2,147.9,Sprinkler,173.2,2.49,0.97,4.37,13.77,19898,176193,273995,97802,4574,3.01,46.4,4.37,35.69481195,0.003010494,340.6,12795.42484,0.053663793
SF13222,Telangana,Warangal,Maize,Rabi,0.95,370.5,18,53.2,7.4,7.32,23.2,98.5,75.4,114.8,Drip,205.4,8.46,0.91,1.68,1.6,18421,63483,29474,-34009,436,3.67,28.9,1.68,-115.3864423,0.003669725,288.7,39676.875,0.292733564
SF13223,Tamil Nadu,Erode,Chilli,Kharif,12.72,870.3,25.7,70.7,7.6,5.94,25,138,31.7,100.6,Flood,174.1,4.67,0.98,1.18,15.01,107976,820814,1620720,799906,10977,1.367,52.1,1.18,49.35497803,0.001367405,270.3,54684.47702,0.089635317
SF13224,Andhra Pradesh,Guntur,Maize,Kharif,11.03,609.7,24,84.3,5.3,6.63,39.5,105.4,82.7,99.5,Rainfed,244.4,7.44,0.72,3.95,43.57,20090,728195,875321,147126,3663,11.895,39.5,3.95,16.80823378,0.011894622,287.6,16713.22011,0.18835443
SF13225,Telangana,Warangal,Rice,Rabi,3.55,457.1,20.2,58.4,6.5,7.17,25.9,117.3,65.9,96.9,Flood,233.4,7.55,0.96,2.37,8.41,23274,241872,195734,-46138,7003,1.201,25.8,2.37,-23.5717862,0.001200914,280.1,28760.04756,0.292635659
SF13226,Madhya Pradesh,Indore,Rice,Zaid,12.02,207.6,34.7,34.8,7,6.87,15,129.9,49.2,125.8,Rainfed,120.8,1.19,0.67,1.79,21.52,23872,745133,513725,-231408,10342,2.081,39.7,1.79,-45.04511168,0.002080835,304.9,34625.13941,0.029974811
SF13227,Madhya Pradesh,Indore,Rice,Rabi,1.32,80,26.3,73.7,6.4,6.95,24.3,97.6,43.4,135.2,Flood,161.9,6.3,0.79,2.32,3.06,25018,76200,76555,355,2593,1.18,28.4,2.32,0.463718895,0.0011801,276.2,24901.96078,0.221830986
SF13228,Telangana,Nalgonda,Cotton,Rabi,14.58,639.9,31.1,60.5,9.2,6.09,22.7,148.3,63.9,65.3,Sprinkler,167.9,3.7,0.98,1.28,18.66,64081,1000120,1195751,195631,10784,1.73,52.5,1.28,16.36051318,0.001730341,277.5,53596.99893,0.07047619
SF13229,Maharashtra,Nashik,Cotton,Kharif,2.51,1026.5,27.2,59.5,6.8,6.6,46.1,113.4,93,136.9,Flood,140.1,7.19,0.85,1.98,4.97,70045,190083,348124,158041,2129,2.334,36.8,1.98,45.3979042,0.002334429,343.3,38246.07646,0.195380435
SF13230,Tamil Nadu,Erode,Maize,Kharif,7.34,665.7,30.6,52.1,5.8,6.55,43,134.7,34.3,120.7,Flood,182,4.47,0.68,4.27,31.34,24809,546967,777514,230547,5249,5.971,35.1,4.27,29.65181334,0.005970661,289.7,17452.68028,0.127350427
SF13231,Gujarat,Rajkot,Rice,Kharif,13.87,595,28.5,63.1,7.4,6.81,38.2,126,70.5,106.7,Sprinkler,174.9,3.64,0.89,4.27,59.22,22145,962506,1311427,348921,21469,2.758,43.6,4.27,26.60620835,0.002758396,303.2,16253.0564,0.083486239
SF13232,Maharashtra,Nashik,Rice,Kharif,5.35,712.1,31.3,86.6,7.4,6.44,35,152.4,63,165.5,Flood,274.3,4.52,0.8,3.85,20.6,22471,412502,462903,50401,10568,1.949,64.5,3.85,10.88802622,0.001949281,380.9,20024.36893,0.070077519
SF13233,Punjab,Ludhiana,Rice,Kharif,4.51,505.3,30,65.1,7.4,5.95,26.2,175.2,41.2,116.3,Rainfed,179,3.81,0.67,1.8,8.12,20144,248234,163569,-84665,3665,2.216,59.1,1.8,-51.76103051,0.002215553,332.7,30570.68966,0.064467005
SF13234,Tamil Nadu,Erode,Wheat,Rabi,4.97,376.6,26.5,57.8,7.2,7.08,25.8,91.9,81.7,141.8,Drip,207.7,6.24,0.69,2.95,14.66,21856,318975,320409,1434,2691,5.448,47.1,2.95,0.447552971,0.005447789,315.4,21758.18554,0.132484076
SF13235,Andhra Pradesh,Guntur,Wheat,Rabi,6.6,397.8,22.9,51,8.1,6.03,27.2,165.3,72.9,129.3,Drip,200.8,3.59,0.97,2.07,13.66,24683,465413,337170,-128243,3115,4.385,40.9,2.07,-38.03511582,0.004385233,367.5,34071.22987,0.087775061
SF13236,Punjab,Ludhiana,Maize,Zaid,13.1,283.3,34.2,63.2,8.5,7.36,26.4,133.4,81.9,91.5,Rainfed,295.5,4.93,0.91,1.32,17.29,20422,990637,353096,-637541,3532,4.895,37,1.32,-180.5574121,0.004895243,306.8,57295.37305,0.133243243
SF13237,Madhya Pradesh,Indore,Maize,Rabi,14.6,197.3,22.8,46.4,7.2,6.66,20,49.7,43,64.1,Sprinkler,122.2,4.45,0.83,2.89,42.19,23805,764228,1004333,240105,7973,5.292,32.3,2.89,23.90691135,0.005291609,156.8,18113.96065,0.137770898
SF13238,Maharashtra,Nashik,Pulses,Rabi,5.07,152.5,25.4,65.3,6.5,6.07,27.5,81.4,25.6,85.9,Drip,219.3,3.61,0.8,0.74,3.75,73797,369720,276739,-92981,1682,2.229,50,0.74,-33.5988061,0.002229489,192.9,98592,0.0722
SF13239,Punjab,Ludhiana,Chilli,Kharif,5.33,822.4,29.8,72.3,5.4,7.06,32.5,146.4,55.9,87.8,Rainfed,368,8.39,0.95,2.03,10.82,92732,432412,1003360,570948,1831,5.909,56.8,2.03,56.90360389,0.005909339,290.1,39964.14048,0.147711268
SF13240,Gujarat,Rajkot,Rice,Rabi,7.15,427,27.4,62.8,8.4,6.37,23.1,122,56.7,90.8,Drip,270,3.24,0.66,3.14,22.45,23211,452492,521087,68595,7172,3.13,69.3,3.14,13.16382869,0.003130229,269.5,20155.54566,0.046753247
SF13241,Andhra Pradesh,Krishna,Sugarcane,Kharif,12.39,468.6,31.1,64.8,7.5,7.71,33.4,80,72.6,141.2,Drip,111.1,3.41,0.86,18.83,233.3,3422,630211,798353,168142,19326,12.072,56.4,18.83,21.06110956,0.01207182,293.8,2701.290184,0.060460993
SF13242,Andhra Pradesh,Krishna,Pulses,Zaid,12.33,690.6,27.7,57.9,6.7,6.98,19.1,139,43.7,131.2,Drip,139.6,7.03,0.66,1.31,16.15,70464,666951,1137994,471043,3592,4.496,26.9,1.31,41.3923975,0.004496102,313.9,41297.27554,0.26133829
SF13243,Maharashtra,Nashik,Wheat,Kharif,14.01,888.5,28.5,66.5,7.3,6.66,37.9,151.2,45.4,109.1,Sprinkler,196.4,5.02,0.9,4.27,59.82,24903,923283,1489697,566414,7829,7.641,51.6,4.27,38.02209443,0.007640823,305.7,15434.35306,0.097286822
SF13244,Gujarat,Rajkot,Wheat,Kharif,1.6,945.1,26.1,72.7,6.3,7.5,26.3,80.4,49,146.6,Drip,262.1,5.63,0.67,1.5,2.4,25370,110892,60888,-50004,699,3.433,54.8,1.5,-82.12455656,0.003433476,276,46205,0.102737226
SF13245,Andhra Pradesh,Guntur,Wheat,Kharif,5.77,865.7,26.7,66.7,6.2,7.27,27.1,77.8,41.5,131.4,Rainfed,181.4,3.85,0.67,2.14,12.35,21422,329228,264562,-64666,1600,7.719,50.6,2.14,-24.44266372,0.00771875,250.7,26658.13765,0.076086957
SF13246,Tamil Nadu,Erode,Cotton,Rabi,3.54,170.4,26.6,54.2,9.1,7.03,29.2,63.1,47.7,121.4,Drip,131.8,0.5,0.92,1.11,3.93,63704,206908,250357,43449,2544,1.545,37.7,1.11,17.35481732,0.001544811,232.2,52648.34606,0.013262599
SF13247,Maharashtra,Nashik,Pulses,Kharif,12.78,942.2,25.6,69.3,8.2,5.2,28.3,140.1,61.8,73.2,Rainfed,219.4,3.03,0.79,0.3,3.83,72651,699816,278253,-421563,2601,1.473,60.1,0.3,-151.5034878,0.001472511,275.1,182719.5822,0.050415973
SF13248,Telangana,Nalgonda,Cotton,Kharif,13.31,738.9,31.6,80.3,6.1,5.78,39.7,105.4,78.1,111.8,Flood,174.9,8.58,0.8,0.59,7.85,70973,1010594,557138,-453456,14612,0.537,46,0.59,-81.39024802,0.00053723,295.3,128738.0892,0.186521739
SF13249,Maharashtra,Nashik,Maize,Rabi,2.88,492.6,26.6,45.1,7.3,6.43,25.3,146.2,62.8,82.5,Drip,135.8,7,0.91,4.72,13.59,18588,154504,252611,98107,1479,9.189,39,4.72,38.83718445,0.009188641,291.5,11368.94776,0.179487179
SF13250,Madhya Pradesh,Indore,Pulses,Kharif,13.3,940.1,30.2,65.1,5.7,7.03,28,107.9,39.8,128.6,Drip,218.7,6.73,0.94,1.21,16.09,75757,816402,1218930,402528,4193,3.837,48.9,1.21,33.02306121,0.003837348,276.3,50739.71411,0.137627812
SF13251,Maharashtra,Nashik,Wheat,Kharif,4.03,816.7,26.5,80.9,7.9,6.86,30.6,112,55.2,99.5,Flood,248.1,6.44,0.86,3.53,14.23,28570,294799,406551,111752,2328,6.113,48.7,3.53,27.48781826,0.006112543,266.7,20716.72523,0.132238193
SF13252,Telangana,Nalgonda,Pulses,Rabi,6.33,221,25,55.8,8.1,6.65,20,78.1,62.8,115.8,Sprinkler,187.1,7.04,0.97,1.04,6.58,81589,472450,536856,64406,2388,2.755,17.1,1.04,11.99688557,0.002755444,256.7,71800.91185,0.411695906
SF13253,Karnataka,Raichur,Maize,Rabi,1,381.4,24.1,44.2,7.6,6.17,19.3,108.4,44.3,108.1,Drip,188,2.65,0.89,3.16,3.16,22186,72032,70108,-1924,512,6.172,54.3,3.16,-2.744337308,0.006171875,260.8,22794.93671,0.048802947
SF13254,Telangana,Nalgonda,Wheat,Rabi,3.8,404.2,22.5,54.2,7.3,5.48,24.1,153.8,55,105.6,Flood,47.1,5.54,0.89,0.43,1.63,24183,275102,39418,-235684,2811,0.58,36.5,0.43,-597.9095845,0.000579865,314.4,168774.2331,0.151780822
SF13255,Andhra Pradesh,Guntur,Chilli,Kharif,5.31,833.2,29.7,70.3,8.5,7.5,28.8,85.1,67.1,59.5,Drip,186.5,7.48,0.81,1.29,6.85,115800,439426,793230,353804,2489,2.752,43.3,1.29,44.60295249,0.002752109,211.7,64149.78102,0.172748268
SF13256,Punjab,Ludhiana,Groundnut,Rabi,0.5,307.7,25.9,54.5,6.3,6.55,17.5,172,61.7,149.7,Flood,243.8,5.82,0.94,1.66,0.83,66904,30044,55530,25486,315,2.635,27.3,1.66,45.89591212,0.002634921,383.4,36197.59036,0.213186813
SF13257,Andhra Pradesh,Guntur,Cotton,Kharif,7.34,813.3,28.7,76.5,8.1,6.73,30.6,83.5,65.1,86.1,Rainfed,247.9,5.68,0.73,1.7,12.48,64774,461887,808380,346493,2692,4.636,64.4,1.7,42.86263886,0.004635958,234.7,37010.17628,0.088198758
SF13258,Karnataka,Raichur,Wheat,Rabi,4.57,417.9,22.4,61.7,8,7.18,23.5,150.3,90.4,85,Flood,268.9,6.27,0.9,2.22,10.15,22602,288776,229410,-59366,3248,3.125,41.9,2.22,-25.87768624,0.003125,325.7,28450.83744,0.149642005
SF13259,Telangana,Nalgonda,Sugarcane,Kharif,9.53,701.8,33.5,69.7,5.6,6.31,33.1,139.7,61.4,115.3,Flood,202.6,6.81,0.68,58.73,559.7,3629,718819,2031151,1312332,25269,22.15,48.2,58.73,64.61026285,0.02214967,316.4,1284.293371,0.141286307
SF13260,Punjab,Ludhiana,Groundnut,Kharif,9.01,887.4,27.9,75.9,8.3,7.78,27.2,85.6,60,115.5,Rainfed,190.9,5.93,0.98,0.41,3.69,59281,540986,218747,-322239,2229,1.655,50,0.41,-147.3112774,0.001655451,261.1,146608.6721,0.1186
SF13261,Andhra Pradesh,Guntur,Rice,Kharif,0.89,918.3,31.8,80.9,6.9,6.96,36.6,140.1,58.5,102.4,Drip,190.7,6.23,0.87,3.86,3.44,22663,70538,77961,7423,1129,3.047,62.1,3.86,9.52142738,0.003046944,301,20505.23256,0.100322061
SF13262,Andhra Pradesh,Krishna,Groundnut,Rabi,5.25,479.1,29.3,40.7,8.3,6.23,23.4,165.9,58,43.7,Flood,98.1,5.47,0.98,1.61,8.45,66744,316659,563987,247328,3379,2.501,39.8,1.61,43.85349308,0.00250074,267.6,37474.43787,0.137437186
SF13263,Gujarat,Rajkot,Pulses,Rabi,12.08,442.9,28.7,57.2,7,6.98,22,99.7,33.1,130.8,Flood,152.4,5.73,0.7,1.29,15.58,62437,634334,972768,338434,4856,3.208,60,1.29,34.79082371,0.003208402,263.6,40714.63415,0.0955
SF13264,Karnataka,Raichur,Pulses,Rabi,7.24,291.8,21.8,47.4,8.9,7.25,29.9,93.9,66.2,130.5,Rainfed,188.5,2.4,0.71,0.63,4.56,73905,524858,337007,-187851,1674,2.724,48.2,0.63,-55.74097867,0.002724014,290.6,115100.4386,0.049792531
SF13265,Andhra Pradesh,Guntur,Chilli,Rabi,0.88,458.2,23.7,59.7,8.5,7.78,15.9,105.1,37.9,77.5,Rainfed,211,6.3,0.91,0.45,0.4,115240,46705,46096,-609,345,1.159,31.7,0.45,-1.321155849,0.00115942,220.5,116762.5,0.19873817
SF13266,Telangana,Warangal,Groundnut,Kharif,2.84,632.3,26.8,66.6,7.3,6.54,32.4,134.4,78.6,119.6,Sprinkler,191.6,5.72,0.79,3.02,8.58,53413,208089,458284,250195,1307,6.565,44.3,3.02,54.59387629,0.006564652,332.6,24252.7972,0.129119639
SF13267,Tamil Nadu,Erode,Maize,Rabi,12.24,506.9,25.7,48.5,8.1,7.4,30,135.3,60.5,86.7,Rainfed,187.7,4.62,0.79,1.96,23.99,22664,793612,543709,-249903,3887,6.172,35.7,1.96,-45.9626381,0.006171855,282.5,33080.9504,0.129411765
SF13268,Maharashtra,Nashik,Maize,Kharif,6.89,545,24.2,75.3,8,7.26,31.5,119.3,40,86.9,Sprinkler,117,4.79,0.85,2.72,18.74,20560,346486,385294,38808,3155,5.94,48.8,2.72,10.07230842,0.005939778,246.2,18489.11419,0.098155738
SF13269,Tamil Nadu,Erode,Maize,Rabi,2.61,371.6,25.1,65.7,6.1,6.16,23.1,143.7,37.2,78.3,Flood,223.6,6.51,0.75,2.82,7.36,18747,236278,137978,-98300,1789,4.114,27.7,2.82,-71.24324168,0.00411403,259.2,32102.98913,0.235018051
SF13270,Punjab,Ludhiana,Pulses,Kharif,2.01,799.9,28.1,70,6,7.17,40.8,109.3,56.4,184,Sprinkler,265.5,6.44,0.67,1.44,2.89,67718,157024,195705,38681,798,3.622,60.9,1.44,19.76495235,0.003621554,349.7,54333.56401,0.105747126
SF13271,Telangana,Warangal,Chilli,Kharif,4.99,645.1,26.5,73,9.2,7.25,36.1,156.5,58.9,102.8,Sprinkler,246.9,4.17,0.89,2.06,10.28,92335,405162,949204,544042,3039,3.383,55.4,2.06,57.31560339,0.003382692,318.2,39412.64591,0.075270758
SF13272,Telangana,Warangal,Chilli,Rabi,9.6,826.2,26.1,57.1,8.8,6.1,30.8,98.9,46.2,107.2,Flood,252.2,2.62,0.66,1.53,14.69,102025,795267,1498747,703480,6824,2.153,58.1,1.53,46.93787544,0.002152696,252.3,54136.62355,0.045094664
SF13273,Tamil Nadu,Erode,Sugarcane,Kharif,11.86,1056.3,28.3,76.1,6.9,7.41,26.2,90.3,46.8,90.3,Rainfed,40,5.38,0.71,32.66,387.35,3435,564752,1330547,765795,11644,33.266,70.9,32.66,57.55490035,0.03326606,227.4,1457.988899,0.075881523
SF13274,Gujarat,Rajkot,Cotton,Rabi,11.06,538.4,19.8,53.8,6.4,6.46,22.1,169.2,62.7,130.9,Flood,259.9,1.33,0.94,1.74,19.24,68706,817439,1321903,504464,10683,1.801,48.9,1.74,38.16195288,0.001800992,362.8,42486.43451,0.027198364
SF13275,Andhra Pradesh,Krishna,Rice,Rabi,6.2,270.5,22.4,45,7.3,6.16,20.8,116.4,32.1,168.5,Flood,134.6,6.76,0.84,1.86,11.53,23982,487019,276512,-210507,13199,0.874,50.3,1.86,-76.12942657,0.000873551,317,42239.28881,0.134393638
SF13276,Telangana,Warangal,Sugarcane,Kharif,0.91,823.6,24,70.7,6.2,6.21,32.4,125.9,62.8,133.3,Rainfed,128.1,7.04,0.91,57.32,52.16,3287,50392,171450,121058,926,56.328,44.4,57.32,70.60834062,0.056328294,322,966.1042945,0.158558559
SF13277,Punjab,Ludhiana,Maize,Kharif,12.09,1015,30.5,80.1,6.4,6.86,22.5,135.3,82.2,152.8,Drip,327.4,2.58,0.76,4.16,50.29,21237,1006054,1068009,61955,5650,8.901,79.8,4.16,5.800981078,0.008900885,370.3,20005.05071,0.032330827
SF13278,Telangana,Warangal,Cotton,Kharif,12.33,894.7,29.4,64.9,5.7,6.26,32.5,89.9,71.4,138.2,Rainfed,183.2,5.95,0.76,1.2,14.8,67531,773741,999459,225718,5509,2.687,44.5,1.2,22.58401795,0.002686513,299.5,52279.7973,0.133707865
SF13279,Telangana,Warangal,Rice,Rabi,7.1,532,20.2,65.9,8.2,7.07,17.2,132.5,52.1,113.7,Rainfed,206.9,6.49,0.77,2.81,19.95,23592,446566,470660,24094,5011,3.981,30.4,2.81,5.119194323,0.003981241,298.3,22384.26065,0.213486842
SF13280,Andhra Pradesh,Krishna,Sugarcane,Kharif,11.47,723.1,29.7,74.3,7.7,6.99,32.3,138.2,56.1,102.1,Flood,158.8,4.56,0.72,69.8,800.61,2832,927158,2267328,1340170,31776,25.195,51,69.8,59.10790146,0.025195431,296.4,1158.064476,0.089411765
SF13281,Andhra Pradesh,Guntur,Sugarcane,Kharif,8.63,1107.2,29.1,57.3,6.5,7.35,34.2,156.6,59.3,129.7,Rainfed,204.7,3.55,0.87,32.36,279.27,4224,533843,1179636,645793,9608,29.066,62.1,32.36,54.74510781,0.029066403,345.6,1911.565868,0.057165862
SF13282,Madhya Pradesh,Indore,Pulses,Zaid,12.26,499.4,31.1,61.6,7.3,6.33,27.5,109,31.9,135.1,Flood,176.2,3.16,0.75,0.83,10.18,68073,718291,692983,-25308,6381,1.595,52.2,0.83,-3.65203764,0.001595361,276,70559.03733,0.060536398
SF13283,Gujarat,Rajkot,Groundnut,Rabi,14.6,365.1,21.2,71.7,6.1,6.8,15.8,121.7,42,129,Sprinkler,201.4,6.03,0.7,1.72,25.11,45179,1013368,1134445,121077,7561,3.321,33.6,1.72,10.67279595,0.003320989,292.7,40357.14855,0.179464286
SF13284,Andhra Pradesh,Krishna,Wheat,Zaid,4.28,105.4,33.9,48.9,6.1,6.27,18.9,90.1,46.9,136.4,Flood,129.2,7.22,0.73,1.42,6.08,19211,242581,116803,-125778,2553,2.382,32.5,1.42,-107.683878,0.002381512,273.4,39898.19079,0.222153846
SF13285,Andhra Pradesh,Guntur,Cotton,Rabi,4.32,301.3,26.9,54.7,8.4,6.01,29,171.3,33.7,100.7,Drip,212,5.92,0.77,1.18,5.1,75776,332868,386458,53590,2870,1.777,42.6,1.18,13.86696614,0.001777003,305.7,65268.23529,0.138967136
SF13286,Karnataka,Raichur,Cotton,Rabi,9.04,649.1,22.2,57.4,6.1,6.71,24.3,140.7,55.3,112.6,Drip,191.1,2.74,0.88,2,18.08,60461,643147,1093135,449988,6782,2.666,41.4,2,41.16490644,0.00266588,308.6,35572.28982,0.066183575
SF13287,Telangana,Nalgonda,Rice,Rabi,2.44,437.7,21.4,65.1,8.8,5.59,23,67.8,54.6,99.1,Flood,234.6,5.1,0.79,0.65,1.59,20774,178162,33031,-145131,4605,0.345,35,0.65,-439.3781599,0.000345277,221.5,112051.5723,0.145714286
SF13288,Tamil Nadu,Erode,Maize,Kharif,13.6,991.8,35.4,76.6,6,7.74,22.2,94.5,91.2,118.7,Flood,188.4,2.86,0.92,1.01,13.74,19876,836959,273096,-563863,10336,1.329,70.1,1.01,-206.4706184,0.001329334,304.4,60914.04658,0.040798859
SF13289,Andhra Pradesh,Krishna,Maize,Zaid,7.03,200.4,28.1,50.8,7.6,5.26,25.2,220,63,145.7,Flood,118,1.3,0.72,0.3,2.11,18354,402096,38727,-363369,5307,0.398,40.7,0.3,-938.2833682,0.000397588,428.7,190566.8246,0.031941032
SF13290,Andhra Pradesh,Guntur,Sugarcane,Zaid,11.78,282.1,27.9,45.9,6.6,6.16,28.6,47.6,66.1,124.2,Drip,175.1,5.17,0.73,40.61,478.39,3340,733550,1597823,864273,17877,26.76,35,40.61,54.0906596,0.026760083,237.9,1533.372353,0.147714286
SF13291,Andhra Pradesh,Guntur,Wheat,Rabi,0.82,467.6,23.3,65.7,11,6.9,30.5,176.5,30.4,152.2,Sprinkler,208.5,3.27,1,3.34,2.74,21939,47791,60113,12322,402,6.816,45.7,3.34,20.49806198,0.00681592,359.1,17441.9708,0.071553611
SF13292,Andhra Pradesh,Krishna,Groundnut,Kharif,7.43,844.2,27.5,83,6.7,7.49,24.7,116.1,58.6,112.1,Sprinkler,208.3,6.64,0.67,1.1,8.17,55905,494365,456744,-37621,3662,2.231,47.5,1.1,-8.236780341,0.002231021,286.8,60509.79192,0.139789474
SF13293,Telangana,Nalgonda,Pulses,Rabi,1.25,407,22.7,59.7,8.4,7.15,25.3,120.5,72.3,105,Drip,235.8,9.28,0.73,1.04,1.3,63273,102441,82255,-20186,406,3.202,31,1.04,-24.5407574,0.00320197,297.8,78800.76923,0.299354839
SF13294,Madhya Pradesh,Indore,Rice,Rabi,14.74,473.1,20.4,52.8,7.2,5.91,16.4,95.8,71.8,93.7,Flood,176.5,4.68,0.99,1.49,21.96,20995,979151,461050,-518101,31373,0.7,36.5,1.49,-112.374146,0.000699965,261.3,44587.9326,0.128219178
SF13295,Gujarat,Rajkot,Groundnut,Kharif,5.82,720,29.1,66.1,6.8,6.05,24.4,124.7,57.5,86.1,Flood,268.7,3.97,0.77,1.4,8.15,52551,439735,428291,-11444,3647,2.235,37.3,1.4,-2.672015055,0.002234713,268.3,53955.21472,0.106434316
SF13296,Madhya Pradesh,Indore,Groundnut,Kharif,2.41,967.8,21.4,63.1,6.2,6.4,26.7,125.7,54.5,106.9,Rainfed,109.9,5.27,0.98,1.52,3.66,42179,136152,154375,18223,718,5.097,55.1,1.52,11.80437247,0.005097493,287.1,37200,0.095644283
SF13297,Karnataka,Raichur,Chilli,Kharif,12.78,647.6,27.4,66.2,6.9,6.52,29.1,135.3,31,110.6,Sprinkler,126.8,5.26,0.91,2.73,34.89,84544,868531,2949740,2081209,7165,4.87,36.4,2.73,70.55567609,0.004869505,276.9,24893.40785,0.144505495
SF13298,Maharashtra,Nashik,Rice,Kharif,4.3,954.2,26.1,86.5,5.5,6.5,23.6,156.2,36.4,133.4,Flood,179.2,5.13,0.87,3.73,16.04,23596,267266,378480,111214,8536,1.879,53.5,3.73,29.38437962,0.0018791,326,16662.46883,0.09588785
SF13299,Maharashtra,Nashik,Wheat,Kharif,4.79,841.3,29.2,75.8,7.8,5.69,26,162.5,41.4,124.8,Flood,192.5,4.11,0.68,1.09,5.22,24459,328863,127676,-201187,2875,1.816,58.2,1.09,-157.5762085,0.001815652,328.7,63000.57471,0.070618557
SF13300,Madhya Pradesh,Indore,Chilli,Rabi,8.97,500.7,24,70.3,7.7,6.14,21.5,118.2,94.2,141.7,Drip,211.5,8.03,0.72,2.07,18.57,125699,617179,2334230,1717051,4558,4.074,32,2.07,73.55963208,0.004074155,354.1,33235.27194,0.2509375
SF13301,Telangana,Nalgonda,Wheat,Kharif,11.66,867.9,29.8,84.9,7.3,6.75,36.4,131.2,80.4,128.7,Sprinkler,229.4,8.03,0.95,4,46.64,20234,871570,943714,72144,6509,7.165,48.8,4,7.644688963,0.007165463,340.3,18687.17839,0.16454918
SF13302,Punjab,Ludhiana,Cotton,Rabi,5.89,297.7,27.8,63.2,7.9,7.24,21.3,163.7,43.6,143.2,Rainfed,265,5.82,0.71,1.04,6.13,58859,423672,360806,-62866,2345,2.614,39.8,1.04,-17.4237679,0.002614072,350.5,69114.51876,0.146231156
SF13303,Tamil Nadu,Erode,Chilli,Rabi,5.69,94.7,24.2,65.2,8.3,6.23,23.2,138,56.6,90.5,Flood,131,6.04,0.8,1.48,8.42,99819,409798,840476,430678,4479,1.88,37.1,1.48,51.24215326,0.001879884,285.1,48669.5962,0.162803235
SF13304,Gujarat,Rajkot,Chilli,Rabi,3.25,351.5,20.6,50.1,5.9,6.54,25.7,125.9,70.7,118.1,Flood,168.6,3.08,0.67,1.96,6.37,102483,237056,652817,415761,2232,2.854,48.7,1.96,63.68722016,0.002853943,314.7,37214.4427,0.063244353
SF13305,Tamil Nadu,Erode,Rice,Kharif,10.83,714.5,27.4,92.9,6.5,7.36,40,150.2,79.5,106.2,Sprinkler,144.2,4.72,0.86,2.78,30.11,19038,731670,573234,-158436,16298,1.847,49.3,2.78,-27.63897466,0.001847466,335.9,24299.90037,0.095740365
SF13306,Andhra Pradesh,Guntur,Pulses,Kharif,5.03,1314.5,30.6,72,9.4,6.87,27.8,134,51.4,128.6,Sprinkler,238.2,3.12,0.95,1.09,5.48,73580,325508,403218,77710,2107,2.601,69.7,1.09,19.27245311,0.002600854,314,59399.27007,0.044763271
SF13307,Andhra Pradesh,Krishna,Cotton,Rabi,0.7,731.7,22.3,69.7,7.1,6.8,19.7,141,83.9,84.6,Sprinkler,152.7,4.7,0.95,1.81,1.27,66564,45526,84536,39010,535,2.374,49.7,1.81,46.14602063,0.002373832,309.5,35847.24409,0.094567404
SF13308,Maharashtra,Nashik,Wheat,Rabi,4.02,176.4,24.1,64.7,8.6,6.5,25.9,138.9,72.6,85.8,Sprinkler,272.6,0.5,0.84,2.69,10.81,21124,248288,228350,-19938,2399,4.506,38.1,2.69,-8.731333479,0.004506044,297.3,22968.36263,0.01312336
SF13309,Karnataka,Raichur,Maize,Rabi,5.25,499.3,24.6,63.3,9.3,6.12,33.1,108.8,85.6,114.9,Drip,120.2,4.59,0.82,2.94,15.44,22575,338346,348558,10212,2152,7.175,54.1,2.94,2.929785,0.007174721,309.3,21913.60104,0.084842884
SF13310,Andhra Pradesh,Krishna,Chilli,Kharif,8.2,555.5,29.2,76.9,6.8,6.8,35.4,91.6,58.2,110.7,Flood,229.2,6.47,0.81,2.53,20.75,109803,581551,2278412,1696861,6936,2.992,37.6,2.53,74.47559967,0.002991638,260.5,28026.55422,0.172074468
SF13311,Tamil Nadu,Erode,Cotton,Rabi,9.5,166.7,23,69.1,8.9,6.94,21.5,97.6,68.5,85.2,Rainfed,252.4,6.67,0.96,1.07,10.17,79313,723371,806613,83242,3952,2.573,33.1,1.07,10.31994277,0.002573381,251.3,71127.92527,0.201510574
SF13312,Karnataka,Raichur,Rice,Rabi,0.88,494,22.1,50,6.8,8.4,23.7,139.4,51.2,112.3,Rainfed,152.5,1.65,0.8,0.3,0.26,23489,57344,6107,-51237,817,0.318,54.8,0.3,-838.9880465,0.000318237,302.9,220553.8462,0.030109489
SF13313,Punjab,Ludhiana,Groundnut,Kharif,13.18,780.9,29.2,70.2,6.5,7.01,38.2,85.3,63.4,112.7,Drip,235.2,2.52,0.97,2.27,29.92,55836,895427,1670613,775186,5277,5.67,67.1,2.27,46.40129102,0.005669888,261.4,29927.37299,0.037555887
SF13314,Tamil Nadu,Erode,Maize,Kharif,2.51,837.9,31.5,80.1,6.1,6.05,28,149.5,93.6,85,Rainfed,314.3,4.74,0.82,2.31,5.8,19645,180132,113941,-66191,837,6.93,49.5,2.31,-58.09234604,0.00692951,328.1,31057.24138,0.095757576
SF13315,Karnataka,Raichur,Rice,Rabi,7.71,609.7,24.7,50.4,7.6,5.21,19.3,73,53.1,125.3,Sprinkler,179.2,7.99,0.82,0.3,2.31,21481,547568,49621,-497947,10628,0.217,45.5,0.3,-1003.500534,0.00021735,251.4,237042.4242,0.175604396
SF13316,Andhra Pradesh,Guntur,Wheat,Kharif,10.21,873.5,26.6,81,8.1,7.64,29.6,76.7,50.1,103.9,Drip,75.1,5.47,0.74,1.25,12.76,24471,615113,312250,-302863,4848,2.632,43.9,1.25,-96.993755,0.002632013,230.7,48206.34796,0.124601367
SF13317,Tamil Nadu,Erode,Chilli,Rabi,11.18,265.7,27.7,57.8,9.2,5.48,34.9,108.7,53,172.7,Drip,177.2,3.6,0.87,0.36,4.02,110562,712212,444459,-267753,7287,0.552,47.5,0.36,-60.24245206,0.000551667,334.4,177167.1642,0.075789474
SF13318,Telangana,Nalgonda,Rice,Kharif,7.22,714.7,27.2,82.3,8.4,6.62,31.2,122.3,34,72.7,Drip,172.3,10.21,0.8,4.28,30.9,25254,521495,780349,258854,9853,3.136,31.6,4.28,33.17156811,0.003136101,229,16876.86084,0.323101266
SF13319,Maharashtra,Nashik,Maize,Zaid,14.36,314.6,34.4,61.5,8.4,5.98,26.4,111.3,77.7,124.2,Drip,370.4,4.1,0.82,1.33,19.1,24911,1227591,475800,-751791,7422,2.573,59.1,1.33,-158.0056747,0.00257343,313.2,64271.7801,0.069373942
SF13320,Tamil Nadu,Erode,Pulses,Kharif,13.96,867.1,23.4,71.9,7.2,7.65,32.1,168.4,41.5,125.5,Sprinkler,200.5,1.14,0.93,0.51,7.12,77778,907101,553779,-353322,5618,1.267,57.6,0.51,-63.80198599,0.001267355,335.4,127401.8258,0.019791667
SF13321,Telangana,Warangal,Wheat,Rabi,14.86,597.2,26.4,68.2,6.3,7.04,28,79.1,56.3,94.5,Sprinkler,258.1,3.92,0.9,2.66,39.53,25484,912475,1007383,94908,7268,5.439,51.4,2.66,9.421242963,0.00543891,229.9,23083.10144,0.076264591
SF13322,Telangana,Warangal,Wheat,Kharif,7.29,563.9,33,74.7,8,6.05,39.3,138.5,52,124.7,Flood,103.6,3.65,0.86,1.91,13.92,24818,412481,345467,-67014,5912,2.355,63.5,1.91,-19.39809012,0.002354533,315.2,29632.25575,0.057480315
SF13323,Tamil Nadu,Erode,Chilli,Kharif,4.53,534.5,27.9,71.8,6.2,7.12,29.8,92.9,83.5,89.9,Rainfed,213.7,4.66,0.81,1.97,8.92,92081,248799,821363,572564,1456,6.126,41,1.97,69.70900808,0.006126374,266.3,27892.26457,0.113658537
SF13324,Telangana,Nalgonda,Groundnut,Rabi,8.19,717.9,20.9,55.4,7.2,7.14,25.4,111.3,37.8,113.5,Rainfed,271.1,1,0.97,1.53,12.53,62063,555302,777649,222347,2059,6.085,56.7,1.53,28.59220548,0.006085478,262.6,44317.79729,0.017636684
SF13325,Andhra Pradesh,Guntur,Groundnut,Zaid,12.63,332.4,30.1,53.1,8.4,6.9,19.5,100.4,54,105.8,Drip,199.3,6.35,0.7,1.33,16.8,55965,894917,940212,45295,5484,3.063,40.4,1.33,4.817530514,0.003063457,260.2,53268.86905,0.157178218
SF13326,Punjab,Ludhiana,Pulses,Zaid,13.23,547.4,30.1,48.5,7.8,6.17,20.8,67.5,61.2,112.6,Sprinkler,263.4,4.4,0.78,0.83,10.98,74887,1063587,822259,-241328,5011,2.191,47.8,0.83,-29.34938991,0.002191179,241.3,96865.84699,0.092050209
SF13327,Telangana,Warangal,Pulses,Kharif,12.83,949.5,29.9,75.6,7,7.46,25.4,177.2,68.8,125.3,Drip,178.3,5.53,0.73,0.76,9.75,67555,975305,658661,-316644,4455,2.189,55.4,0.76,-48.07389537,0.002188552,371.3,100031.2821,0.099819495
SF13328,Madhya Pradesh,Indore,Rice,Kharif,11.66,885.7,22.7,72,5.7,6.88,30,140.5,39.6,110.7,Drip,272.1,3.85,0.88,3.52,41.04,18418,775163,755875,-19288,15287,2.685,59.7,3.52,-2.551744667,0.002684634,290.8,18887.98733,0.064489112
SF13329,Punjab,Ludhiana,Rice,Kharif,13.45,473.6,27.5,69.1,6.2,6.78,21.7,85.6,40.7,72.6,Rainfed,206.5,5.99,0.77,2.85,38.33,21231,911022,813784,-97238,8658,4.427,44.3,2.85,-11.94887095,0.004427119,198.9,23767.85807,0.135214447
SF13330,Telangana,Nalgonda,Rice,Kharif,8.26,878.8,27.9,69.9,7.2,6.7,25.1,148.4,89.4,83.2,Drip,264,3.27,0.79,4.59,37.91,21746,580352,824391,244039,10700,3.543,54.3,4.59,29.60233676,0.003542991,321,15308.67845,0.060220994
SF13331,Gujarat,Rajkot,Sugarcane,Zaid,8.9,80,32.2,33.8,8,7.57,11.9,149.8,29.4,63.6,Flood,126.1,3.37,0.92,17.62,156.82,3178,491663,498374,6711,16672,9.406,38.8,17.62,1.346579075,0.00940619,242.8,3135.205969,0.08685567
SF13332,Gujarat,Rajkot,Pulses,Rabi,10.33,861.8,24.1,56.6,6.9,7.32,22.6,128,53,104.8,Flood,154.9,4.9,0.75,0.87,8.99,68278,582358,613819,31461,4551,1.975,42.4,0.87,5.125452291,0.00197539,285.8,64778.42047,0.115566038
SF13333,Telangana,Warangal,Wheat,Zaid,7.1,238.7,29.4,34.5,8.4,5.99,13.3,101.6,71.9,115.5,Rainfed,194.3,5.02,0.91,0.91,6.46,21104,370475,136332,-234143,1515,4.264,28.4,0.91,-171.7447114,0.004264026,289,57349.07121,0.176760563
SF13334,Madhya Pradesh,Indore,Cotton,Zaid,4.77,448.4,30.3,50.4,8.1,7.23,10,114.1,58,99.9,Rainfed,240.7,6.18,0.94,0.88,4.2,68120,392280,286104,-106176,1900,2.211,40.3,0.88,-37.11098062,0.002210526,272,93400,0.153349876
SF13335,Punjab,Ludhiana,Maize,Rabi,11.12,173,28.4,40.3,7.4,6.9,24.6,89.6,65.7,79,Rainfed,283.6,4.21,0.73,2.71,30.14,19669,729766,592824,-136942,2884,10.451,32.5,2.71,-23.09994197,0.010450763,234.3,24212.54147,0.129538462
SF13336,Telangana,Nalgonda,Cotton,Zaid,7.97,318.9,31,52.6,9.6,6.69,24.5,178.6,77,130.4,Drip,139.8,5.36,0.7,1.4,11.16,66280,462755,739685,276930,4434,2.517,34.4,1.4,37.43890981,0.002516915,386,41465.50179,0.155813953
SF13337,Telangana,Warangal,Groundnut,Rabi,11.39,571.9,20.9,70.3,8.4,7.31,16.7,87,57.9,75.9,Flood,162.7,3.07,0.92,1.07,12.19,54980,694087,670206,-23881,8191,1.488,52.9,1.07,-3.563232797,0.001488219,220.8,56939.0484,0.058034026
SF13338,Karnataka,Raichur,Cotton,Kharif,4.81,745.5,29,82.5,7,6.5,34.5,111.2,70.9,109.8,Flood,147.2,7.89,0.86,2.07,9.96,59978,281573,597381,315808,4330,2.3,49.7,2.07,52.86542424,0.002300231,291.9,28270.38153,0.158752515
SF13339,Punjab,Ludhiana,Wheat,Kharif,7.19,966.1,31.4,66.7,6.5,5.64,35.5,118,58.6,125.6,Flood,134,6.59,0.66,0.81,5.82,29080,434982,169246,-265736,5309,1.096,48.6,0.81,-157.0116871,0.001096252,302.2,74739.17526,0.135596708
SF13340,Tamil Nadu,Erode,Wheat,Kharif,12.2,948.5,31,51.6,8.2,5.86,32.4,96.7,41.7,106.7,Sprinkler,103.2,4.85,0.82,1.04,12.69,25272,686720,320702,-366018,6491,1.955,44.9,1.04,-114.1302518,0.001955015,245.1,54115.05122,0.108017817
SF13341,Telangana,Nalgonda,Chilli,Kharif,4.36,892.6,25.6,73.5,3.5,7.34,28.2,102.2,70.2,80.9,Drip,138.1,5.6,1,2.05,8.94,114302,320682,1021860,701178,2294,3.897,62.4,2.05,68.61781457,0.003897123,253.3,35870.4698,0.08974359
SF13342,Punjab,Ludhiana,Pulses,Kharif,5.48,790.6,26.9,80.6,6.9,7.16,25.6,66.6,28.7,91.2,Rainfed,143.6,5.78,0.98,1.04,5.7,78589,340759,447957,107198,1211,4.707,50.3,1.04,23.93042189,0.004706854,186.5,59782.2807,0.114910537
SF13343,Andhra Pradesh,Krishna,Maize,Kharif,1.69,726.2,33.7,69.1,6.5,7.51,25.2,108.3,61.3,131.2,Rainfed,261,7.43,0.88,1.77,2.99,21456,96256,64153,-32103,483,6.19,52.2,1.77,-50.0413075,0.006190476,300.8,32192.64214,0.142337165
SF13344,Andhra Pradesh,Krishna,Wheat,Kharif,5.89,847.3,30.1,66.1,8.4,6.43,29,101,57.7,102.8,Drip,213.1,6.66,0.89,3.19,18.79,25283,399836,475068,75232,3023,6.216,46.1,3.19,15.83604873,0.00621568,261.5,21279.19106,0.144468547
SF13345,Andhra Pradesh,Krishna,Sugarcane,Kharif,10.19,976.9,26.6,59.4,8,6.12,33.6,67.3,49.5,146.9,Drip,249.4,6.24,0.66,45.27,461.3,3688,643945,1701274,1057329,18809,24.525,37.3,45.27,62.14924815,0.024525493,263.7,1395.9354,0.167292225
SF13346,Punjab,Ludhiana,Cotton,Rabi,2.45,271.7,22.5,62.3,6.8,5.71,22.2,98.6,61.4,103.8,Flood,283.3,6.29,0.9,0.4,0.98,67626,180006,66273,-113733,1923,0.51,30.2,0.4,-171.612874,0.00050962,263.8,183679.5918,0.208278146
SF13347,Andhra Pradesh,Guntur,Maize,Kharif,5.83,748.3,29.5,69.9,5.9,6.83,31.3,101.3,38.1,106.1,Rainfed,169.8,0.67,0.92,3.83,22.33,18391,388213,410671,22458,1838,12.149,70.8,3.83,5.468611127,0.012149075,245.5,17385.26646,0.009463277
SF13348,Andhra Pradesh,Guntur,Groundnut,Zaid,9.73,123.8,26.6,35,7.9,5.59,17.9,171.6,75.6,50.6,Rainfed,209.3,6.9,0.65,0.32,3.11,43633,593473,135699,-457774,3021,1.029,25.8,0.32,-337.3451536,0.00102946,297.8,190827.3312,0.26744186
SF13349,Tamil Nadu,Erode,Chilli,Zaid,3.88,294.5,35.1,36.6,8.3,7.51,17.4,147.8,72.8,117.7,Flood,211.9,3.42,0.72,0.74,2.87,128238,236417,368043,131626,3516,0.816,38,0.74,35.76375587,0.000816268,338.3,82375.26132,0.09
SF13350,Punjab,Ludhiana,Groundnut,Rabi,4.02,559.3,26.3,75.3,8.2,6.55,20.8,133.5,37,92.8,Rainfed,274.3,3.52,0.87,1.81,7.28,49784,275883,362428,86545,874,8.33,54.6,1.81,23.87922567,0.008329519,263.3,37896.01648,0.064468864
SF13351,Telangana,Nalgonda,Cotton,Rabi,3.26,928.1,26,60.1,6.7,6.4,20.4,109.7,74.1,60.8,Rainfed,248.1,6.93,0.67,1.45,4.73,71010,226019,335877,109858,1274,3.713,57.3,1.45,32.70780673,0.003712716,244.6,47784.14376,0.120942408
SF13352,Tamil Nadu,Erode,Groundnut,Kharif,5.37,1209.3,29.5,78.7,6.6,6.65,29.1,64.1,65.3,156,Flood,132.3,4.5,0.88,1.46,7.84,60054,387984,470823,82839,3217,2.437,82.8,1.46,17.59451004,0.002437053,285.4,49487.7551,0.054347826
SF13353,Telangana,Nalgonda,Sugarcane,Kharif,5.03,991.1,29,72.4,6,7.31,24.6,94.9,54.3,108.8,Flood,220.4,3.3,0.68,36.25,182.34,2909,414961,530427,115466,12586,14.488,62.8,36.25,21.76849972,0.014487526,258,2275.754086,0.052547771
SF13354,Tamil Nadu,Erode,Rice,Kharif,13.16,947,28,68.8,7.4,7.24,30.8,100.6,56.4,101.9,Flood,298.9,1.84,0.71,2.18,28.69,24424,1034385,700725,-333660,29678,0.967,67.1,2.18,-47.6163973,0.000966709,258.9,36053.85152,0.027421759
SF13355,Madhya Pradesh,Indore,Wheat,Rabi,12.54,599.7,25.2,61.6,7,6.4,28.1,122.1,64.8,104.1,Sprinkler,202.7,5.41,0.89,3.11,39,21387,811870,834093,22223,6582,5.925,42.2,3.11,2.664331196,0.005925251,291,20817.17949,0.128199052
SF13356,Telangana,Warangal,Chilli,Rabi,13.58,293.8,24.7,63.8,7.2,5.56,20.1,127.5,62.8,90.2,Sprinkler,98,4.41,0.67,0.47,6.38,115567,702185,737317,35132,7969,0.801,45.2,0.47,4.764843344,0.000800602,280.5,110060.3448,0.097566372
SF13357,Gujarat,Rajkot,Pulses,Kharif,15,1045.2,29.5,83.5,6.8,6.18,27.2,161.4,84.2,119,Flood,254.7,6.01,0.67,0.97,14.55,70265,1139207,1022356,-116851,6512,2.234,67.3,0.97,-11.4295803,0.002234337,364.6,78296.01375,0.089301634
SF13358,Telangana,Warangal,Chilli,Kharif,5.98,982.9,26.3,78.7,7,6.37,25.1,152.5,62.2,124.8,Flood,141.8,7.12,0.68,2.09,12.5,96820,336459,1210250,873791,4541,2.753,47.2,2.09,72.19921504,0.002752698,339.5,26916.72,0.150847458
SF13359,Madhya Pradesh,Indore,Groundnut,Kharif,9.13,809.2,27.4,83.8,7.6,8.2,25,148.8,67.7,84.9,Flood,105.5,5.14,0.7,0.3,2.74,53638,580703,146968,-433735,5074,0.54,55.3,0.3,-295.1220674,0.000540008,301.4,211935.4015,0.092947559
SF13360,Gujarat,Rajkot,Wheat,Rabi,9.42,514.2,23.8,58.1,5.8,5.67,26.1,132.2,45.3,76.5,Drip,139.4,4.53,0.89,1.02,9.61,27040,540792,259854,-280938,4761,2.018,45.7,1.02,-108.113787,0.002018484,254,56273.88137,0.099124726
SF13361,Madhya Pradesh,Indore,Pulses,Kharif,2.27,707.5,27.5,74.7,6,6.02,33.5,145.5,44.8,102.5,Rainfed,151.9,3.5,0.93,0.84,1.91,69955,148219,133614,-14605,466,4.099,54.5,0.84,-10.93074079,0.004098712,292.8,77601.57068,0.064220183
SF13362,Madhya Pradesh,Indore,Groundnut,Rabi,0.95,369.7,25.4,43,7.9,6.89,28,104.5,62,85.1,Rainfed,199.1,3.72,0.84,1.63,1.55,53752,70060,83316,13256,289,5.363,36.4,1.63,15.91050939,0.005363322,251.6,45200,0.102197802
SF13363,Tamil Nadu,Erode,Rice,Kharif,7.52,921.1,29.9,67.4,6.3,6.72,36.9,83.9,35.5,76.4,Flood,129,7.05,0.93,2.93,22.03,21774,446643,479681,33038,14221,1.549,55.1,2.93,6.88749398,0.001549118,195.8,20274.30776,0.127949183
SF13364,Gujarat,Rajkot,Cotton,Kharif,14.98,973.5,34.6,66.6,6.7,5.81,29.5,115.9,61.5,103.5,Flood,143.7,4.93,0.93,0.6,8.99,53367,930014,479769,-450245,14285,0.629,43.6,0.6,-93.84620515,0.000629331,280.9,103449.8331,0.113073394
SF13365,Gujarat,Rajkot,Sugarcane,Rabi,4.39,575.9673418,22.8,58.1,8.5,5.2,32.9,88.6,44.6,126.4,Sprinkler,202.3,4.32,0.85,3.39,14.88,3376,333351,50235,-283116,8738,1.703,41.9,3.39,-563.5831592,0.001702907,259.6,22402.62097,0.103102625
SF13366,Telangana,Nalgonda,Maize,Rabi,8.86,655.5,22.6,53.1,9.4,6.63,28.3,134.8,70.3,70.7,Drip,130.3,4.96,0.66,4.28,37.92,22502,559103,853276,294173,5134,7.386,35.4,4.28,34.47571477,0.007386054,275.8,14744.27743,0.140112994
SF13367,Telangana,Nalgonda,Cotton,Rabi,0.8,154.4,22.7,57.8,8.2,5.22,23.9,77.3,15,87,Rainfed,149.1,3.76,0.84,0.3,0.24,67169,53653,16121,-37532,289,0.83,30.9,0.3,-232.8143415,0.00083045,179.3,223554.1667,0.121682848
SF13368,Karnataka,Raichur,Maize,Rabi,9.38,274.2,26.1,40.4,5.7,7.42,18.6,78.8,76.6,121,Rainfed,148.4,3.74,0.84,1.5,14.07,20183,506997,283975,-223022,3434,4.097,42,1.5,-78.5357866,0.004097263,276.4,36033.90192,0.089047619
SF13369,Andhra Pradesh,Krishna,Sugarcane,Kharif,7.37,766.4,27.4,82.1,6.6,6.33,27.6,115.9,50.3,119.4,Rainfed,185.7,8.39,1,61.09,450.23,3022,440595,1360595,920000,5642,79.8,42.8,61.09,67.61747618,0.079799716,285.6,978.5998268,0.196028037
SF13370,Madhya Pradesh,Indore,Wheat,Kharif,8.78,723.2,30.2,73.9,8.3,5.61,33.5,96.2,66.6,90.7,Drip,140.7,6.51,0.66,0.87,7.64,20953,569197,160081,-409116,4402,1.736,52.4,0.87,-255.5681186,0.001735575,253.5,74502.22513,0.124236641
SF13371,Tamil Nadu,Erode,Pulses,Kharif,6.77,1022.1,29.3,71,6.7,6,33.4,125.9,64.8,86.2,Rainfed,323.5,6.72,0.91,0.65,4.4,69585,599773,306174,-293599,1275,3.451,43.8,0.65,-95.89285831,0.00345098,276.9,136312.0455,0.153424658
SF13372,Gujarat,Rajkot,Pulses,Rabi,11.62,476,24.3,74.1,7.6,7.46,17.7,183,62.1,126.3,Rainfed,70.5,3.03,0.68,0.67,7.79,67580,701835,526448,-175387,2092,3.724,54.5,0.67,-33.31516123,0.003723709,371.4,90094.35173,0.05559633
SF13373,Telangana,Warangal,Rice,Kharif,1.13,661.2,28.4,64.1,5.6,6.83,25.4,120.6,36.3,102,Sprinkler,207.9,5.58,0.86,4.07,4.6,25346,69363,116592,47229,1567,2.936,54.2,4.07,40.50792507,0.002935546,258.9,15078.91304,0.10295203
SF13374,Telangana,Warangal,Rice,Zaid,7.45,118.9,26.8,55,8.4,6.2,17.7,135.5,84.5,140,Sprinkler,204.6,9.62,0.85,2.27,16.91,23063,450439,389995,-60444,10032,1.686,22.8,2.27,-15.49866024,0.001685606,360,26637.43347,0.421929825
SF13375,Maharashtra,Nashik,Rice,Kharif,5.31,1024.7,27.9,90.3,6.9,7.17,32.4,150.2,32.3,78.4,Drip,251.9,5.9,0.92,2.8,14.87,19242,401388,286129,-115259,5511,2.698,53.8,2.8,-40.28218042,0.00269824,260.9,26993.14055,0.109665428
SF13376,Telangana,Nalgonda,Chilli,Rabi,4.64,779.6,25.8,56.8,8.4,7.56,20.8,127.3,55.9,54,Flood,215.3,8.42,0.79,1.2,5.57,92308,352306,514156,161850,3617,1.54,30.3,1.2,31.47877298,0.00153995,237.2,63250.62837,0.277887789
SF13377,Tamil Nadu,Erode,Chilli,Kharif,8.91,552.6,29.8,74.8,5.7,6.31,38.1,163.1,51.7,116.9,Drip,198.3,5.21,1,2.29,20.4,96213,575253,1962745,1387492,4839,4.216,52.3,2.29,70.69140413,0.004215747,331.7,28198.67647,0.099617591
SF13378,Andhra Pradesh,Guntur,Wheat,Rabi,1.98,80,19,44.7,8.4,6.68,18.7,136.7,47.4,139.4,Rainfed,167,7.02,0.72,1.7,3.37,26539,129187,89436,-39751,654,5.153,21.1,1.7,-44.44630797,0.005152905,323.5,38334.42136,0.332701422
SF13379,Karnataka,Raichur,Groundnut,Kharif,13.52,1061,24.5,72.5,4.5,6.27,31.3,59.3,44.9,106.9,Drip,235.8,8.19,0.91,1.4,18.93,62364,1168509,1180551,12042,5931,3.192,53.4,1.4,1.020032171,0.003191705,211.1,61727.89223,0.153370787
SF13380,Andhra Pradesh,Krishna,Rice,Kharif,7.07,685.1,27.5,81.1,7.1,8.29,36.2,131.2,41.3,72.4,Sprinkler,72.8,5.31,0.89,0.3,2.12,22454,443186,47602,-395584,10828,0.196,43.6,0.3,-831.0239066,0.000195789,244.9,209050,0.121788991
SF13381,Karnataka,Raichur,Wheat,Rabi,13.49,523.9,19.9,58.8,8,6.17,23.3,101.2,62.5,143.7,Drip,215.5,5.83,0.67,1.71,23.07,26660,928966,615046,-313920,5548,4.158,35.2,1.71,-51.04008481,0.004158255,307.4,40267.27352,0.165625
SF13382,Maharashtra,Nashik,Pulses,Rabi,5.18,411.7,24,54.6,7.2,7.66,26.6,149.4,19.5,87.1,Drip,175.4,4.31,0.67,0.44,2.28,57615,301061,131362,-169699,1353,1.685,32.9,0.44,-129.184239,0.001685144,256,132044.2982,0.13100304
SF13383,Madhya Pradesh,Indore,Wheat,Kharif,1.27,710.4,32.1,72.1,7.1,6.9,35.7,140.1,71.2,101.7,Rainfed,245,4.84,0.71,2.82,3.58,25454,83343,91125,7782,400,8.95,49.3,2.82,8.539917695,0.00895,313,23280.1676,0.098174442
SF13384,Madhya Pradesh,Indore,Wheat,Zaid,10.09,596,29.7,69.7,7.5,6.26,17.9,112.8,57.2,112.7,Sprinkler,40,1.72,0.7,2.81,28.35,20275,581789,574796,-6993,5833,4.86,59.3,2.81,-1.216605544,0.004860278,282.7,20521.65785,0.029005059
SF13385,Telangana,Warangal,Chilli,Rabi,8.46,575.4,25.8,45.8,8.1,5.7,21.6,93.2,85.2,130.8,Rainfed,156.7,4.44,0.9,0.67,5.67,105175,430330,596342,166012,2696,2.103,34.3,0.67,27.83838804,0.002103116,309.2,75895.94356,0.129446064
SF13386,Andhra Pradesh,Guntur,Maize,Kharif,8.05,637.2,30.8,77.3,6.2,7.04,32.3,70.8,77.9,124.5,Flood,220,6.12,0.99,3.44,27.69,21026,497954,582210,84256,6240,4.438,28.3,3.44,14.47175418,0.0044375,273.2,17983.17082,0.216254417
SF13387,Karnataka,Raichur,Wheat,Zaid,8.52,251.1,28.4,49.8,9.4,6.98,12.9,103.3,51.8,103.5,Flood,126.1,5.28,1,2.19,18.66,25913,602658,483537,-119121,5143,3.628,42.6,2.19,-24.63534331,0.003628233,258.6,32296.78457,0.123943662
SF13388,Tamil Nadu,Erode,Maize,Rabi,10.1,148.4,24.8,66.2,6.3,6.71,28.4,104.4,77.4,84.8,Drip,155.7,3.24,0.79,3.69,37.27,22853,758154,851731,93577,4798,7.768,38,3.69,10.98668476,0.00776782,266.6,20342.20553,0.085263158
SF13389,Telangana,Warangal,Pulses,Rabi,2.91,529.8,23.3,46.6,8.6,5.67,24.9,138.4,77.8,87,Rainfed,204.4,4.17,0.88,0.36,1.05,76284,201162,80098,-121064,552,1.902,47,0.36,-151.1448476,0.001902174,303.2,191582.8571,0.088723404
SF13390,Karnataka,Raichur,Wheat,Kharif,7.37,712.4,25.7,63.2,7.4,6.46,33.3,75,59.2,59.6,Sprinkler,58.9,3.78,0.87,3.26,24.03,22049,430252,529837,99585,3967,6.057,52.3,3.26,18.79540311,0.006057474,193.8,17904.78568,0.072275335
SF13391,Gujarat,Rajkot,Sugarcane,Rabi,10.21,340.3,25.3,43.1,8.8,7.36,28.8,160.3,43.8,96.7,Sprinkler,177.3,5.73,0.82,41.4,422.69,3295,666363,1392764,726401,15686,26.947,31.6,41.4,52.15535439,0.026946959,300.8,1576.481582,0.181329114
SF13392,Andhra Pradesh,Guntur,Groundnut,Kharif,1.17,1020.8,30.7,67.6,5.2,6.66,40.3,86.1,52.8,59,Sprinkler,267.3,5.75,0.96,1.5,1.76,61781,82096,108735,26639,704,2.5,56.8,1.5,24.49901136,0.0025,197.9,46645.45455,0.101232394
SF13393,Madhya Pradesh,Indore,Groundnut,Kharif,12.19,655.6,28.5,74.5,7.8,6.76,27.8,104.7,65.2,107.3,Flood,234.3,0.5,0.88,2.28,27.79,57376,674340,1594479,920139,8551,3.25,61.6,2.28,57.70781553,0.003249912,277.2,24265.56315,0.008116883
SF13394,Maharashtra,Nashik,Rice,Rabi,4.85,423.5,22.9,68.7,7.4,6.41,26.3,156.3,60.9,105.9,Rainfed,236.5,4.52,0.84,2.86,13.87,21995,362537,305071,-57466,3364,4.123,32.5,2.86,-18.83692649,0.004123068,323.1,26138.21197,0.139076923
SF13395,Tamil Nadu,Erode,Wheat,Kharif,13.41,634.3,25.2,77.8,7.5,5.2,27.5,117.5,62.3,112.6,Flood,272.4,5.33,0.85,0.3,4.02,24787,1063040,99644,-963396,9139,0.44,44.8,0.3,-966.8379431,0.000439873,292.4,264437.8109,0.118973214
SF13396,Madhya Pradesh,Indore,Cotton,Kharif,12.45,627.7,33.2,74.7,8.1,6.7,33.2,170.2,25.1,103.3,Flood,119.9,3.39,0.83,1.96,24.4,73221,788879,1786592,997713,9800,2.49,60.9,1.96,55.84447932,0.002489796,298.6,32331.10656,0.055665025
SF13397,Telangana,Nalgonda,Maize,Rabi,10.62,483.1,24.7,65.1,7.3,7.04,26.7,162.6,56.1,148.8,Flood,159.3,7.95,0.9,3.96,42.06,19297,721664,811632,89968,8142,5.166,31.5,3.96,11.08482662,0.005165807,367.5,17157.96481,0.252380952
SF13398,Telangana,Nalgonda,Rice,Kharif,5.31,744.4,30.6,56.6,7.8,6.9,34.6,119.9,77.4,123.7,Drip,139.9,3.7,0.8,4.42,23.47,19820,420531,465175,44644,7568,3.101,48.5,4.42,9.597248347,0.003101216,321,17917.80997,0.07628866
SF13399,Tamil Nadu,Erode,Pulses,Zaid,10.01,80,30.8,57.8,8.7,6.77,23.3,119.5,25.5,123.5,Drip,199.1,6.93,0.77,0.88,8.81,76630,732559,675110,-57449,2998,2.939,28.2,0.88,-8.509576217,0.002938626,268.5,83150.85131,0.245744681
SF13400,Karnataka,Raichur,Groundnut,Zaid,7.72,524.4,27.8,46.5,8.5,7.16,22.8,113.7,73.9,76,Flood,215.2,6.28,0.88,1.47,11.35,46542,512011,528252,16241,4371,2.597,40.2,1.47,3.074479604,0.00259666,263.6,45111.10132,0.156218905
SF13401,Telangana,Warangal,Chilli,Zaid,11.76,628.4222488,27.2,53.2,8.6,7.32,18.5,127.9,49.1,176.7,Rainfed,198,6.38,0.67,1.62,19.05,98294,670282,1872501,1202219,3551,5.365,44.2,1.62,64.20391765,0.005364686,353.7,35185.40682,0.144343891
SF13402,Gujarat,Rajkot,Rice,Kharif,4.57,920.7,30,62.4,5.8,6.31,28.8,76.9,40.2,121.1,Rainfed,254.8,3.77,0.9,2.41,11.01,22810,294838,251138,-43700,3931,2.801,55.1,2.41,-17.4007916,0.002800814,238.2,26779.1099,0.068421053
SF13403,Telangana,Warangal,Pulses,Kharif,13.67,581.8,31,62,6.6,6.17,30.9,109.6,95.4,134.4,Flood,229.3,1.22,0.91,1.13,15.45,76700,865586,1185015,319429,5717,2.702,60,1.13,26.95569254,0.002702466,339.4,56024.98382,0.020333333
SF13404,Gujarat,Rajkot,Rice,Kharif,4.52,858.5,23.7,72.6,5.6,6.22,32.6,158,40.2,136.5,Flood,140.5,5.94,0.75,3.21,14.51,24128,286399,350097,63698,9573,1.516,62.7,3.21,18.19438613,0.001515721,334.7,19738.04273,0.094736842
SF13405,Telangana,Nalgonda,Pulses,Kharif,4.89,866.8,28.6,63.1,5.3,7.05,30.3,139.7,69.9,87.7,Rainfed,195.9,8.69,0.79,1.25,6.11,69233,401125,423014,21889,1026,5.955,32.4,1.25,5.174533231,0.005955166,297.3,65650.57283,0.268209877
SF13406,Maharashtra,Nashik,Wheat,Rabi,11.56,690.1,23.9,49,7.5,8.07,26.4,164.9,46,84,Flood,71.9,5.9,0.81,0.31,3.58,20601,835670,73752,-761918,6890,0.52,41.7,0.31,-1033.081137,0.000519594,294.9,233427.3743,0.141486811
SF13407,Punjab,Ludhiana,Pulses,Kharif,9.94,756.8,24.5,74.4,5.6,6.34,30.3,122.9,56.9,119.6,Drip,310.6,7.82,0.88,1.45,14.41,68190,691701,982618,290917,3602,4.001,51.7,1.45,29.606317,0.004000555,299.4,48001.45732,0.151257253
SF13408,Gujarat,Rajkot,Sugarcane,Kharif,12.03,723.3,24.3,72.1,4.8,6.84,38,115.9,82.9,120.7,Rainfed,165.5,3.59,0.93,63.71,766.43,3823,828786,2930062,2101276,10174,75.332,54.3,63.71,71.71438693,0.075332219,319.5,1081.359028,0.06611418
SF13409,Maharashtra,Nashik,Cotton,Rabi,11.79,721.8,24.1,57.3,5.1,6.78,20.1,106,49.5,92.2,Flood,260.5,9.5,0.7,1.58,18.63,72958,968359,1359208,390849,10220,1.823,36.6,1.58,28.75564299,0.001822896,247.7,51978.47558,0.259562842
SF13410,Karnataka,Raichur,Sugarcane,Rabi,14.34,269,22.5,58.6,8.6,6.03,23.7,155.6,59,32.9,Sprinkler,93.2,5.62,0.67,33.4,478.96,3915,913988,1875128,961140,28986,16.524,31.4,33.4,51.25730083,0.016523839,247.5,1908.276265,0.178980892
SF13411,Karnataka,Raichur,Cotton,Kharif,0.74,1109.9,29.6,82.2,6.4,5.72,36.1,83.7,52.3,67.2,Flood,291.3,6.11,0.85,0.46,0.34,61476,57144,20902,-36242,789,0.431,53.8,0.46,-173.3901062,0.000430925,203.2,168070.5882,0.113568773
SF13412,Gujarat,Rajkot,Sugarcane,Zaid,10.96,624.5,27.1,64.8,8.9,6.49,23.7,56.9,75.1,90.2,Drip,177.4,2.41,0.86,59.9,656.5,3548,643754,2329262,1685508,17347,37.845,63.6,59.9,72.36231905,0.037845161,222.2,980.58492,0.037893082
SF13413,Madhya Pradesh,Indore,Cotton,Rabi,2.99,519,25.9,68.5,8,6.52,21.1,170.1,49.1,144.7,Flood,229.4,4.9,0.87,1.68,5.02,58778,193845,295066,101221,2481,2.023,35.9,1.68,34.30452848,0.002023378,363.9,38614.54183,0.136490251
SF13414,Telangana,Warangal,Sugarcane,Zaid,14.12,166.7,31.8,41.9,10.6,6.72,21.5,125.2,65.5,131.4,Rainfed,127.5,9.09,0.69,36.87,520.6,2858,927632,1487875,560243,14636,35.57,26.5,36.87,37.65390238,0.035569828,322.1,1781.85171,0.343018868
SF13415,Maharashtra,Nashik,Groundnut,Rabi,10.83,449.3,25.4,49.2,7.8,6.39,31.3,189.8,62.4,113.4,Rainfed,114.6,11.23,0.95,1.83,19.82,60951,859081,1208049,348968,2870,6.906,22.2,1.83,28.88690773,0.006905923,365.6,43344.14733,0.505855856
SF13416,Andhra Pradesh,Guntur,Rice,Rabi,6.37,361.5,23.5,59.6,7.2,6.39,23.2,73.6,66.5,40,Drip,183,6.36,0.73,2.96,18.86,24284,433206,457996,24790,7989,2.361,27.9,2.96,5.412711028,0.002360746,180.1,22969.56522,0.227956989
SF13417,Punjab,Ludhiana,Pulses,Rabi,4.63,633,25.1,59,7.5,7.48,26.4,99.6,52,101.5,Flood,308.7,6.15,0.66,0.69,3.19,80546,335601,256942,-78659,2289,1.394,37,0.69,-30.61352367,0.001393622,253.1,105204.0752,0.166216216
SF13418,Madhya Pradesh,Indore,Sugarcane,Kharif,2.3,758.2,29.7,69.3,7.6,6.5,29.1,129.6,53.3,127,Flood,198.5,5.96,0.83,77.93,179.24,4119,173917,738290,564373,4989,35.927,63.6,77.93,76.44326755,0.035927039,309.9,970.3023879,0.093710692
SF13419,Andhra Pradesh,Krishna,Pulses,Kharif,13.68,487.7,28.3,68.3,6.1,7.38,33.2,113.2,47.5,40.9,Flood,138.9,2.31,0.95,0.58,7.93,76023,901395,602862,-298533,5882,1.348,62.4,0.58,-49.51929297,0.001348181,201.6,113668.9786,0.037019231
SF13420,Gujarat,Rajkot,Chilli,Kharif,11.01,734.5,28.2,64.5,5.1,6.18,34.7,171.8,41.9,110.1,Rainfed,216.2,4.37,0.91,1.65,18.17,101822,690025,1850106,1160081,4285,4.24,42.8,1.65,62.70348834,0.004240373,323.8,37976.05944,0.102102804
SF13421,Telangana,Nalgonda,Cotton,Rabi,14.1,574,20.4,64.9,7.3,5.83,22.4,133.2,33.5,102.1,Rainfed,149.3,2.56,0.69,0.52,7.33,75270,861401,551729,-309672,5840,1.255,55.8,0.52,-56.12755538,0.001255137,268.8,117517.1896,0.045878136
SF13422,Tamil Nadu,Erode,Cotton,Kharif,0.57,762.8,27.2,81.3,5.8,6.97,28.4,89.2,33.4,131.2,Rainfed,111.7,6.19,0.79,1.82,1.04,68673,33751,71420,37669,239,4.351,52.4,1.82,52.74292915,0.004351464,253.8,32452.88462,0.118129771
SF13423,Andhra Pradesh,Krishna,Rice,Kharif,6.61,898.7,28.6,79.6,7.6,6.49,42.2,125.6,33.1,91,Sprinkler,196.9,5.33,0.83,3.96,26.18,22440,460504,587479,126975,8854,2.957,59.7,3.96,21.61353853,0.002956856,249.7,17589.91597,0.089279732
SF13424,Madhya Pradesh,Indore,Sugarcane,Kharif,14.87,745.9,29.6,74.1,6.4,6.52,28.8,115.4,53.9,109.1,Drip,200.4,7.35,0.82,95.79,1424.4,3109,1097878,4428460,3330582,23289,61.162,42.7,95.79,75.20858267,0.061161922,278.4,770.7652345,0.172131148
SF13425,Andhra Pradesh,Guntur,Maize,Rabi,10.05,445.6,26.7,53.4,8.9,7.47,21.6,102,59.8,126.5,Drip,254.5,4.39,0.99,1.74,17.49,19143,728621,334811,-393810,5284,3.31,44.5,1.74,-117.6215835,0.003309992,288.3,41659.29102,0.098651685
SF13426,Gujarat,Rajkot,Sugarcane,Kharif,13.96,879.1,29.8,76.1,5.6,6.73,18.5,117.9,73,86.5,Drip,117.2,7.14,0.88,82.68,1154.21,3886,745161,4485260,3740099,23472,49.174,64.6,82.68,83.38644805,0.049173909,277.4,645.60262,0.110526316
SF13427,Telangana,Nalgonda,Sugarcane,Rabi,3.08,490.8,21,51.3,7.3,5.98,21.1,96.3,52.9,145.5,Rainfed,242.5,9.35,0.96,24.99,76.97,3389,209248,260851,51603,2431,31.662,17.1,24.99,19.78255786,0.031661868,294.7,2718.565675,0.546783626
SF13428,Tamil Nadu,Erode,Rice,Kharif,9.52,615.9,30.3,69.3,7,6.29,35.3,151.6,65.9,52.4,Flood,88.2,6.32,0.86,2.95,28.08,21403,680311,600996,-79315,15254,1.841,45.1,2.95,-13.19725922,0.001840829,269.9,24227.59972,0.140133038
SF13429,Punjab,Ludhiana,Cotton,Rabi,4.48,571.6019185,22.3,64.5,7.1,6.23,22.3,101.6,70.5,187.5,Rainfed,166.4,5.72,0.84,1,4.48,61458,281143,275332,-5811,1602,2.797,47.2,1,-2.110542908,0.002796504,359.6,62755.13393,0.121186441
SF13430,Punjab,Ludhiana,Maize,Rabi,4.26,230.8,23.6,72.3,9.2,8.33,29.4,170.2,16.8,99,Rainfed,191.5,3.46,0.89,0.3,1.28,19638,220170,25137,-195033,1205,1.062,33.5,0.3,-775.8801766,0.001062241,286,172007.8125,0.103283582
SF13431,Punjab,Ludhiana,Pulses,Rabi,14.83,338.2,20,67.8,5.2,7.71,22.2,95.8,69.8,124.6,Drip,222.7,4.78,0.91,0.3,4.45,75498,1043220,335966,-707254,4460,0.998,40.9,0.3,-210.5135639,0.000997758,290.2,234431.4607,0.116870416
SF13432,Karnataka,Raichur,Rice,Kharif,6,948.3,25.3,68.7,5.6,5.2,36.2,78,46.1,88.9,Sprinkler,218,4.53,0.78,0.3,1.8,20071,412702,36128,-376574,9069,0.198,59.6,0.3,-1042.332817,0.000198478,213,229278.8889,0.076006711
SF13433,Andhra Pradesh,Guntur,Rice,Zaid,12.71,80,31.7,58.1,7.8,5.78,23.7,82.8,70.5,122.5,Rainfed,239.4,4.82,0.66,0.74,9.41,20796,829696,195690,-634006,10781,0.873,46.3,0.74,-323.984874,0.000872832,275.8,88171.7322,0.104103672
SF13434,Telangana,Warangal,Rice,Rabi,4.54,418,22.6,59.9,7.3,6.82,32.2,162.3,47.6,84.2,Flood,174.3,2.66,0.93,2.42,10.99,19171,329696,210689,-119007,7938,1.384,43.9,2.42,-56.48467647,0.00138448,294.1,29999.63603,0.060592255
SF13435,Karnataka,Raichur,Wheat,Kharif,1.45,903,31.3,57.2,6.6,6.36,34,110.6,58.7,70.7,Rainfed,246.3,5.18,0.93,2.48,3.6,20143,102695,72515,-30180,443,8.126,62.2,2.48,-41.61897538,0.008126411,240,28526.38889,0.083279743
SF13436,Telangana,Nalgonda,Rice,Rabi,2.79,107.8,25.8,57,9.1,7.45,24.6,158.7,62.4,72.8,Drip,225.9,5.11,0.69,1.55,4.32,23374,169375,100976,-68399,3965,1.09,30.1,1.55,-67.73787831,0.001089533,293.9,39207.17593,0.169767442
SF13437,Maharashtra,Nashik,Maize,Rabi,5.62,246.8,31,52.1,7.4,6.44,20.2,73.8,68.6,139,Rainfed,149.7,4.09,0.87,2.62,14.72,21906,392219,322456,-69763,1924,7.651,50.2,2.62,-21.63488972,0.007650728,281.4,26645.3125,0.081474104
SF13438,Karnataka,Raichur,Cotton,Zaid,12.34,373.1,28.3,57.8,8.8,6.57,25.1,75.4,33.7,107.1,Rainfed,192.4,0.5,0.67,1.22,15.05,65607,846922,987385,140463,4417,3.407,58.5,1.22,14.22575794,0.00340729,216.2,56273.88704,0.008547009
SF13439,Telangana,Warangal,Cotton,Kharif,8.83,958.5,27.3,82,6.5,6.79,24.7,149.8,76.3,107.4,Rainfed,189.1,5.52,0.73,2.01,17.75,63350,576364,1124462,548098,3667,4.84,54.3,2.01,48.74313227,0.004840469,333.5,32471.21127,0.101657459
SF13440,Punjab,Ludhiana,Pulses,Rabi,12.48,348.9,24,52.9,7.8,7,32.6,121.2,58,79.4,Drip,98.9,3.18,0.79,0.95,11.86,76756,684659,910326,225667,3972,2.986,37.2,0.95,24.78969073,0.002985901,258.6,57728.41484,0.085483871
SF13441,Madhya Pradesh,Indore,Sugarcane,Rabi,7.81,328.9,26.8,63,8.1,6.67,24.9,75.5,63.9,114.9,Flood,102.3,5.27,0.73,58.22,454.7,3548,506447,1613276,1106829,15761,28.85,51.4,58.22,68.60754143,0.028849692,254.3,1113.804706,0.102529183
SF13442,Karnataka,Raichur,Rice,Kharif,12.51,923.7,25.9,51.9,7.9,6.83,26.4,125.9,63.7,106.1,Sprinkler,211,3.95,0.76,4.47,55.92,20168,864383,1127795,263412,17327,3.227,49,4.47,23.35637239,0.003227333,295.7,15457.49285,0.080612245
SF13443,Telangana,Nalgonda,Chilli,Kharif,12.15,759.3,30.8,70.2,6.6,6.59,34,93,65.4,82,Sprinkler,117,4.71,0.79,2.66,32.32,105900,788355,3422688,2634333,8678,3.724,51,2.66,76.96678751,0.00372436,240.4,24392.17203,0.092352941
SF13444,Punjab,Ludhiana,Pulses,Rabi,4.63,453.5,18.7,69.4,8.3,7.62,31.5,98.4,67.8,119.5,Drip,163.8,5.22,0.98,0.35,1.62,73417,278240,118936,-159304,1486,1.09,51.6,0.35,-133.940943,0.001090175,285.7,171753.0864,0.101162791
SF13445,Madhya Pradesh,Indore,Chilli,Rabi,4.45,320.8,22.2,52.9,8.9,6.42,20,97.1,61.9,91.8,Rainfed,303,2.74,0.8,1.64,7.3,106784,337451,779523,442072,1264,5.775,40.3,1.64,56.71057814,0.005775316,250.8,46226.16438,0.067990074
SF13446,Maharashtra,Nashik,Wheat,Kharif,4.04,1006.6,28.1,85.5,8,5.94,26.4,108.1,48.7,131.6,Flood,216.5,5.34,0.81,1.63,6.59,24960,350513,164486,-186027,2182,3.02,67.1,1.63,-113.0959474,0.003020165,288.4,53188.61912,0.079582712
SF13447,Andhra Pradesh,Krishna,Groundnut,Zaid,6.01,339.4,36.8,43.3,8.8,6.41,17,125.9,48.7,124.5,Flood,154.2,2.89,0.96,1.13,6.79,54314,370439,368792,-1647,3913,1.735,53.8,1.13,-0.446593202,0.001735242,299.1,54556.55376,0.053717472
SF13448,Telangana,Nalgonda,Wheat,Rabi,2.33,419.1,26.7,54.2,7.8,6.51,16.4,104.7,53.3,84.5,Rainfed,141.1,6.74,0.96,2.37,5.52,21269,148352,117405,-30947,590,9.356,31.3,2.37,-26.35918402,0.009355932,242.5,26875.36232,0.215335463
SF13449,Telangana,Nalgonda,Cotton,Kharif,13.11,742.2,30.4,85.3,8.1,7.62,28.6,144.4,48.9,80.8,Flood,140.8,6.19,0.96,0.75,9.83,60198,763152,591746,-171406,11244,0.874,44.1,0.75,-28.96614426,0.000874244,274.1,77634.99491,0.140362812
SF13450,Gujarat,Rajkot,Pulses,Rabi,10.24,80,18.9,56.7,7.8,7.7,24.6,130,52,136.3,Sprinkler,87.7,3.05,0.7,0.3,3.07,65927,698350,202396,-495954,3886,0.79,42.6,0.3,-245.041404,0.000790015,318.3,227475.57,0.071596244
SF13451,Karnataka,Raichur,Rice,Zaid,3.73,559.3,33.6,55,6.7,7.52,21,142.5,60.2,84.7,Drip,249.9,4.82,0.66,1.52,5.67,23211,292940,131606,-161334,5740,0.988,38.6,1.52,-122.5886358,0.000987805,287.4,51664.903,0.124870466
SF13452,Karnataka,Raichur,Maize,Kharif,12.55,635.8,25.7,59.5,5,6.5,32.6,109.6,42.6,133.5,Drip,173,5.98,0.86,3.72,46.69,15934,997273,743958,-253315,6992,6.678,39.2,3.72,-34.04963721,0.006677632,285.7,21359.45599,0.15255102
SF13453,Telangana,Warangal,Chilli,Kharif,11.88,896.9,27.4,68.5,6.4,6.78,33.4,94.7,43.7,106.4,Sprinkler,197.6,0.5,0.76,2.84,33.74,100554,561010,3392692,2831682,7518,4.488,61,2.84,83.46416356,0.004487896,244.8,16627.44517,0.008196721
SF13454,Andhra Pradesh,Krishna,Wheat,Kharif,14.95,884.5,28.8,80.5,8.1,6.39,35.5,109.3,30,65.6,Sprinkler,95.4,4.33,0.84,2.57,38.42,23944,935604,919928,-15676,7913,4.855,54.7,2.57,-1.704046404,0.004855301,204.9,24352.00416,0.079159049
SF13455,Karnataka,Raichur,Maize,Rabi,7.76,441.4,21.1,52.8,7.1,6.52,26.4,156.9,41.6,107.8,Flood,203.7,2.63,0.85,2.84,22.04,22571,571253,497465,-73788,6067,3.633,49.3,2.84,-14.83280231,0.003632767,306.3,25918.92015,0.053346856
SF13456,Madhya Pradesh,Indore,Pulses,Rabi,8.56,687.7,21.6,61.4,7.9,7.26,27.8,119.7,54.4,30,Rainfed,140.4,3.45,0.69,0.62,5.31,76062,518396,403889,-114507,1619,3.28,42.9,0.62,-28.35110637,0.003279802,204.1,97626.36535,0.08041958
SF13457,Andhra Pradesh,Guntur,Maize,Zaid,14.89,656.5,33.5,44.4,8.4,5.96,31.4,159.8,46.8,133.3,Rainfed,151.5,6.43,0.68,1.61,23.97,15238,711758,365255,-346503,4735,5.062,36.1,1.61,-94.86605248,0.005062302,339.9,29693.70046,0.178116343
SF13458,Madhya Pradesh,Indore,Sugarcane,Rabi,8.9,407.7,23.6,61.3,7.9,5.2,21.6,73.7,36.9,62.7,Rainfed,260.4,5.36,0.98,2.63,23.41,3606,706465,84416,-622049,9081,2.578,36.3,2.63,-736.8851876,0.00257791,173.3,30177.91542,0.147658402
SF13459,Madhya Pradesh,Indore,Rice,Rabi,3.87,366.8,23.8,42,6.9,6.76,34.5,125.4,45.8,99,Rainfed,120.9,4.27,0.79,2.91,11.26,17616,259240,198356,-60884,3138,3.588,44.9,2.91,-30.69430721,0.003588273,270.2,23023.09059,0.095100223
SF13460,Punjab,Ludhiana,Cotton,Rabi,3.58,710.7,21.6,58.7,9.3,7.33,27.2,149,55.4,97,Drip,187.5,7.96,0.92,1.29,4.62,77531,226478,358193,131715,2359,1.958,31.4,1.29,36.77207539,0.001958457,301.4,49021.21212,0.253503185
SF13461,Karnataka,Raichur,Wheat,Rabi,5.86,543.9,26.2,60.6,5.7,6.71,27.8,114.3,64.5,160.5,Rainfed,250.7,2.99,0.94,3.26,19.1,23303,391176,445087,53911,1675,11.403,50.3,3.26,12.11246341,0.011402985,339.3,20480.41885,0.05944334
SF13462,Punjab,Ludhiana,Sugarcane,Rabi,7.27,215.4,21.8,61.6,7.3,6.23,20.6,146.4,37.9,75.7,Sprinkler,40,4.5,0.8,43.67,317.48,3575,359117,1134991,775874,13798,23.009,32,43.67,68.35948479,0.023009132,260,1131.148419,0.140625
SF13463,Maharashtra,Nashik,Cotton,Rabi,9.94,471.3,20.5,53.6,9.7,6.31,24.6,129.9,90,116.9,Sprinkler,294.1,6.99,0.8,1.2,11.93,68927,833285,822299,-10986,8469,1.409,19.3,1.2,-1.336010381,0.001408667,336.8,69847.86253,0.362176166
SF13464,Telangana,Warangal,Rice,Zaid,2.35,501.4,28.4,62.8,7.6,6.43,19,125.5,52.5,99.2,Sprinkler,170.8,6.12,0.77,3.26,7.66,25267,164583,193545,28962,3131,2.447,46.6,3.26,14.96396187,0.002446503,277.2,21486.03133,0.131330472
SF13465,Andhra Pradesh,Krishna,Sugarcane,Kharif,13.38,1294.7,27.4,71.9,4.7,6.43,26.4,78.1,39.5,166.3,Drip,176,3.9,0.8,54.68,731.62,3345,850560,2447269,1596709,22024,33.219,56.2,54.68,65.24452359,0.033219215,283.9,1162.570733,0.069395018
SF13466,Gujarat,Rajkot,Cotton,Kharif,5.18,944.7,28,74.2,6.3,5.82,36,84,78.5,117.2,Rainfed,146.2,6.03,0.96,0.59,3.06,70076,276990,214433,-62557,2173,1.408,62.6,0.59,-29.17321494,0.001408191,279.7,90519.60784,0.096325879
SF13467,Andhra Pradesh,Krishna,Chilli,Zaid,14.35,564.3,33,50.3,7.5,7.06,24.1,65.9,33.6,124.8,Flood,258.1,7.14,0.99,1.51010453,21.67,113614,1082087,2462015,1379928,9392,2.307,39.8,1.51010453,56.04872432,0.002307283,224.3,49934.79465,0.179396985
SF13468,Andhra Pradesh,Krishna,Wheat,Kharif,10.42,965.1,27,72.5,8.7,6.28,32.8,165.5,69.9,57.9,Flood,229.4,6.98,0.72,2.17,22.61,22176,909250,501399,-407851,7047,3.208,48.8,2.17,-81.3426034,0.003208457,293.3,40214.50686,0.143032787
SF13469,Punjab,Ludhiana,Chilli,Rabi,2.14,298.5,27.1,59,6.9,7.04,17.3,140.4,24.5,120.3,Flood,240.6,6.88,0.66,2.03,4.34,114068,177324,495055,317731,1937,2.241,27.5,2.03,64.18094959,0.002240578,285.2,40858.06452,0.250181818
SF13470,Karnataka,Raichur,Cotton,Kharif,12.17,1121,31,72.4,6,7.39,26.4,135.9,42.2,104.1,Flood,189.7,7.41,0.72,0.85,10.34,64355,833267,665431,-167836,12063,0.857,46.6,0.85,-25.22214925,0.000857167,282.2,80586.75048,0.159012876
SF13471,Andhra Pradesh,Krishna,Wheat,Rabi,14.78,426.7,26.3,59.9,8.3,6.85,19.1,130.1,54.2,120.3,Sprinkler,151.1,3.32,0.68,3.31,48.92,25382,954072,1241687,287615,7237,6.76,44,3.31,23.16324484,0.006759707,304.6,19502.69828,0.075454545
SF13472,Andhra Pradesh,Guntur,Maize,Rabi,11.14,359,21.8,61.1,7.8,5.92,23.8,131.7,72.7,88.8,Rainfed,244.7,1.8,0.65,1.53,17.04,19261,610976,328207,-282769,3452,4.936,45.2,1.53,-86.15568833,0.004936269,293.2,35855.39906,0.039823009
SF13473,Tamil Nadu,Erode,Rice,Rabi,8.15,600.8484925,20.5,44.5,7.8,7.07,22.8,106.5,62.8,87.7,Flood,247.6,7.57,0.93,2.31,18.83,21060,670650,396560,-274090,14659,1.285,34.6,2.31,-69.11690539,0.001284535,257,35616.03824,0.218786127
SF13474,Telangana,Nalgonda,Pulses,Rabi,9.97,415.2,24.6,52.7,7.1,6.44,30,123.5,71.6,104.6,Rainfed,44.6,6.18,0.73,1,9.97,67639,490274,674361,184087,1572,6.342,36.8,1,27.29799025,0.006342239,299.7,49174.92477,0.167934783
SF13475,Maharashtra,Nashik,Cotton,Kharif,5.85,808.7,31.8,79.1,7.6,6.43,34.9,133.8,56.9,120.3,Sprinkler,292.8,4.38,0.77,1.8,10.53,55153,485040,580761,95721,4451,2.366,50.3,1.8,16.48199518,0.002365761,311,46062.67806,0.087077535
SF13476,Madhya Pradesh,Indore,Maize,Zaid,7.49,366.2,33,52.9,8.1,6.08,21.8,134.5,75.6,111.3,Rainfed,209.9,4.43,0.79,1.33,9.96,21082,496374,209977,-286397,2378,4.188,40.7,1.33,-136.3944623,0.004188394,321.4,49836.74699,0.108845209
SF13477,Maharashtra,Nashik,Groundnut,Kharif,6.9,1062.8,30.8,85.6,7.9,6.41,29.2,101.9,48.5,148.8,Rainfed,253.6,4.04,0.89,1.37,9.45,53392,423934,504554,80620,1980,4.773,72.5,1.37,15.97846811,0.004772727,299.2,44860.74074,0.055724138
SF13478,Karnataka,Raichur,Groundnut,Rabi,4.77,631.2,18.7,57.8,7.5,6.19,21.3,77.7,84.2,125.1,Sprinkler,244.2,3.4,0.97,1.43,6.82,50528,327032,344601,17569,2328,2.93,49.6,1.43,5.098360132,0.002929553,287,47951.90616,0.068548387
SF13479,Karnataka,Raichur,Maize,Kharif,3.08,1032.1,26.2,62,8.1,8.17,43.9,97.5,54.6,127.5,Flood,185.7,5.8,0.84,0.3,0.92,22542,243479,20739,-222740,1898,0.485,54.6,0.3,-1074.015141,0.000484721,279.6,264651.087,0.106227106
SF13480,Maharashtra,Nashik,Pulses,Kharif,9.53,711.5,29.4,66.9,7.3,7.09,25.7,115.6,56,75.4,Sprinkler,136,3.88,0.71,1.51,14.39,71925,736305,1035001,298696,3757,3.83,48.2,1.51,28.85948902,0.003830184,247,51167.82488,0.080497925
SF13481,Karnataka,Raichur,Chilli,Kharif,14.27,819,33,72.4,6.6,5.41,22.8,163.2,33,80.6,Sprinkler,163.5,8.33,0.67,0.3,4.28,100424,944756,429815,-514941,8333,0.514,41.7,0.3,-119.8052651,0.000513621,276.8,220737.3832,0.199760192
SF13482,Punjab,Ludhiana,Wheat,Kharif,13.71,1124,24.2,50.7,6.5,7.51,29.1,164.3,70.6,107.8,Drip,180.3,3.28,0.93,1.28,17.55,25567,987676,448701,-538975,6652,2.638,70.4,1.28,-120.1189656,0.002638304,342.7,56277.83476,0.046590909
SF13483,Andhra Pradesh,Krishna,Sugarcane,Kharif,9.64,746.7,24.8,82.8,6.6,6.62,29,165.5,93.1,122.9,Rainfed,204.3,4.23,0.86,77.32,745.36,3462,655393,2580436,1925043,9874,75.487,63.3,77.32,74.6014627,0.075487138,381.5,879.2972523,0.066824645
SF13484,Tamil Nadu,Erode,Rice,Zaid,4.53,285.1,30.3,55.1,7,6.33,24.5,119.5,63.2,93.2,Sprinkler,194.2,6.27,0.85,2.16,9.78,22044,319841,215590,-104251,7503,1.303,42.6,2.16,-48.35613897,0.001303479,275.9,32703.57873,0.147183099
SF13485,Telangana,Nalgonda,Wheat,Rabi,14.32,687,26,69.8,8.7,6.53,28.7,168.3,15,120.9,Flood,157.7,7.59,0.97,3.4,48.69,22513,1109829,1096158,-13671,10569,4.607,37.3,3.4,-1.247174221,0.004606869,304.2,22793.77696,0.203485255
SF13486,Maharashtra,Nashik,Cotton,Kharif,3.69,765.4,29,70.3,5.9,6.63,25.2,114.5,37.4,122.4,Rainfed,220.1,5.87,0.69,1.72,6.35,65315,236367,414750,178383,1640,3.872,48.1,1.72,43.00976492,0.003871951,274.3,37223.14961,0.122037422
SF13487,Gujarat,Rajkot,Maize,Rabi,3.05,363.4,18.3,37.5,7.9,6.63,16.2,115.7,69,115.9,Sprinkler,157.8,3.96,0.74,2.64,8.05,21030,205867,169292,-36575,1661,4.846,46.2,2.64,-21.60468303,0.004846478,300.6,25573.54037,0.085714286
SF13488,Telangana,Nalgonda,Sugarcane,Kharif,3.77,1057.4,27.1,62.5,5.2,7.56,25.7,119.7,56.8,127.3,Rainfed,190.5,6.22,0.7,28.09,105.9,2961,272411,313570,41159,3773,28.068,34.3,28.09,13.12593679,0.028067851,303.8,2572.341832,0.181341108
SF13489,Madhya Pradesh,Indore,Cotton,Zaid,7.97,264.9,31.2,48.9,8.4,6.45,20.7,148.3,56.8,148.1,Drip,218.9,6.64,0.68,1.64,13.07,60739,614740,793859,179119,4918,2.658,36.2,1.64,22.5630748,0.002657584,353.2,47034.42999,0.183425414
SF13490,Punjab,Ludhiana,Rice,Zaid,0.8,513.9,28.8,64.5,8,7.14,19.8,141.2,48.9,87.4,Rainfed,89.4,11.45,0.7,2.14,1.71,25332,48435,43318,-5117,647,2.643,31.5,2.14,-11.8126414,0.002642968,277.5,28324.5614,0.363492063
SF13491,Gujarat,Rajkot,Rice,Rabi,3.39,310.4,21,48,9.9,6.09,23.3,113.8,71.7,118.5,Flood,266,3.77,0.91,1.51,5.12,22232,282941,113828,-169113,6312,0.811,43.4,1.51,-148.5688934,0.000811153,304,55261.91406,0.086866359
SF13492,Telangana,Warangal,Wheat,Kharif,12.44,601.9,27.2,60.2,8.3,7.66,24.3,97.8,36.7,96,Drip,65.9,6.88,0.77,0.94,11.69,23614,680562,276048,-404514,5818,2.009,31.8,0.94,-146.5375587,0.002009282,230.5,58217.45081,0.216352201
SF13493,Telangana,Nalgonda,Rice,Rabi,1.61,526.8,21.5,59.9,7.4,6.26,19.3,149.3,58.1,59.9,Flood,246.4,4.15,0.89,2.37,3.82,21745,117133,83066,-34067,3119,1.225,46.1,2.37,-41.01196639,0.001224752,267.3,30663.08901,0.090021692
SF13494,Tamil Nadu,Erode,Pulses,Rabi,9.38,544.5,25.2,56.3,6.8,6.56,31.6,106.6,25.1,109.9,Flood,114.3,6.57,0.95,1.35,12.66,85816,573771,1086431,512660,4312,2.936,32.3,1.35,47.18753423,0.002935993,241.6,45321.56398,0.203405573
SF13495,Telangana,Warangal,Rice,Kharif,12.09,771.2,30,57.4,6.4,6.72,32.8,99.9,46,108.9,Flood,233.1,4.57,0.91,3.01,36.39,25389,966630,923906,-42724,20722,1.756,54.8,3.01,-4.624279959,0.001756105,254.8,26563.06678,0.083394161
SF13496,Karnataka,Raichur,Maize,Kharif,1.03,748.8,28.9,57.7,5.3,6,30.7,131.6,49.8,133.8,Flood,176.7,3.89,0.68,2.85,2.94,21130,59066,62122,3056,597,4.925,57,2.85,4.919352242,0.004924623,315.2,20090.47619,0.068245614
SF13497,Telangana,Warangal,Groundnut,Rabi,2.74,202.2,25.7,58.7,7.8,7.35,25.6,72.7,38.7,127.2,Flood,240.2,6.96,0.74,0.89,2.44,58532,181209,142818,-38391,1830,1.333,29.4,0.89,-26.88106541,0.001333333,238.6,74265.98361,0.236734694
SF13498,Andhra Pradesh,Krishna,Rice,Kharif,5.42,512.7,22.1,76.6,8,6.6,44.1,99.1,27.5,109,Sprinkler,267.9,5.79,0.66,3.44,18.64,19243,376442,358690,-17752,6867,2.714,47.6,3.44,-4.94912041,0.002714431,235.6,20195.38627,0.121638655
SF13499,Maharashtra,Nashik,Rice,Zaid,5.5,604.9275204,34.4,47.6,7.1,7.36,24.3,153.2,49.1,132.2,Flood,116.9,6.38,0.69,1.31,7.2,22126,350358,159307,-191051,10847,0.664,45.4,1.31,-119.9263058,0.000663778,334.5,48660.83333,0.140528634
SF13500,Tamil Nadu,Erode,Rice,Rabi,4.82,80,22.7,47.8,8,7.2,36.7,130.8,62.4,138.9,Rainfed,87.3,2.68,0.81,1.639004149,7.9,23402,279752,184876,-94876,4516,1.749,25.7,1.639004149,-51.31872174,0.001749336,332.1,35411.64557,0.104280156
SF13501,Andhra Pradesh,Guntur,Rice,Zaid,3.74,336.4,33,46.3,9,6.22,22.4,150.2,86,133.4,Rainfed,192.7,6.46,0.73,2.19,8.19,21082,180343,172662,-7681,3368,2.432,36.1,2.19,-4.44857583,0.00243171,369.6,22019.90232,0.178947368
SF13502,Tamil Nadu,Erode,Sugarcane,Rabi,9.94,426.7,22.2,49,8.8,6.32,15.9,122.4,92.5,171.8,Flood,190.2,12.08,0.85,57.26,569.16,3634,631961,2068327,1436366,22503,25.293,26.5,57.26,69.44578879,0.025292628,386.7,1110.339799,0.455849057
SF13503,Gujarat,Rajkot,Wheat,Kharif,14.84,805.8,31.2,85.9,7.1,7.39,31.9,102.1,34.8,92.3,Sprinkler,187.2,2.65,0.74,1.74,25.82,25069,946134,647282,-298852,8079,3.196,63,1.74,-46.17029363,0.00319594,229.2,36643.45469,0.042063492
SF13504,Madhya Pradesh,Indore,Pulses,Rabi,6.98,309.1,25.8,66.6,7.9,6.37,15.9,120.4,60.6,84,Flood,107.1,7.81,0.78,1.07,7.47,71686,413696,535494,121798,3262,2.29,32.6,1.07,22.7449794,0.002290006,265,55380.99063,0.239570552
SF13505,Punjab,Ludhiana,Maize,Kharif,3.24,906.8,29,80.3,7.4,6.42,29.2,145.5,31,103.4,Sprinkler,212.5,4.23,0.98,3.83,12.41,23567,221473,292466,70993,1641,7.562,46.2,3.83,24.2739327,0.007562462,279.9,17846.3336,0.091558442
SF13506,Gujarat,Rajkot,Chilli,Zaid,1.63,131.1,33.2,53.5,7.6,7.34,21,111.4,58.1,73.1,Flood,176.5,3.37,0.78,0.69,1.12,118843,112993,133104,20111,1307,0.857,49.5,0.69,15.10923789,0.000856924,242.6,100886.6071,0.068080808
SF13507,Maharashtra,Nashik,Pulses,Kharif,12.96,870.4,32.1,70.7,6.7,6.44,31.1,108.3,51.3,30,Drip,256.2,1.6,0.9,1.32,17.11,63056,829487,1078888,249401,4545,3.765,68.9,1.32,23.1164866,0.003764576,189.6,48479.66102,0.023222061
SF13508,Andhra Pradesh,Krishna,Wheat,Zaid,14.75,505.3,33.7,45.7,6.9,6.23,14.5,95.6,58.2,76.7,Rainfed,90.9,1.48,0.81,1.84,27.14,22781,727215,618276,-108939,3869,7.015,71.6,1.84,-17.61980087,0.007014732,230.5,26794.9521,0.020670391
SF13509,Andhra Pradesh,Krishna,Cotton,Rabi,12.81,466.7,25.8,55.9,7.8,7.14,21.4,171.5,50.7,131.8,Flood,244.4,8.42,0.73,1.56,19.98,67661,1072553,1351867,279314,11098,1.8,14.7,1.56,20.66135204,0.001800324,354,53681.33133,0.572789116
SF13510,Maharashtra,Nashik,Wheat,Kharif,12.06,854.2,29.3,76.3,8.7,5.85,30.5,147.6,34.1,126,Flood,198,5.95,0.74,1.11,13.39,25882,915448,346560,-568888,7890,1.697,50.9,1.11,-164.1528163,0.001697085,307.7,68368.03585,0.116895874
SF13511,Telangana,Warangal,Chilli,Kharif,12.86,1034.6,31.1,60.1,7.4,7.31,26.6,128.1,45.7,151.9,Drip,293.2,6.23,0.82,1.43,18.39,101593,1042712,1868295,825583,7693,2.39,53.3,1.43,44.1891136,0.002390485,325.7,56699.94562,0.116885553
SF13512,Karnataka,Raichur,Pulses,Zaid,1.15,220.1,28.2,54.5,8.8,6.64,21.8,163.2,38.9,106.7,Flood,181.7,8.91,0.91,1.01,1.16,71234,78083,82631,4548,530,2.189,28.9,1.01,5.503987608,0.002188679,308.8,67312.93103,0.308304498
SF13513,Andhra Pradesh,Guntur,Chilli,Zaid,1.3,115.2,33.5,60.3,5.8,7.88,19.4,89.8,68,121.4,Flood,229.1,2.56,0.81,0.3,0.39,76888,84091,29986,-54105,1074,0.363,42.6,0.3,-180.4342026,0.000363128,279.2,215617.9487,0.060093897
SF13514,Gujarat,Rajkot,Groundnut,Rabi,12.76,590.3,22.6,68.1,8.4,5.47,16.6,93.7,55.7,83.7,Rainfed,259.3,2.6,0.65,0.3,3.83,58034,928153,222270,-705883,3918,0.978,47.6,0.3,-317.5790705,0.00097754,233.1,242337.5979,0.054621849
SF13515,Karnataka,Raichur,Cotton,Kharif,11.6,528.3,29.3,56.5,8.2,7.01,30.4,100.7,70.1,118.2,Rainfed,180.3,6.88,0.84,1.67,19.37,66615,647267,1290333,643066,5189,3.733,34.7,1.67,49.83721256,0.003732897,289,33415.9525,0.198270893
SF13516,Telangana,Warangal,Cotton,Zaid,10.37,249,27.7,56.6,8.3,5.88,22.6,133.8,58.4,145.6,Drip,247,5.77,0.86,0.49,5.08,68052,806515,345704,-460811,6330,0.803,27.3,0.49,-133.2964039,0.000802528,337.8,158762.7953,0.211355311
SF13517,Tamil Nadu,Erode,Wheat,Zaid,8.96,573.9,30.9,51.7,8.3,6.97,25.7,88.6,71.1,96.8,Drip,183.8,7.69,0.96,2.79,25,21837,535984,545925,9941,4523,5.527,37.1,2.79,1.820946101,0.005527305,256.5,21439.36,0.207277628
SF13518,Madhya Pradesh,Indore,Groundnut,Zaid,9.72,131.4,31.2,49.6,6.9,7.23,17.4,77.1,89,134.5,Sprinkler,117.3,6.98,0.93,0.89,8.65,47311,508183,409240,-98943,4876,1.774,26.4,0.89,-24.1772554,0.001773995,300.6,58749.47977,0.264393939
SF13519,Gujarat,Rajkot,Cotton,Zaid,11.57,248.2,36.3,41.5,8.4,6.62,19.2,129.5,76.2,118.3,Flood,95.5,3.24,0.73,1.32,15.27,73339,710613,1119887,409274,12523,1.219,55,1.32,36.54600866,0.001219356,324,46536.54224,0.058909091
SF13520,Madhya Pradesh,Indore,Wheat,Kharif,8.61,644.7,29.2,82.3,7.8,6.7,31.9,120.9,60.7,63.6,Flood,118.2,5.25,0.92,3.26,28.07,28782,435486,807911,372425,5523,5.082,55.9,3.26,46.09728052,0.005082383,245.2,15514.28571,0.09391771
SF13521,Madhya Pradesh,Indore,Wheat,Rabi,9.71,708.8,21.4,55.1,7.1,7.34,33.4,152.8,80.2,116.6,Flood,176.1,3.92,0.93,2.1,20.39,25052,530322,510810,-19512,6486,3.144,50.6,2.1,-3.819815587,0.003143694,349.6,26008.92594,0.077470356
SF13522,Maharashtra,Nashik,Rice,Zaid,10.18,404.4,33.2,58,9.3,6.8,22.4,109.6,54.6,112.8,Flood,257.2,7.4,0.96,2.61,26.57,24232,878058,643844,-234214,19844,1.339,37.5,2.61,-36.37744547,0.001338944,277,33046.97027,0.197333333
SF13523,Telangana,Warangal,Groundnut,Zaid,14.43,146.5,29.3,56.5,6.9,6.72,13.8,134.1,69.8,92.6,Drip,157.4,5.61,0.66,1.31,18.9,58197,1088940,1099923,10983,7046,2.682,32.6,1.31,0.998524442,0.002682373,296.5,57615.87302,0.17208589
SF13524,Maharashtra,Nashik,Sugarcane,Kharif,0.82,752.4,29.5,67.5,5.8,6.62,21.9,159.1,120,94,Flood,297.2,6.61,0.85,91.46,75,3898,58030,292350,234320,1944,38.58,54.4,91.46,80.15050453,0.038580247,373.1,773.7333333,0.121507353
SF13525,Punjab,Ludhiana,Cotton,Rabi,6.98,400.8,23.9,58.2,7.5,6.27,20.4,137.8,54.3,93.2,Drip,194.3,7.23,0.92,1.56,10.89,66336,603046,722399,119353,4844,2.248,31,1.56,16.52175598,0.002248142,285.3,55376.12489,0.233225806
SF13526,Tamil Nadu,Erode,Sugarcane,Rabi,6.96,772.5,27.9,64.5,7.2,6.76,19.9,166.1,75.7,135.8,Drip,48.3,6.35,0.73,93.13,648.18,2917,419212,1890741,1471529,10705,60.549,59.9,93.13,77.82816367,0.060549276,377.6,646.7524453,0.106010017
SF13527,Telangana,Warangal,Wheat,Kharif,12.74,897.2,28.6,80.3,6.3,6.04,35.5,115.6,77.4,134.5,Flood,257.3,4.06,0.75,1.72,21.91,25778,847558,564796,-282762,7421,2.952,54.6,1.72,-50.06444805,0.002952432,327.5,38683.61479,0.074358974
SF13528,Telangana,Nalgonda,Cotton,Kharif,6.27,1008.8,28.8,88.5,6.8,6.93,29.3,163.6,57.9,137.1,Drip,204.1,2.69,0.91,2.06,12.92,71444,366389,923056,556667,4058,3.184,60.5,2.06,60.30695862,0.003183834,358.6,28358.28173,0.04446281
SF13529,Andhra Pradesh,Krishna,Chilli,Rabi,3.94,193.3,23.9,71.1,6.7,7.58,30.4,125.8,80.5,131.8,Flood,264.7,5.93,0.85,0.75,2.96,88235,287033,261176,-25857,3128,0.946,33.3,0.75,-9.900220541,0.000946292,338.1,96970.60811,0.178078078
SF13530,Maharashtra,Nashik,Chilli,Kharif,9.62,656,28.9,70.1,5.3,6.24,30.8,88.9,76.8,102.8,Flood,239.1,5.87,0.69,2.2,21.16,88143,525445,1865106,1339661,7609,2.781,51.4,2.2,71.82760658,0.002780917,268.5,24831.99433,0.114202335
SF13531,Gujarat,Rajkot,Chilli,Rabi,8.61,446.1,26.1,41.8,6.8,7.25,25.6,120.1,35.9,106.4,Sprinkler,161,5.6,0.96,1.86,16.01,111729,550116,1788781,1238665,5474,2.925,36.5,1.86,69.24631914,0.002924735,262.4,34360.77452,0.153424658
SF13532,Andhra Pradesh,Guntur,Pulses,Kharif,3.34,1094.8,27.9,61,6.7,6.39,32.3,64.8,65.2,86.3,Drip,188.5,4.54,0.76,1.23,4.11,64398,225961,264676,38715,1213,3.388,65.3,1.23,14.62731793,0.003388293,216.3,54978.3455,0.069525268
SF13533,Karnataka,Raichur,Rice,Rabi,5.32,691.6,25.2,57.9,6.4,7.34,17.4,118.5,45.6,109.8,Flood,98.2,9.32,0.83,2.52,13.41,19851,430779,266202,-164577,9203,1.457,24.6,2.52,-61.8241035,0.001457134,273.9,32123.71365,0.378861789
SF13534,Andhra Pradesh,Guntur,Wheat,Zaid,2.31,221.5,30.1,57.7,9.2,6.34,8,96.1,62.9,86.3,Sprinkler,183.5,1.73,0.65,1.84,4.25,26030,145567,110628,-34939,1023,4.154,43.8,1.84,-31.58242036,0.004154448,245.3,34251.05882,0.039497717
SF13535,Maharashtra,Nashik,Wheat,Kharif,12.59,1090.4,33.5,68.9,6.7,6.22,26.7,79.1,55.9,84.7,Sprinkler,206.8,1.8,1,1.7,21.4,21485,1007206,459779,-547427,7379,2.9,82.8,1.7,-119.0630716,0.002900122,219.7,47065.70093,0.02173913
SF13536,Tamil Nadu,Erode,Cotton,Rabi,9.46,586.8,24.4,48.7,8.5,6.55,29.1,127.8,77.9,134.8,Flood,167.7,6.1,0.8,1.95,18.45,69021,638291,1273437,635146,9203,2.005,50.9,1.95,49.87651529,0.002004781,340.5,34595.71816,0.119842829
SF13537,Telangana,Warangal,Groundnut,Kharif,13.55,1074.7,29.5,75.6,6.1,7.16,30.5,40,17.1,92.1,Rainfed,217,5.49,0.93,0.93,12.6,50100,956230,631260,-324970,3576,3.523,60,0.93,-51.47958052,0.00352349,149.2,75891.26984,0.0915
SF13538,Telangana,Warangal,Maize,Rabi,3.14,459.5,27.6,57.9,8.9,7.69,26,119.1,55.7,132.8,Rainfed,91.8,8.48,0.75,1.1,3.45,20874,169824,72015,-97809,774,4.457,42.7,1.1,-135.817538,0.004457364,307.6,49224.34783,0.198594848
SF13539,Andhra Pradesh,Guntur,Chilli,Kharif,8.46,652.4,31.8,68.1,6.1,6.42,29.6,144,43.8,100.8,Drip,191.8,5.03,0.76,2.91,24.62,98737,560062,2430905,1870843,4085,6.027,43.7,2.91,76.96076153,0.006026928,288.6,22748.25345,0.115102975
SF13540,Telangana,Warangal,Wheat,Kharif,5.47,729,30.5,83.2,7.2,6.94,28.3,174.7,53.3,55.3,Flood,124.3,2.39,0.81,3.07,16.79,26333,310754,442131,131377,4033,4.163,58,3.07,29.71449638,0.004163154,283.3,18508.27874,0.041206897
SF13541,Madhya Pradesh,Indore,Wheat,Rabi,12.08,557.7,24.8,60.6,7.9,5.87,23.1,119.8,64.8,68,Flood,45.7,4.54,0.8,1.59,19.21,21277,727819,408731,-319088,6183,3.107,56,1.59,-78.06797136,0.003106906,252.6,37887.50651,0.081071429
SF13542,Andhra Pradesh,Krishna,Cotton,Rabi,2.68,373.6,22.9,39.6,7.5,6.57,21.4,76.3,83.1,56.7,Sprinkler,214.4,2.34,0.77,1.29,3.46,66257,199366,229249,29883,2122,1.631,31.2,1.29,13.03517136,0.001630537,216.1,57620.23121,0.075
SF13543,Telangana,Warangal,Pulses,Rabi,13.34,586.6,20.8,55.5,7.4,7.46,22.1,205.8,54.9,130.1,Sprinkler,113.7,5.78,0.75,0.77,10.27,77403,915673,794929,-120744,5552,1.85,47.6,0.77,-15.18928106,0.001849784,390.8,89159.98053,0.121428571
SF13544,Maharashtra,Nashik,Groundnut,Kharif,7.34,1183.9,26.1,68.2,8.9,6.12,20,81.5,39,96.7,Rainfed,245,4.42,0.88,1.04,7.63,61074,549356,465995,-83361,1733,4.403,65,1.04,-17.88881855,0.00440277,217.2,71999.47575,0.068
SF13545,Andhra Pradesh,Krishna,Maize,Rabi,3.14,431.8,23.1,52.3,7.5,7,18.6,72.2,92.9,117.2,Flood,114.1,3.32,0.97,4.16,13.06,20356,187471,265849,78378,2128,6.137,36.9,4.16,29.48214964,0.006137218,282.3,14354.59418,0.0899729
SF13546,Andhra Pradesh,Krishna,Chilli,Kharif,13.45,658.6,31.6,81.6,7,6.36,33.7,40,62.4,151.3,Flood,253.4,6.22,0.68,2.34,31.47,111772,1046037,3517465,2471428,10637,2.959,42,2.34,70.26162307,0.002958541,253.7,33239.18017,0.148095238
SF13547,Punjab,Ludhiana,Chilli,Kharif,5.3,962.9,29.2,69.1,5.3,5.28,31.2,136.6,54.3,131.4,Rainfed,227.4,4.13,0.75,0.3,1.59,100055,374365,159087,-215278,1726,0.921,72.2,0.3,-135.320925,0.000921205,322.3,235449.6855,0.057202216
SF13548,Telangana,Nalgonda,Sugarcane,Kharif,5.79,910.2,26.7,65.6,8.1,7.5,35.2,137.1,85,86.3,Rainfed,98.5,5.69,0.74,31.83,184.3,3462,400235,638047,237812,6500,28.354,43,31.83,37.27186242,0.028353846,308.4,2171.649485,0.132325581
SF13549,Andhra Pradesh,Guntur,Cotton,Zaid,3.85,132.2,29.5,50.1,7.5,6.14,20.5,130,58.1,95.6,Rainfed,180.3,5.83,0.9,0.75,2.89,67828,192372,196023,3651,1748,1.653,33.8,0.75,1.862536539,0.001653318,283.7,66564.70588,0.172485207
SF13550,Maharashtra,Nashik,Rice,Kharif,10.86,914.6,30.7,69,5.6,6.11,30.2,151.4,56.2,120.8,Rainfed,195.4,6.81,0.84,2.31,25.09,21849,599350,548191,-51159,8960,2.8,57,2.31,-9.33233125,0.002800223,328.4,23888.00319,0.119473684
SF13551,Andhra Pradesh,Guntur,Chilli,Rabi,10.85,510.8,28.5,49.9,7.8,6.44,18.6,113,44,101.5,Drip,77.8,4.24,0.74,2.25,24.41,107081,565093,2613847,2048754,5491,4.445,41.2,2.25,78.38079275,0.004445456,258.5,23150.06145,0.102912621
SF13552,Madhya Pradesh,Indore,Cotton,Rabi,1.76,586.6,24.1,49.1,7.7,6.92,24.1,44.7,43.1,103.9,Rainfed,228.3,4.78,0.86,1.3,2.29,69316,131203,158734,27531,714,3.207,35.7,1.3,17.34411027,0.003207283,191.7,57293.88646,0.133893557
SF13553,Telangana,Nalgonda,Cotton,Kharif,11.7,891.7,27.2,80.8,8,7.06,30.3,106.2,37.5,87.1,Flood,162.8,6.16,0.67,1.48,17.32,74640,884213,1292765,408552,11572,1.497,59.3,1.48,31.60295955,0.001496716,230.8,51051.55889,0.103878583
SF13554,Andhra Pradesh,Guntur,Groundnut,Kharif,5.17,909.8,31.1,55.3,6.3,5.75,32.5,86.6,71.6,90.8,Rainfed,216.4,3.61,0.66,0.6,3.1,59179,348304,183455,-164849,1382,2.243,47.4,0.6,-89.85800333,0.002243126,249,112356.129,0.076160338
SF13555,Madhya Pradesh,Indore,Wheat,Rabi,5.78,783.6,20.5,42.8,7,7.66,26,122.9,69.9,145.1,Sprinkler,101.1,5.02,0.97,1.09,6.3,25532,361782,160852,-200930,3443,1.83,41.4,1.09,-124.9160719,0.0018298,337.9,57425.71429,0.121256039
SF13556,Karnataka,Raichur,Wheat,Zaid,9.22,341,33.7,54.9,10.4,7.05,28.9,156.9,41.6,149.8,Rainfed,116.1,4.37,0.8,1.87,17.24,24325,483430,419363,-64067,2961,5.822,30.7,1.87,-15.27721807,0.005822357,348.3,28041.18329,0.142345277
SF13557,Telangana,Nalgonda,Rice,Kharif,10.06,1154.9,26.5,74.1,8.1,6.39,36.4,167.4,55.8,156.2,Drip,205.8,2.82,0.92,3.86,38.83,19929,561999,773843,211844,11900,3.263,56.1,3.86,27.37557877,0.003263025,379.4,14473.3196,0.05026738
SF13558,Tamil Nadu,Erode,Rice,Rabi,11.19,585.4,24,70.8,6.4,7.91,30.6,135.3,42.9,114.3,Flood,175.1,5.87,0.95,0.63,7.05,20582,710169,145103,-565066,20102,0.351,49.2,0.63,-389.4240643,0.000350711,292.5,100733.1915,0.119308943
SF13559,Madhya Pradesh,Indore,Pulses,Kharif,8.76,654.5,28.4,66.1,5.7,7.21,28.9,161.6,68.5,71.5,Drip,122.6,1.61,0.91,1.19,10.42,77383,581076,806331,225255,2297,4.536,61.8,1.19,27.93579808,0.004536352,301.6,55765.45106,0.02605178
SF13560,Telangana,Warangal,Chilli,Kharif,5.85,1099.7,31.3,62.7,6.6,7.27,41.3,127.9,69.9,130.9,Rainfed,119.1,6.95,0.79,1.37,8.01,95018,351187,761094,409907,1997,4.011,47.3,1.37,53.85760497,0.004011017,328.7,43843.57054,0.146934461
SF13561,Punjab,Ludhiana,Wheat,Rabi,5.13,786.5,23.1,59.4,6.9,7.85,28.3,129.1,33.1,98.8,Drip,147.8,4.52,0.69,0.74,3.8,24204,250680,91975,-158705,2462,1.543,45.8,0.74,-172.552324,0.001543461,261,65968.42105,0.098689956
SF13562,Punjab,Ludhiana,Chilli,Kharif,14.33,1125.2,24.2,71.6,6.5,5.27,34.7,116.2,66.5,162.6,Sprinkler,134.5,4.53,0.87,0.3,4.3,94931,996733,408203,-588530,7917,0.543,60.4,0.3,-144.1758145,0.000543135,345.3,231798.3721,0.075
SF13563,Maharashtra,Nashik,Wheat,Rabi,5.42,378.4,23.5,64.7,7.6,5.63,31.1,123.2,42.3,90.6,Rainfed,212.8,5.63,0.89,0.62,3.36,23767,329714,79857,-249857,1774,1.894,37.6,0.62,-312.8805239,0.001894025,256.1,98129.16667,0.149734043
SF13564,Gujarat,Rajkot,Pulses,Rabi,2.91,150.9,21.4,49.3,6.9,6.84,20.7,118.8,58.5,125.6,Rainfed,270.6,2.5,0.93,0.68,1.98,79701,188974,157808,-31166,613,3.23,37.5,0.68,-19.74931562,0.003230016,302.9,95441.41414,0.066666667
SF13565,Andhra Pradesh,Guntur,Chilli,Rabi,6.98,219.6,19.4,57.6,7,6.03,21.1,82.2,50.1,65.7,Sprinkler,244.8,4.57,0.67,0.81,5.65,99017,576706,559446,-17260,4504,1.254,37.9,0.81,-3.085194996,0.00125444,198,102071.8584,0.120580475
SF13566,Telangana,Warangal,Wheat,Kharif,3.37,747.8,29.6,61.2,6.4,7.77,30,143.5,40.7,128.6,Rainfed,255.8,8.52,0.68,0.88,2.97,18583,233979,55192,-178787,930,3.194,32.7,0.88,-323.9364401,0.003193548,312.8,78780.80808,0.260550459
SF13567,Telangana,Warangal,Pulses,Kharif,13.29,769.7,25,68.2,5.8,6.32,24.5,111.8,82.4,78.1,Flood,187.6,7.31,0.92,1.26,16.75,59195,961845,991516,29671,5336,3.139,44.7,1.26,2.99248827,0.003139055,272.3,57423.58209,0.163534676
SF13568,Andhra Pradesh,Guntur,Sugarcane,Rabi,8.33,316.2,23.5,64.2,7.3,5.48,27.1,109.4,45.5,103.6,Drip,170.6,4.76,0.88,7.9,65.81,3148,518886,207170,-311716,14406,4.568,39.1,7.9,-150.4638703,0.004568235,258.5,7884.607203,0.12173913
SF13569,Punjab,Ludhiana,Groundnut,Zaid,12.24,427.2,30.8,40.3,7.8,5.84,25.6,145.7,53.8,142.9,Rainfed,188.3,4.67,0.87,0.66,8.08,55352,760767,447244,-313523,3478,2.323,45.6,0.66,-70.10110812,0.002323174,342.4,94154.33168,0.102412281
SF13570,Tamil Nadu,Erode,Wheat,Rabi,0.88,353.8,25.8,49.4,6.3,7.88,23.6,104.4,34.2,151.7,Flood,109.7,8.33,0.72,0.46,0.4,26639,58368,10656,-47712,524,0.763,15.6,0.46,-447.7477477,0.000763359,290.3,145920,0.533974359
SF13571,Madhya Pradesh,Indore,Maize,Kharif,8.55,798.7,25.2,75.1,6.1,8.11,35.2,160.9,61.5,145.5,Sprinkler,190.2,3.26,0.75,0.42,3.59,20748,573939,74485,-499454,5228,0.687,63.9,0.42,-670.5430624,0.000686687,367.9,159871.5877,0.051017214
SF13572,Gujarat,Rajkot,Rice,Kharif,14.77,765.1,25.9,76.1,5.9,6.21,25.5,40,40,123.6,Rainfed,201.7,9.1,0.86,2.46,36.33,17494,946057,635557,-310500,11012,3.299,44.5,2.46,-48.85478407,0.003299128,203.6,26040.65511,0.204494382
SF13573,Karnataka,Raichur,Chilli,Kharif,4.68,608.1,28.2,79.5,7.9,7.27,37.6,125.5,71.4,111.2,Flood,252.4,5.5,0.92,1.67,7.82,114735,360622,897228,536606,3862,2.025,57.9,1.67,59.80709474,0.002024858,308.1,46115.34527,0.094991364
SF13574,Karnataka,Raichur,Wheat,Zaid,9.17,133.8,27.5,53.5,9.8,6.69,8,79,52,119.7,Rainfed,106.5,5.64,0.66,1.85,16.96,24827,644280,421066,-223214,2722,6.231,19.5,1.85,-53.01164188,0.006230713,250.7,37988.20755,0.289230769
SF13575,Andhra Pradesh,Guntur,Wheat,Kharif,8.22,964.2,26.5,63.6,6.7,6.18,36.8,96.1,77,109.8,Sprinkler,308.9,1.93,0.8,2.37,19.48,24799,522128,483085,-39043,4122,4.726,62.1,2.37,-8.082014552,0.004725861,282.9,26803.28542,0.031078905
SF13576,Gujarat,Rajkot,Cotton,Rabi,4.3,546.2,21.8,45.3,8.4,5.98,22.3,160.1,60.3,149.3,Drip,166.3,4.46,1,0.95,4.08,64898,235656,264784,29128,2901,1.406,41,0.95,11.00066469,0.001406412,369.7,57758.82353,0.108780488
SF13577,Karnataka,Raichur,Pulses,Kharif,10.48,789.2,29.1,76.9,6,6.5,29.6,41.7,54.3,77.9,Flood,91.5,2.7,0.89,1.07,11.21,71535,534418,801907,267489,4881,2.297,50.9,1.07,33.35661118,0.002296661,173.9,47673.32739,0.053045187
SF13578,Tamil Nadu,Erode,Wheat,Rabi,6.92,80,23.5,63.1,6.7,7.55,24.8,155.5,15,105.7,Flood,222.3,4.51,0.89,0.79,5.47,23098,507803,126346,-381457,5287,1.035,41.9,0.79,-301.9145838,0.001034613,276.2,92834.18647,0.107637232
SF13579,Punjab,Ludhiana,Rice,Kharif,1.41,571.6019185,27.7,82.6,7,6.42,32,148.3,62.8,136.5,Flood,248.5,4.03,0.77,3.77,5.32,19999,106402,106395,-7,2141,2.485,61.5,3.77,-0.006579257,0.00248482,347.6,20000.37594,0.065528455
SF13580,Gujarat,Rajkot,Wheat,Kharif,11.99,632,27.5,82.7,6.3,7.12,33.8,133.9,43.6,116.6,Drip,253.4,6.23,0.76,3.32,39.81,24334,865108,968737,103629,6114,6.511,57.7,3.32,10.69733065,0.006511286,294.1,21730.92188,0.10797227
SF13581,Madhya Pradesh,Indore,Chilli,Rabi,13.6,473.1,22.2,57.8,5.7,7.37,20.6,174.2,76.4,131.8,Sprinkler,273.9,5.76,0.85,1.52,20.67,99958,1028732,2066132,1037400,9649,2.142,40.6,1.52,50.20976395,0.002142191,382.4,49769.32753,0.141871921
SF13582,Andhra Pradesh,Krishna,Sugarcane,Rabi,14.65,459.8,26.3,75.6,7.2,6.11,29.3,134.1,58.4,116.6,Sprinkler,233.4,4.66,0.66,47.8,700.27,2905,966704,2034284,1067580,26779,26.15,46.2,47.8,52.47939816,0.026149968,309.1,1380.473246,0.100865801
SF13583,Telangana,Nalgonda,Rice,Kharif,1.23,600.7,27.3,64.8,6.5,6.55,38.2,77.6,59.9,157.2,Flood,158.5,5.47,0.75,4.16,5.12,20447,73114,104689,31575,2412,2.123,45.2,4.16,30.16076188,0.00212272,294.7,14280.07813,0.121017699
SF13584,Telangana,Warangal,Chilli,Kharif,8.2,692.5,30.9,58.5,5.8,6.59,35.9,70.2,73.4,104.5,Drip,92.4,4.52,0.72,2.78,22.8,105503,549777,2405468,1855691,5253,4.34,42.3,2.78,77.144697,0.004340377,248.1,24113.02632,0.106855792
SF13585,Telangana,Warangal,Rice,Kharif,11.53,618.4,30.5,63.2,6.5,6.96,33.7,146.6,54.2,88.9,Sprinkler,61.7,7.98,0.87,4.35,50.16,22542,710974,1130707,419733,17997,2.787,44.1,4.35,37.12128783,0.002787131,289.7,14174.12281,0.180952381
SF13586,Gujarat,Rajkot,Wheat,Kharif,11.09,526.9,29,63.5,6.6,6.76,30.3,91.6,67,104.9,Rainfed,56,3.18,0.74,2.63,29.17,20408,410160,595301,185141,2899,10.062,53.9,2.63,31.10040131,0.01006209,263.5,14061.0216,0.058998145
SF13587,Andhra Pradesh,Krishna,Chilli,Zaid,9.93,80,34.3,46,9.7,6.07,15,180.3,61.1,139,Drip,108.4,1.37,0.95,1.09,10.82,99182,482371,1073149,590778,5290,2.045,53.2,1.09,55.05088296,0.002045369,380.4,44581.42329,0.02575188
SF13588,Karnataka,Raichur,Cotton,Zaid,6.69,497.3,32.9,57.7,7.5,6.24,24.7,105.8,48.6,155.2,Sprinkler,170.2,7.04,0.73,1.28,8.56,70693,498665,605132,106467,4688,1.826,32.4,1.28,17.59401255,0.001825939,309.6,58255.25701,0.217283951
SF13589,Telangana,Warangal,Maize,Kharif,3.38,1134.6,28,66.4,7.3,7.33,27.1,151.2,74.1,120,Rainfed,183.6,6.95,0.9,2.16,7.3,23848,211229,174090,-37139,1063,6.867,51.6,2.16,-21.33321845,0.006867357,345.3,28935.47945,0.134689922
SF13590,Andhra Pradesh,Guntur,Cotton,Rabi,11.17,439.8,25.2,55.3,8.7,5.77,23.9,62.6,50.8,105.8,Sprinkler,112.2,1.97,0.7,0.6,6.7,74421,749367,498621,-250746,7176,0.934,59.1,0.6,-50.28789401,0.000933668,219.2,111845.8209,0.033333333
SF13591,Karnataka,Raichur,Cotton,Kharif,7.56,1088,27.9,72.7,6.5,7.51,40.6,167.8,55.7,53.4,Rainfed,222.7,4.11,0.66,0.79,5.97,65503,479839,391053,-88786,2611,2.286,64.3,0.79,-22.70433931,0.00228648,276.9,80375.04188,0.063919129
SF13592,Madhya Pradesh,Indore,Wheat,Kharif,6.32,1176.9,23.5,73.6,5,6.68,31.8,96.9,52.8,101.1,Rainfed,300.6,1.83,0.79,2.12,13.4,23382,459913,313319,-146594,1979,6.771,61.5,2.12,-46.78745943,0.006771097,250.8,34321.86567,0.029756098
SF13593,Madhya Pradesh,Indore,Rice,Kharif,4.19,698.7,27.7,62.4,7.7,5.74,31.6,108.1,67.1,76.3,Flood,219.1,3.89,0.85,1.51,6.33,24439,299234,154699,-144535,7404,0.855,47,1.51,-93.42982178,0.000854943,251.5,47272.35387,0.082765957
SF13594,Andhra Pradesh,Guntur,Rice,Rabi,6.63,457,25.2,74.2,6.3,6.52,39.9,125.3,20.8,84.3,Flood,109.2,6.98,0.82,3.19,21.15,21300,424258,450495,26237,11849,1.785,34.6,3.19,5.824038003,0.001784961,230.4,20059.47991,0.201734104
SF13595,Telangana,Warangal,Rice,Zaid,7.2,484.9,32.7,59.3,8.7,6.81,24.2,154.4,54.5,80.8,Flood,140.7,2.86,0.84,3.17,22.82,25015,424350,570842,146492,12776,1.786,53.8,3.17,25.6624425,0.001786162,289.7,18595.53024,0.053159851
SF13596,Andhra Pradesh,Krishna,Pulses,Kharif,14.2,816.7,28.3,72.2,8,6.86,20,152.4,32.2,90.8,Drip,250.3,1.4,0.83,1.69,24,82946,1110632,1990704,880072,4653,5.158,62.6,1.69,44.20908382,0.005157963,275.4,46276.33333,0.022364217
SF13597,Telangana,Nalgonda,Chilli,Rabi,11.74,593.2,23.3,60,7.4,7.02,26,150.1,67,110.4,Drip,115.6,8.59,0.66,2.23,26.18,111224,761807,2911844,2150037,4494,5.826,33.1,2.23,73.83764377,0.005825545,327.5,29098.81589,0.259516616
SF13598,Telangana,Nalgonda,Wheat,Rabi,6.9,495.5,27.8,48.8,7.6,7.69,22.6,64.7,86.1,56.1,Rainfed,203.1,5.79,0.93,0.89,6.14,25009,475282,153555,-321727,1911,3.213,52.8,0.89,-209.5190648,0.003212977,206.9,77407.49186,0.109659091
SF13599,Andhra Pradesh,Krishna,Rice,Kharif,2.16,876.5,32.7,64.6,5.4,7.5,34.7,135.3,64.3,137.2,Rainfed,304.8,3.01,0.88,1.59,3.43,20811,145138,71382,-73756,1766,1.942,64.2,1.59,-103.3257684,0.001942242,336.8,42314.28571,0.046884735
SF13600,Punjab,Ludhiana,Pulses,Rabi,1.3,633.4,21.8,67.3,7.9,7.85,27.8,62.1,51.5,136,Flood,186.5,3.31,0.82,0.3,0.39,77283,78921,30140,-48781,539,0.724,48.3,0.3,-161.8480425,0.000723562,249.6,202361.5385,0.068530021
SF13601,Gujarat,Rajkot,Pulses,Kharif,7.32,919.8,27.7,74.7,5.6,6.87,27,129.5,62.3,47.9,Flood,152.1,4.18,0.93,1.54,11.27,76876,462332,866393,404061,3345,3.369,60.9,1.54,46.63714965,0.003369208,239.7,41023.24756,0.06863711
SF13602,Telangana,Warangal,Groundnut,Kharif,9.01,841.6,32.1,59.2,6.8,7.07,34.3,143.6,90.1,109.1,Sprinkler,255,4.77,0.67,1.52,13.7,67986,654168,931408,277240,4726,2.899,56.9,1.52,29.76568808,0.002898857,342.8,47749.48905,0.083831283
SF13603,Punjab,Ludhiana,Rice,Kharif,7.26,830.3,30.3,84.5,6.1,6.81,30.1,83.1,64,123.8,Rainfed,280.3,3.13,0.7,3.93,28.53,20400,543394,582012,38618,7092,4.023,77.2,3.93,6.63525838,0.004022843,270.9,19046.40729,0.040544041
SF13604,Telangana,Nalgonda,Cotton,Zaid,11.78,465,31.1,62.6,7.1,7.18,23,159,53.8,121.7,Drip,162.1,5.8,0.71,1.32,15.55,71271,860365,1108264,247899,7120,2.184,37.8,1.32,22.36822634,0.002183989,334.5,55328.93891,0.153439153
SF13605,Maharashtra,Nashik,Wheat,Kharif,8.96,1063.1,26.5,71.4,6.9,7.25,29.3,104.2,30.7,87.4,Flood,116.9,8.65,0.82,1.79,16.04,22573,670876,362071,-308805,6126,2.618,53,1.79,-85.28852076,0.002618348,222.3,41825.18703,0.163207547
SF13606,Madhya Pradesh,Indore,Maize,Rabi,10.54,343.4,22.4,64.8,7.7,7.06,17.2,101.1,61.7,107,Drip,218.4,3.3,0.79,2.69,28.35,21596,823511,612247,-211264,4875,5.815,36.2,2.69,-34.50633486,0.005815385,269.8,29048.00705,0.091160221
SF13607,Madhya Pradesh,Indore,Pulses,Kharif,12.29,922.7,28.6,71.6,7.2,6.8,28.7,108.4,51.9,81.7,Rainfed,135.6,5.31,0.74,1.31,16.1,75387,771535,1213731,442196,2293,7.021,61.1,1.31,36.43278453,0.007021369,242,47921.42857,0.08690671
SF13608,Maharashtra,Nashik,Wheat,Kharif,1.02,939.4,29.4,69.3,8.2,7.19,31,148.4,55.1,82.3,Flood,225.2,3.79,0.95,2.27,2.32,17667,65729,40987,-24742,732,3.169,55.1,2.27,-60.36548174,0.003169399,285.8,28331.46552,0.068784029
SF13609,Punjab,Ludhiana,Wheat,Rabi,5.57,1046.8,23.4,50.6,8.5,5.84,21.5,131.9,72.1,137.8,Flood,75.4,5.61,0.74,1.01,5.63,23064,286155,129850,-156305,3793,1.484,60.5,1.01,-120.3735079,0.001484313,341.8,50826.8206,0.092727273
SF13610,Madhya Pradesh,Indore,Pulses,Rabi,12.48,512.8,22.8,53.6,7.2,6.51,25.1,110.1,70.3,111.6,Drip,200.1,4.48,0.74,1.24,15.48,73482,872263,1137501,265238,4793,3.23,44.5,1.24,23.31760587,0.00322971,292,56347.73902,0.100674157
SF13611,Punjab,Ludhiana,Maize,Rabi,12.67,468.8,24.3,51.9,6.2,7.49,22,105.2,59.8,105.3,Sprinkler,151.5,2.77,0.81,1.64,20.78,18763,641815,389895,-251920,8035,2.586,52.2,1.64,-64.61226741,0.002586185,270.3,30886.18864,0.053065134
SF13612,Gujarat,Rajkot,Cotton,Rabi,14.41,519.2,25.1,40.5,8.7,6.28,28.7,126.7,40.9,100,Rainfed,256.9,4.19,0.96,0.98,14.12,62305,999668,879747,-119921,5368,2.63,35.2,0.98,-13.63130536,0.002630402,267.6,70798.017,0.119034091
SF13613,Telangana,Warangal,Rice,Kharif,10.66,1013.7,23.5,82.4,6.9,6.9,35.2,78.7,54.1,126.6,Drip,250.3,6.28,0.69,3.79,40.4,21488,732865,868115,135250,14066,2.872,45.6,3.79,15.5797331,0.002872174,259.4,18140.22277,0.137719298
SF13614,Andhra Pradesh,Krishna,Maize,Zaid,11.61,172.8,29.7,58.3,8.3,7.21,18,135,71.7,100,Rainfed,141.5,4.55,0.86,1.55,18,18604,735965,334872,-401093,4025,4.472,47.5,1.55,-119.7750185,0.00447205,306.7,40886.94444,0.095789474
SF13615,Punjab,Ludhiana,Groundnut,Rabi,3.38,354.4,22.3,78.8,5.5,6.79,31.5,132,62.9,50.2,Flood,109.6,0.64,0.78,1.37,4.63,53498,157237,247696,90459,2317,1.998,57.8,1.37,36.52016989,0.001998274,245.1,33960.47516,0.011072664
SF13616,Gujarat,Rajkot,Chilli,Rabi,2.95,577.3,21.2,54.8,7.6,7.14,24.7,179.2,63.8,59.9,Rainfed,176.8,5.88,0.74,1.62,4.78,128978,181463,616515,435052,862,5.545,38.8,1.62,70.56632848,0.005545244,302.9,37962.97071,0.151546392
SF13617,Karnataka,Raichur,Chilli,Kharif,3.91,826.6,34,81.9,6.7,7.24,33.4,122.5,71.2,122.4,Drip,123.4,2.84,0.94,1.6,6.26,105826,192748,662471,469723,2047,3.058,63,1.6,70.90468866,0.003058134,316.1,30790.41534,0.045079365
SF13618,Punjab,Ludhiana,Wheat,Rabi,7.87,442.4,21.3,64.4,7.6,6.44,26.3,86,53.4,76.6,Rainfed,278.8,7.62,0.91,2.31,18.18,20456,557349,371890,-185459,2322,7.829,24.6,2.31,-49.8693162,0.007829457,216,30657.26073,0.309756098
SF13619,Punjab,Ludhiana,Maize,Kharif,14.68,939.6,30.2,63.7,4.8,6.53,32.7,107.3,35.4,104.2,Rainfed,233.3,2.44,0.95,3.03,44.48,17696,971729,787118,-184611,5014,8.871,69.1,3.03,-23.45404374,0.008871161,246.9,21846.42536,0.035311143
SF13620,Tamil Nadu,Erode,Cotton,Rabi,13.21,260.2,20.6,59.3,9,8.1,26.7,109.6,82.1,96.6,Flood,206.6,5.39,0.92,0.3,3.96,71775,909275,284229,-625046,11326,0.35,32.5,0.3,-219.9092985,0.000349638,288.3,229614.899,0.165846154
SF13621,Karnataka,Raichur,Chilli,Zaid,7.02,122.5,34.7,59.9,8.9,7.5,16.3,126.1,43.7,105,Flood,158.5,6.68,1,0.56,3.93,111575,374980,438490,63510,5660,0.694,47.7,0.56,14.48379667,0.000694346,274.8,95414.75827,0.140041929
SF13622,Telangana,Nalgonda,Pulses,Rabi,13.8,574.5,24.8,46.9,8.3,6.74,17.2,123.7,63.1,105,Drip,219.7,6.95,0.89,1.8,24.84,76600,827571,1902744,1075173,5221,4.758,28.2,1.8,56.50644543,0.004757709,291.8,33316.0628,0.246453901
SF13623,Maharashtra,Nashik,Sugarcane,Kharif,6.64,879.1,30.8,81,7.3,6.28,42.6,185.6,88.9,102.3,Flood,55,5.04,0.89,61.72,409.82,3723,525034,1525760,1000726,13830,29.633,57.3,61.72,65.58869023,0.029632683,376.8,1281.13318,0.087958115
SF13624,Telangana,Nalgonda,Maize,Rabi,9.46,565.8,19.8,49.2,9.5,6.19,27.8,113.8,39,78.6,Flood,204.3,3.53,0.95,2.16,20.43,19338,646776,395075,-251701,7160,2.853,33,2.16,-63.70967538,0.002853352,231.4,31658.14978,0.106969697
SF13625,Maharashtra,Nashik,Wheat,Rabi,2.43,491.3,22.7,47.4,7.3,6.81,28.7,76.1,24.8,143.5,Drip,195,4.77,0.93,2.99,7.27,24371,155689,177177,21488,1145,6.349,42.1,2.99,12.12798501,0.006349345,244.4,21415.26823,0.113301663
SF13626,Andhra Pradesh,Krishna,Maize,Rabi,13.47,439.1,19.5,54.5,7,5.7,25.9,58.2,51.9,117.2,Flood,246.6,8.88,0.7,0.97,13.07,17330,1207553,226503,-981050,9675,1.351,27.7,0.97,-433.128921,0.001350904,227.3,92391.20122,0.320577617
SF13627,Andhra Pradesh,Guntur,Rice,Rabi,11.06,359.1,22.2,49.1,7.4,5.31,24.6,138.8,76.5,59.4,Flood,100.8,5.38,0.85,0.3,3.32,20480,549703,67994,-481709,22616,0.147,30,0.3,-708.4580992,0.000146799,274.7,165573.1928,0.179333333
SF13628,Andhra Pradesh,Guntur,Cotton,Zaid,10.53,261.1,33.1,42.5,8.6,6.96,18.3,93.3,65.1,164.7,Rainfed,198.3,5.69,0.83,0.85,8.95,68815,638873,615894,-22979,4321,2.071,34.6,0.85,-3.730999165,0.00207128,323.1,71382.4581,0.164450867
SF13629,Maharashtra,Nashik,Chilli,Kharif,6.55,650.4,30.2,72.9,6.6,7.95,28.7,123.2,46,126.3,Flood,202.7,4.07,0.65,0.44,2.88,103177,423847,297150,-126697,4450,0.647,65.1,0.44,-42.63738852,0.000647191,295.5,147169.0972,0.062519201
SF13630,Telangana,Warangal,Rice,Kharif,12.85,934,27,59.2,6.1,7.7,42.1,86.6,82.9,105.6,Flood,206.9,4.28,0.92,1.25,16.06,24483,970268,393197,-577071,27548,0.583,49.4,1.25,-146.7638359,0.000582982,275.1,60415.19303,0.086639676
SF13631,Telangana,Nalgonda,Groundnut,Kharif,5.92,748.5,28,83,6.7,6.83,24.4,150.7,57.2,99.4,Drip,241.8,2.66,0.77,2.66,15.75,51041,346554,803896,457342,2293,6.869,58.7,2.66,56.89069233,0.006868731,307.3,22003.42857,0.045315162
SF13632,Tamil Nadu,Erode,Pulses,Rabi,10.88,281.7,16.7,60.3,5.9,5.92,16.8,104.9,63.1,120.2,Rainfed,294.2,3.07,0.67,0.34,3.7,72179,724500,267062,-457438,2437,1.518,50.2,0.34,-171.2853195,0.00151826,288.2,195810.8108,0.061155378
SF13633,Andhra Pradesh,Krishna,Rice,Kharif,2.36,1136.7,25.9,71.6,7.2,6.55,16.7,57.6,61.1,154.2,Flood,164,2.86,0.92,2.93,6.91,22240,176694,153678,-23016,5772,1.197,71.6,2.93,-14.97676961,0.001197159,272.9,25570.767,0.039944134
SF13634,Andhra Pradesh,Guntur,Cotton,Zaid,12.78,514.1,28.5,58.9,8.5,7.4,13.3,64.2,89.2,96.2,Flood,107.5,8.28,0.73,0.83,10.61,69795,948263,740525,-207738,12156,0.873,34.3,0.83,-28.05280038,0.00087282,249.6,89374.45806,0.241399417
SF13635,Maharashtra,Nashik,Rice,Zaid,14.02,80,32.3,46.4,9.2,5.9,29.3,117.8,92.5,90.6,Rainfed,40,3.91,0.7,0.94,13.18,21417,620149,282276,-337873,12057,1.093,32,0.94,-119.6959713,0.001093141,300.9,47052.27618,0.1221875
SF13636,Gujarat,Rajkot,Sugarcane,Rabi,12.8,601.1,23.4,57.4,8.7,5.97,34.9,156.2,83.9,89.4,Flood,122.1,10.07,0.83,38.97,498.82,3768,843592,1879554,1035962,29601,16.851,42.2,38.97,55.11743743,0.016851458,329.5,1691.175173,0.238625592
SF13637,Telangana,Nalgonda,Cotton,Zaid,14.86,250.1,28.1,56.9,8.5,6.09,13.8,152.4,63.2,127.5,Rainfed,175.1,4.71,0.8,0.83,12.33,74500,1060049,918585,-141464,6269,1.967,40,0.83,-15.40020793,0.001966821,343.1,85973.15491,0.11775
SF13638,Madhya Pradesh,Indore,Chilli,Rabi,9.42,318.6,21.2,71.9,7.2,7.47,26.4,97.7,64.1,150.3,Sprinkler,176.3,4.3,0.76,0.99,9.33,103731,488471,967810,479339,5618,1.661,44.4,0.99,49.52821318,0.001660733,312.1,52354.87674,0.096846847
SF13639,Maharashtra,Nashik,Cotton,Zaid,9.43,393.2,29.2,53.5,8.8,6.51,17.6,96.3,58.2,112.7,Drip,136.7,3.74,0.86,1.6,15.09,57694,618933,870602,251669,5435,2.776,39.4,1.6,28.90746863,0.002776449,267.2,41016.10338,0.094923858
SF13640,Andhra Pradesh,Guntur,Groundnut,Zaid,5.31,403.3,30.3,60.1,7.6,6.62,22.4,142.6,61.8,92,Drip,166.5,5.33,0.69,2,10.62,65523,408759,695854,287095,2019,5.26,37.6,2,41.25793629,0.00526003,296.4,38489.54802,0.141755319
SF13641,Telangana,Warangal,Rice,Kharif,3.89,1004.3,29.2,78.4,5.7,6.89,33.4,191.2,70.5,96.8,Flood,163.2,5.89,0.99,3.64,14.16,21845,247901,309325,61424,7152,1.98,46.1,3.64,19.8574315,0.001979866,358.5,17507.13277,0.127765727
SF13642,Gujarat,Rajkot,Groundnut,Rabi,1.81,342.5,23.5,60.2,7.4,7.47,18.5,122.6,42.2,110.1,Sprinkler,122.2,6.17,0.72,0.86,1.56,52079,94482,81243,-13239,798,1.955,26.3,0.86,-16.29555777,0.001954887,274.9,60565.38462,0.23460076
SF13643,Andhra Pradesh,Guntur,Rice,Rabi,11.48,258.1,26,59.6,9.9,7.42,27.9,130.5,35.1,111.5,Flood,235.5,2.84,0.71,1.59,18.25,18460,776519,336895,-439624,22383,0.815,36.7,1.59,-130.4928835,0.000815351,277.1,42548.9863,0.077384196
SF13644,Madhya Pradesh,Indore,Groundnut,Kharif,9.96,827.5,28.5,72.5,6.1,7.6,30.4,68.4,54.7,119.9,Drip,210.4,3.6,0.91,0.66,6.57,54691,733833,359320,-374513,4145,1.585,61.3,0.66,-104.2282645,0.001585042,243,111694.5205,0.058727569
SF13645,Karnataka,Raichur,Chilli,Kharif,4.59,689.7,34,70.9,7.5,6.18,30.7,152.6,38.8,78.4,Drip,223,4.44,0.87,1.93,8.86,129256,349839,1145208,795369,2649,3.345,52.7,1.93,69.45192489,0.003344658,269.8,39485.21445,0.084250474
SF13646,Tamil Nadu,Erode,Wheat,Rabi,8.07,562.3,26.2,39.4,9.2,7.34,28.1,120,50.5,86.8,Sprinkler,282.2,0.5,0.89,2.5,20.18,22532,573160,454696,-118464,4292,4.702,52.3,2.5,-26.0534511,0.004701771,257.3,28402.37859,0.009560229
SF13647,Tamil Nadu,Erode,Chilli,Kharif,10.49,891.4,28.2,70.1,7.7,6.52,30.2,123.7,49.6,78.7,Rainfed,233.9,9.74,0.65,2.1,22.03,116330,711490,2562750,1851260,3545,6.214,38.8,2.1,72.23724515,0.006214386,252,32296.41398,0.251030928
SF13648,Maharashtra,Nashik,Groundnut,Kharif,3.82,985.6,28.7,78.2,6.9,7.93,26.7,115.6,34.3,79.8,Drip,192.4,7.4,0.78,0.3,1.15,61474,208876,70695,-138181,1849,0.622,39.4,0.3,-195.4607822,0.000621958,229.7,181631.3043,0.187817259
SF13649,Telangana,Nalgonda,Maize,Kharif,13.1,915.8,31.8,75.3,7.7,7.03,35.6,133.1,75.5,116.7,Rainfed,202.9,2.13,0.71,2.63,34.45,21283,872413,733199,-139214,3286,10.484,69.8,2.63,-18.98720538,0.010483871,325.3,25324.03483,0.030515759
SF13650,Madhya Pradesh,Indore,Pulses,Kharif,10.31,951.7,32.8,74,7.2,6.49,31,86.9,42.2,102.7,Drip,191.1,7.06,0.75,1.17,12.06,61558,738870,742389,3519,3590,3.359,52.1,1.17,0.474010256,0.003359331,231.8,61266.16915,0.135508637
SF13651,Maharashtra,Nashik,Rice,Kharif,4.37,1093,26.8,72.3,6.3,6.92,30.8,146.6,86,69.2,Sprinkler,129.6,7.01,0.87,4.23,18.49,16874,280280,312000,31720,7361,2.512,54.5,4.23,10.16666667,0.002511887,301.8,15158.46403,0.128623853
SF13652,Telangana,Nalgonda,Chilli,Rabi,4.24,560.8,22.5,62.9,6.5,5.69,21.9,114,71.1,146.7,Drip,238.8,3.08,0.93,0.62,2.63,98792,295412,259823,-35589,2211,1.19,45.8,0.62,-13.69740169,0.001189507,331.8,112323.9544,0.067248908
SF13653,Andhra Pradesh,Guntur,Wheat,Zaid,8.8,380.9,32.3,52.6,8.9,6.68,21,99.2,51.8,87.6,Sprinkler,192.2,4.97,0.72,2.3,20.24,25982,655879,525876,-130003,3759,5.384,34.3,2.3,-24.72122706,0.005384411,238.6,32405.08893,0.144897959
SF13654,Gujarat,Rajkot,Sugarcane,Rabi,11.36,530.6,20.7,59.6,6.3,7.01,21.9,198.6,45.3,101.7,Flood,199.2,7.51,0.81,61.04,693.41,3776,772543,2618316,1845773,22238,31.181,30.9,61.04,70.49466145,0.031181311,345.6,1114.121515,0.243042071
SF13655,Gujarat,Rajkot,Pulses,Kharif,2.61,727.4,31.9,72.4,7.5,6.9,32,96.4,58.7,103.2,Rainfed,138.2,2.05,0.69,1.16,3.03,72898,142695,220881,78186,547,5.539,67.7,1.16,35.39734065,0.005539305,258.3,47094.05941,0.03028065
SF13656,Karnataka,Raichur,Cotton,Rabi,13.16,744.8,25,53.9,7.5,7.23,34.5,68.9,37.1,81.5,Flood,256.6,6.08,0.93,1.25,16.45,54182,1010434,891294,-119140,12685,1.297,38.5,1.25,-13.36708202,0.001296807,187.5,61424.55927,0.157922078
SF13657,Punjab,Ludhiana,Groundnut,Kharif,13.05,571.6019185,28.5,73.4,6.7,6.82,37.1,127.1,73.5,120.1,Flood,175.9,2.62,0.77,1.92,25.06,55315,679680,1386194,706514,6860,3.653,61.2,1.92,50.96790204,0.003653061,320.7,27122.10694,0.042810458
SF13658,Telangana,Warangal,Rice,Zaid,6,342.1,34.1,67,8.6,6.41,21.6,108.8,78.9,100.2,Drip,167.8,5.74,0.92,2.58,15.48,22389,437507,346582,-90925,7745,1.999,42.1,2.58,-26.23477272,0.001998709,287.9,28262.7261,0.136342043
SF13659,Karnataka,Raichur,Pulses,Zaid,3.42,234.2,24.9,44,7.9,7.72,24.6,74.3,61.1,90.1,Flood,173.5,5.3,0.78,0.3,1.03,66723,225956,68725,-157231,1531,0.673,28.9,0.3,-228.7828301,0.000672763,225.5,219374.7573,0.183391003
SF13660,Punjab,Ludhiana,Pulses,Kharif,13.13,1114.4,28.4,70.9,6.1,6.12,31.4,72.7,47.9,121.5,Flood,180.7,4.52,0.67,0.8,10.5,72084,753541,756882,3341,5000,2.1,62.7,0.8,0.441416231,0.0021,242.1,71765.80952,0.072089314
SF13661,Tamil Nadu,Erode,Wheat,Zaid,12.97,224.7,26.7,51.3,6.5,6.79,16.9,142,51.5,117.9,Flood,185.7,4.64,0.78,2.5,32.43,25531,1006857,827970,-178887,9304,3.486,37.4,2.5,-21.60549295,0.003485598,311.4,31047.08603,0.124064171
SF13662,Tamil Nadu,Erode,Maize,Rabi,13.82,478.9,28.3,47.8,8.4,6.53,30.8,143.7,41.5,127.8,Flood,150.4,3.51,0.81,4.13,57.08,21651,771682,1235839,464157,10546,5.412,49.1,4.13,37.55804761,0.005412479,313,13519.30624,0.071486762
SF13663,Madhya Pradesh,Indore,Wheat,Rabi,2.35,481.6,27.4,53.3,7.5,6.26,29.6,120.8,54,106.7,Rainfed,200.8,3.9,0.7,2.18,5.12,25450,177056,130304,-46752,716,7.151,34.1,2.18,-35.87917485,0.007150838,281.5,34581.25,0.114369501
SF13664,Andhra Pradesh,Krishna,Maize,Zaid,7.55,80,32.7,54.1,6.2,6.92,14.6,151.9,48.4,112.9,Rainfed,194.8,3.6,0.73,2.13,16.08,19351,403695,311164,-92531,2505,6.419,41.7,2.13,-29.73705184,0.006419162,313.2,25105.41045,0.086330935
SF13665,Andhra Pradesh,Krishna,Maize,Rabi,12.16,341.4,26.6,62.5,6.7,7.64,26,140.8,15,83.5,Drip,249.7,6.65,0.84,1.17,14.23,25764,945402,366622,-578780,7302,1.949,20.8,1.17,-157.8683221,0.001948781,239.3,66437.24526,0.319711538
SF13666,Gujarat,Rajkot,Wheat,Kharif,1.38,532.2,27.9,85.6,9.5,7.35,25,162.8,68.4,101.9,Drip,249.2,4.18,0.67,2.94,4.06,23159,86841,94026,7185,695,5.842,50.4,2.94,7.641503414,0.005841727,333.1,21389.40887,0.082936508
SF13667,Maharashtra,Nashik,Pulses,Zaid,5.57,402,30.6,51.6,8,7.4,16.4,108.4,46.1,108.4,Flood,237,6.05,0.74,0.61,3.4,69510,390429,236334,-154095,2399,1.417,40.3,0.61,-65.20221382,0.001417257,262.9,114832.0588,0.150124069
SF13668,Tamil Nadu,Erode,Wheat,Rabi,1.93,600.8484925,24.8,68.7,8.4,7.49,23.7,150.4,33.9,159.4,Sprinkler,123.1,6.92,0.87,1.44,2.78,25999,132805,72277,-60528,1026,2.71,33.7,1.44,-83.74448303,0.002709552,343.7,47771.58273,0.205341246
SF13669,Madhya Pradesh,Indore,Sugarcane,Rabi,1.94,598.1,28.3,54.3,8.6,6.94,16.8,145.2,53,107.6,Rainfed,121.9,8.44,0.8,69.95,135.7,3610,114465,489877,375412,1932,70.238,40.4,69.95,76.63393056,0.070238095,305.8,843.5151069,0.208910891
SF13670,Madhya Pradesh,Indore,Pulses,Rabi,1.22,327.2,20.7,53.6,6.2,7.12,23.8,121.5,59.1,100.4,Sprinkler,106.3,8.68,0.66,0.88,1.07,68439,75969,73230,-2739,478,2.238,21.5,0.88,-3.740270381,0.002238494,281,70999.06542,0.40372093
SF13671,Telangana,Nalgonda,Wheat,Kharif,2.95,650,32.6,57.6,6,5.23,36.6,125.6,76.2,80.4,Rainfed,192.3,8.2,0.72,0.3,0.88,20480,185571,18022,-167549,774,1.137,47.5,0.3,-929.6914882,0.001136951,282.2,210876.1364,0.172631579
SF13672,Maharashtra,Nashik,Pulses,Rabi,1.86,390.4,22.4,48.2,7.1,6.14,26.1,100.1,34.1,68.5,Flood,198,5.93,0.83,0.66,1.23,72468,144240,89136,-55104,832,1.478,23.2,0.66,-61.82014001,0.001478365,202.7,117268.2927,0.255603448
SF13673,Telangana,Nalgonda,Maize,Rabi,14.06,470.4,21.1,52.9,6.7,6.9,18.1,111.9,54.8,93.3,Flood,120.1,6.4,0.83,3.96,55.68,20181,799347,1123678,324331,11253,4.948,34.3,3.96,28.86333985,0.004948014,260,14356.08836,0.186588921
SF13674,Telangana,Warangal,Sugarcane,Kharif,4.99,890.1,28.6,66.5,5.6,7,34.6,111.3,31.6,80.8,Flood,153.5,1.45,0.87,61.12,304.99,3576,233565,1090644,857079,9991,30.526,62.2,61.12,78.58467108,0.030526474,223.7,765.8119938,0.023311897
SF13675,Punjab,Ludhiana,Pulses,Kharif,12.65,753.6,28.1,74.5,9.2,6.13,24.8,152.8,39.6,103.7,Drip,200.2,5.74,0.8,1.27,16.07,65662,750207,1055188,304981,4182,3.843,55.2,1.27,28.90300117,0.003842659,296.1,46683.69633,0.103985507
SF13676,Punjab,Ludhiana,Sugarcane,Zaid,7.16,80,29.6,56.8,8,8.14,12.9,40,48.2,106.1,Flood,193.4,3.55,0.69,3.09,22.12,3782,480099,83658,-396441,17590,1.258,32.5,3.09,-473.882952,0.001257533,194.3,21704.29476,0.109230769
SF13677,Telangana,Nalgonda,Cotton,Rabi,13.03,633.7,26.3,53.1,7.8,7.45,26.5,146,56.5,118.7,Rainfed,129.9,6.01,0.99,1.02,13.29,62913,786581,836114,49533,5077,2.618,27.9,1.02,5.924192156,0.002617688,321.2,59185.92927,0.215412186
SF13678,Punjab,Ludhiana,Rice,Zaid,5.63,143.5,31,46.2,8.4,7.11,18.1,95.6,53.4,97.4,Drip,164.3,5.36,0.8,1.57,8.84,23476,390389,207528,-182861,7060,1.252,34.3,1.57,-88.11389307,0.001252125,246.4,44161.65158,0.156268222
SF13679,Andhra Pradesh,Guntur,Maize,Kharif,7.53,991.1,28.5,86.4,5.7,7.58,36.1,117.8,46.1,93.3,Rainfed,130.6,5.59,0.7,1.61,12.12,21610,417711,261913,-155798,2191,5.532,61.7,1.61,-59.48463803,0.005531721,257.2,34464.60396,0.090599676
SF13680,Telangana,Nalgonda,Wheat,Kharif,2.42,1155.7,30.6,73.4,6.3,7.18,29,102,87.4,147.9,Sprinkler,218.9,8.06,0.77,2,4.84,23766,160924,115027,-45897,1161,4.169,48.6,2,-39.90106671,0.00416882,337.3,33248.76033,0.165843621
SF13681,Punjab,Ludhiana,Maize,Rabi,10.07,446.8,21.7,62.7,7,6.62,26.7,115.1,69.4,124,Sprinkler,222.5,5.16,0.98,4.19,42.19,19278,837110,813339,-23771,4261,9.901,41.2,4.19,-2.922643572,0.009901432,308.5,19841.43162,0.125242718
SF13682,Andhra Pradesh,Krishna,Pulses,Rabi,2.6,489.9,23.1,74.5,6.7,7.11,23.7,117.5,67.7,42.5,Rainfed,189,3.66,0.89,0.97,2.52,68818,160278,173421,13143,613,4.111,48.7,0.97,7.578666943,0.00411093,227.7,63602.38095,0.075154004
SF13683,Telangana,Warangal,Maize,Kharif,6.22,933.4,26.7,71.6,7.3,5.21,27.2,95.2,50,76.3,Drip,99.1,3.63,0.78,0.3,1.87,20598,355638,38518,-317120,2739,0.683,48.8,0.3,-823.3033906,0.000682731,221.5,190180.7487,0.074385246
SF13684,Punjab,Ludhiana,Chilli,Kharif,13.48,596.5,28.3,68.8,7,6.98,26.6,87.2,43.8,117.5,Flood,229.2,4.96,0.93,2.61,35.18,115429,1027679,4060792,3033113,10363,3.395,49.8,2.61,74.69264616,0.00339477,248.5,29212.02388,0.099598394
SF13685,Gujarat,Rajkot,Wheat,Rabi,9.99,487.4,21.6,57,6.8,7.1,34.7,162.2,48.8,131.3,Drip,170.2,5.18,0.82,2.7,26.97,20937,539716,564671,24955,4729,5.703,47.8,2.7,4.419387573,0.005703108,342.3,20011.71672,0.108368201
SF13686,Punjab,Ludhiana,Pulses,Kharif,5.23,723.4,25.5,74.2,7.4,7.52,31.5,74.7,50,119.2,Sprinkler,159.7,6.26,0.8,0.6,3.14,58683,324274,184265,-140009,1603,1.959,48.7,0.6,-75.98241663,0.001958827,243.9,103271.9745,0.128542094
SF13687,Maharashtra,Nashik,Wheat,Kharif,14.24,1005.9,27.9,68.1,7.2,6.81,29.5,111.8,42.6,49.9,Rainfed,222.4,2.23,0.8,2.36,33.61,22162,962398,744865,-217533,4375,7.682,54.6,2.36,-29.20435247,0.007682286,204.3,28634.27551,0.040842491
SF13688,Andhra Pradesh,Krishna,Groundnut,Rabi,4.29,710.6,20.6,61.6,7.2,6.25,33.7,200.8,67.7,122.3,Flood,200.5,5.79,0.82,1.61,6.91,59407,327060,410502,83442,2688,2.571,46.5,1.61,20.32681936,0.002570685,390.8,47331.40376,0.124516129
SF13689,Andhra Pradesh,Krishna,Pulses,Rabi,8.74,484.7,22.2,56.5,7.8,6.96,20.8,136.9,28.5,50.6,Sprinkler,153.7,3.47,0.73,0.9,7.87,74245,546227,584308,38081,3437,2.29,60.8,0.9,6.517281981,0.002289788,216,69406.22618,0.057072368
SF13690,Karnataka,Raichur,Maize,Kharif,10.92,582.8,28.3,72.3,5.8,7.37,35.4,90.9,60.9,57.2,Drip,198.6,4.15,0.81,2.97,32.43,19887,730482,644935,-85547,5274,6.149,47.3,2.97,-13.2644375,0.006149033,209,22524.88437,0.087737844
SF13691,Andhra Pradesh,Krishna,Cotton,Rabi,1.78,646.7,25.3,52.8,6.9,6.86,35.1,114.2,59.5,139.9,Sprinkler,236.9,3.46,0.67,1.94,3.45,48963,124602,168922,44320,1406,2.454,41.4,1.94,26.23696144,0.00245377,313.6,36116.52174,0.083574879
SF13692,Madhya Pradesh,Indore,Chilli,Rabi,1.5,506.1,22.2,58.9,7.8,5.61,28.2,188.2,55.8,103.8,Drip,278.9,5.76,0.92,0.73,1.1,96598,101665,106258,4593,721,1.526,33.7,0.73,4.322498071,0.001525659,347.8,92422.72727,0.170919881
SF13693,Madhya Pradesh,Indore,Wheat,Zaid,8.95,80,28.3,56.2,9.1,7.27,16.7,132.5,40.7,92.2,Rainfed,203.1,4.14,0.92,1.11,9.93,25076,637139,249005,-388134,2921,3.4,34.2,1.11,-155.8739784,0.003399521,265.4,64163.04129,0.121052632
SF13694,Tamil Nadu,Erode,Maize,Rabi,9.28,281.2,26.8,61.1,6.8,6.83,26.7,128.8,30.7,76.3,Rainfed,243.3,3.73,0.92,3,27.84,21718,672796,604629,-68167,2980,9.342,49.6,3,-11.27418632,0.009342282,235.8,24166.52299,0.075201613
SF13695,Andhra Pradesh,Krishna,Groundnut,Kharif,5.63,689.6,23.2,74.7,7.8,7.48,26.3,169.4,70.8,107.7,Sprinkler,201.8,2.93,0.92,1.04,5.86,53589,341046,314032,-27014,2652,2.21,54,1.04,-8.602308045,0.002209653,347.9,58198.97611,0.054259259
SF13696,Maharashtra,Nashik,Sugarcane,Rabi,8.82,854.8,20.8,45.4,9.4,7.76,21.4,110.7,32.5,72.9,Flood,207.6,4.4,0.86,13.65,120.39,3306,666793,398009,-268784,21048,5.72,50,13.65,-67.53214123,0.005719783,216.1,5538.607858,0.088
SF13697,Punjab,Ludhiana,Groundnut,Rabi,13.92,571.6019185,23.8,55.3,7.3,6.39,26.2,113.6,74.7,124.6,Rainfed,125.8,6.61,0.8,1.8,25.06,49864,762454,1249592,487138,4317,5.805,28.8,1.8,38.9837643,0.005804957,312.9,30425.13966,0.229513889
SF13698,Madhya Pradesh,Indore,Maize,Kharif,12.28,975.5,27.8,63.2,7.5,6.88,26,56.4,65.6,87,Rainfed,186.8,2.93,0.84,3.36,41.26,19624,854741,809686,-45055,4209,9.803,69,3.36,-5.564502783,0.009802804,209,20715.97189,0.042463768
SF13699,Punjab,Ludhiana,Wheat,Rabi,3.18,546.1,25.7,72,7.5,7.07,30.1,129.4,51,81.8,Rainfed,215.2,2.13,0.78,2.82,8.97,24213,236503,217191,-19312,1005,8.925,53.8,2.82,-8.891712824,0.008925373,262.2,26365.99777,0.039591078
SF13700,Punjab,Ludhiana,Maize,Kharif,1.76,1160,31.2,72.2,7.2,5.65,25.4,137.5,61,137.4,Sprinkler,240.4,5.83,0.82,0.68,1.2,23373,135667,28048,-107619,922,1.302,59,0.68,-383.6958072,0.001301518,335.9,113055.8333,0.098813559
SF13701,Gujarat,Rajkot,Cotton,Kharif,9.09,687.4,28.2,72.6,7.3,6.69,24.7,113.5,47.3,49.4,Flood,179.2,4.22,0.66,2.04,18.54,62499,589126,1158731,569605,9866,1.879,53.2,2.04,49.15765609,0.001879181,210.2,31775.94391,0.079323308
SF13702,Maharashtra,Nashik,Pulses,Kharif,13.46,991.6,27.2,73.1,8.4,7.58,40.2,117.7,36,128.9,Rainfed,312.5,5.03,0.99,0.47,6.33,72132,1147428,456596,-690832,2546,2.486,60.6,0.47,-151.3004932,0.002486253,282.6,181268.2464,0.0830033
SF13703,Telangana,Warangal,Maize,Rabi,8.48,266.8,21.6,59.8,7.9,6.85,22.4,125,68,54.1,Rainfed,266.8,7.68,0.85,2.38,20.18,23782,623018,479921,-143097,3035,6.649,31.8,2.38,-29.81678235,0.006649094,247.1,30873.04262,0.241509434
SF13704,Telangana,Warangal,Chilli,Kharif,10.06,839.5,25.1,67.1,5.5,5.34,27.6,123.1,55.8,133,Drip,271.6,8.89,0.95,0.3,3.02,93434,847520,282171,-565349,5424,0.557,33.5,0.3,-200.3568758,0.000556785,311.9,280635.7616,0.265373134
SF13705,Punjab,Ludhiana,Wheat,Kharif,10.29,817.1,24.5,85.5,7,7.2,33.5,90.2,47.9,101.1,Flood,234.5,4.38,0.76,2.61,26.86,24053,569163,646064,76901,7892,3.403,58.3,2.61,11.90300032,0.003403447,239.2,21189.98511,0.075128645
SF13706,Tamil Nadu,Erode,Maize,Rabi,9.74,432.9,25.2,57.9,7.8,7.26,24.1,126.2,37.1,102.7,Sprinkler,161.7,5.15,0.99,2.26,22.01,20907,636698,460163,-176535,4349,5.061,37.5,2.26,-38.36357986,0.005060934,266,28927.66924,0.137333333
SF13707,Maharashtra,Nashik,Rice,Rabi,12.74,737.1,24.2,51.5,7,5.94,21.4,161.6,46.6,143.5,Sprinkler,157.3,4.19,0.97,2,25.48,20717,808043,527869,-280174,18891,1.349,47.7,2,-53.07642616,0.00134879,351.7,31712.83359,0.087840671
SF13708,Tamil Nadu,Erode,Maize,Rabi,13.07,117.5,22.7,63.6,7.1,6.94,13.8,58.3,97.2,142.4,Flood,134.8,5.19,0.99,2.39,31.24,18965,782003,592467,-189536,10931,2.858,43.1,2.39,-31.99098009,0.002857927,297.9,25032.10627,0.120417633
SF13709,Karnataka,Raichur,Sugarcane,Rabi,10.27,668.1,24.6,72.6,6.6,6.43,25.5,88.7,80.7,39.2,Rainfed,137.7,3.92,0.8,61.02,626.68,3114,596534,1951482,1354948,8318,75.34,59.5,61.02,69.43174469,0.075340226,208.6,951.8957043,0.065882353
SF13710,Punjab,Ludhiana,Pulses,Kharif,4.82,1021.3,28.3,77.2,6.2,8.19,41.1,169.2,46.8,121.6,Flood,227.2,7.34,0.68,0.3,1.45,64793,376224,93950,-282274,2149,0.675,46.5,0.3,-300.4513039,0.000674732,337.6,259464.8276,0.157849462
SF13711,Andhra Pradesh,Krishna,Wheat,Kharif,2.61,1086.6,28.6,65.9,6.8,7.76,26.4,68.6,88.3,101.5,Rainfed,99.1,4.31,0.77,0.53,1.38,25298,158833,34911,-123922,822,1.679,64.9,0.53,-354.9654837,0.001678832,258.4,115096.3768,0.066409861
SF13712,Andhra Pradesh,Guntur,Sugarcane,Zaid,1.41,391,35,46.5,10.7,6.81,14.5,106.1,85.3,108.3,Sprinkler,239,4.89,0.82,45.29,63.86,3452,107264,220445,113181,2240,28.509,40.7,45.29,51.34205811,0.028508929,299.7,1679.674288,0.12014742
SF13713,Telangana,Nalgonda,Wheat,Kharif,13.38,463.6,26.5,75,5.5,6.18,44.3,129.2,66.5,44.5,Flood,161.9,6.74,0.72,2.28,30.51,24064,978322,734193,-244129,8951,3.409,32.1,2.28,-33.25133854,0.003408558,240.2,32065.61783,0.209968847
SF13714,Telangana,Nalgonda,Chilli,Kharif,4.3,386.8,29.2,84.4,6.8,5.99,31.7,121.9,67.9,154.5,Flood,280.2,3.82,0.68,1.25,5.38,101613,269252,546678,277426,3259,1.651,57.9,1.25,50.74760645,0.001650813,344.3,50046.84015,0.06597582
SF13715,Punjab,Ludhiana,Chilli,Zaid,14.09,109.4,32,49,7.1,7.89,24.5,107.6,66.1,87.6,Drip,146,4.11,0.75,0.3,4.23,96116,900733,406571,-494162,7232,0.585,34.6,0.3,-121.5438386,0.0005849,261.3,212939.2435,0.118786127
SF13716,Andhra Pradesh,Guntur,Wheat,Kharif,3.06,898.5,27.9,69.8,6.2,6.78,37.4,130.5,68.4,30,Flood,277.1,7.18,0.7,3.71,11.35,25563,221696,290140,68444,2310,4.913,45.1,3.71,23.58999104,0.00491342,228.9,19532.68722,0.159201774
SF13717,Gujarat,Rajkot,Chilli,Kharif,8.81,882.2,26.6,76.4,6.3,7.04,32.7,102.7,51.2,63.9,Drip,244,6.87,0.86,2.47,21.76,88929,584497,1935095,1350598,4574,4.757,47.9,2.47,69.79491963,0.004757324,217.8,26861.07537,0.1434238
SF13718,Punjab,Ludhiana,Cotton,Kharif,4.74,634.9,29.3,66.1,6.5,7.08,30.9,107.9,49.9,131.2,Flood,163.8,3.42,0.74,1.72,8.15,79579,323569,648569,325000,4562,1.786,52.4,1.72,50.1103198,0.001786497,289,39701.71779,0.065267176
SF13719,Telangana,Warangal,Wheat,Kharif,12.68,931.2,28.2,74.5,6.2,6.2,35.9,127,53.2,90.3,Sprinkler,160.2,4.42,0.91,2.3,29.16,25863,793339,754165,-39174,5934,4.914,66.3,2.3,-5.194354021,0.004914055,270.5,27206.41289,0.066666667
SF13720,Karnataka,Raichur,Maize,Rabi,3.12,356.9,21.4,57.3,7.3,5.79,25.2,109.5,63.9,99.3,Rainfed,266.6,1.94,0.71,1.27,3.96,22789,255532,90244,-165288,1122,3.529,44.1,1.27,-183.156775,0.003529412,272.7,64528.28283,0.04399093
SF13721,Andhra Pradesh,Guntur,Wheat,Kharif,9.17,741.3,28.5,74.3,6.2,7.28,18.2,114,51.6,115.2,Rainfed,80.6,5.96,0.89,2.01,18.43,24972,513313,460234,-53079,2601,7.086,39.2,2.01,-11.53304623,0.007085736,280.8,27852.03473,0.152040816
SF13722,Tamil Nadu,Erode,Maize,Kharif,1.99,725.2,23.6,76.8,5.4,6.76,37.7,159.9,58.2,115.7,Sprinkler,197,3.81,0.67,5.15,10.25,20143,138101,206466,68365,1235,8.3,59,5.15,33.11198938,0.008299595,333.8,13473.26829,0.064576271
SF13723,Gujarat,Rajkot,Chilli,Rabi,2.84,359.2,26.4,54,7.4,5.2,24.2,123,39.5,61,Flood,150.7,3.86,0.73,0.3,0.85,102848,195903,87421,-108482,2435,0.349,46.5,0.3,-124.0914654,0.000349076,223.5,230474.1176,0.083010753
SF13724,Punjab,Ludhiana,Cotton,Rabi,7.03,525.8,23.7,59.9,6.8,7.5,31.7,75.6,51.5,142.6,Flood,245.9,3.46,0.91,0.67,4.71,58979,509034,277791,-231243,7563,0.623,52.6,0.67,-83.24351761,0.000622769,269.7,108075.1592,0.065779468
SF13725,Andhra Pradesh,Krishna,Wheat,Rabi,10.22,591.5,25.9,53.3,7.3,6.65,18.4,89.1,31.4,115.8,Flood,131.7,5.68,0.96,3.33,34.03,24707,771339,840779,69440,7440,4.574,38.7,3.33,8.25900742,0.004573925,236.3,22666.44138,0.146770026
SF13726,Telangana,Nalgonda,Cotton,Kharif,14.95,961.9,29.8,60.1,6.8,7.08,30.9,115.2,77.5,80.6,Rainfed,260,3.3,0.68,1.33,19.88,70588,1108443,1403289,294846,6538,3.041,58.8,1.33,21.01106757,0.003040685,273.3,55756.69014,0.056122449
SF13727,Maharashtra,Nashik,Chilli,Rabi,9.96,283.6,21,62.7,7.2,7.3,22.7,144.6,80.3,30,Flood,241.9,7.18,0.92,1.28,12.75,115832,704685,1476858,772173,5728,2.226,34.9,1.28,52.28485068,0.002225908,254.9,55269.41176,0.205730659
SF13728,Telangana,Warangal,Sugarcane,Kharif,3.23,1038.1,30.5,75.7,9,6.41,25.7,140.1,55.1,79.2,Rainfed,111.6,3.43,0.91,51.28,165.63,3361,189587,556682,367095,3102,53.395,53.9,51.28,65.94339318,0.053394584,274.4,1144.641671,0.063636364
SF13729,Andhra Pradesh,Krishna,Wheat,Rabi,1.45,492.9,24.6,58.9,7.4,6.32,18.7,178.5,66,150.1,Flood,156.3,10.53,0.86,2.83,4.1,24286,93240,99573,6333,1104,3.714,24.9,2.83,6.360157874,0.003713768,394.6,22741.46341,0.422891566
SF13730,Telangana,Warangal,Pulses,Kharif,6.39,713.7,23.7,83.5,6.7,5.95,33.8,107.5,15,97.4,Rainfed,147.8,6.13,0.75,0.7,4.47,63242,415828,282692,-133136,1374,3.253,56.8,0.7,-47.09577915,0.003253275,219.9,93026.39821,0.107922535
SF13731,Gujarat,Rajkot,Groundnut,Kharif,2.75,571.8,27.4,54.7,6.4,7.08,26.6,140,53,119.1,Flood,205.3,5.21,0.73,1.84,5.06,54971,182401,278153,95752,1605,3.153,47.9,1.84,34.42421976,0.003152648,312.1,36047.62846,0.108768267
SF13732,Tamil Nadu,Erode,Cotton,Rabi,8.73,237.9,27,45.2,6.6,6.6,28.7,113.7,49.4,130.1,Rainfed,253.9,5.35,0.83,1.02,8.9,79008,577634,703171,125537,3306,2.692,47.3,1.02,17.85298313,0.002692075,293.2,64902.69663,0.113107822
SF13733,Maharashtra,Nashik,Groundnut,Rabi,3.24,408.4,22.5,66.8,7.8,7.8,22.5,112.4,50,95,Sprinkler,108.7,3.58,0.88,0.38,1.23,58046,171207,71397,-99810,1737,0.708,52.8,0.38,-139.7957897,0.000708117,257.4,139192.6829,0.06780303
SF13734,Andhra Pradesh,Guntur,Groundnut,Kharif,6.71,1077,24.1,56.8,6.8,5.85,20.7,157.6,63.5,115.7,Sprinkler,114.9,7.8,0.89,0.84,5.64,60540,477324,341446,-135878,3327,1.695,38.3,0.84,-39.7948724,0.001695221,336.8,84631.91489,0.203655352
SF13735,Madhya Pradesh,Indore,Chilli,Rabi,0.86,299,18.9,59.5,7.9,5.57,32,86.8,90.7,111.4,Sprinkler,186.9,4.55,0.85,0.43,0.37,102233,57002,37826,-19176,495,0.747,37.1,0.43,-50.69528895,0.000747475,288.9,154059.4595,0.122641509
SF13736,Madhya Pradesh,Indore,Wheat,Rabi,7.77,250.9,24.4,59.1,8,7.61,10.8,139.1,104.7,66.8,Flood,152.9,3.94,0.95,0.91,7.07,23808,494055,168323,-325732,5671,1.247,53.6,0.91,-193.5160376,0.001246694,310.6,69880.48091,0.073507463
SF13737,Gujarat,Rajkot,Wheat,Kharif,14.17,946.2,28,84.8,5.5,7.49,36.9,82.1,73.2,64.6,Sprinkler,209.1,5.29,0.68,1.13,16.01,23888,988738,382447,-606291,6994,2.289,62.9,1.13,-158.5294171,0.002289105,219.9,61757.52655,0.084101749
SF13738,Telangana,Nalgonda,Pulses,Rabi,12.29,307.6,26.4,55.8,5.9,7.54,20.3,158.6,51.5,135.1,Flood,199.8,6.54,0.71,0.47,5.78,71219,828958,411646,-417312,6327,0.914,33,0.47,-101.3764254,0.000913545,345.2,143418.3391,0.198181818
SF13739,Punjab,Ludhiana,Wheat,Zaid,9.74,98,32.1,51.1,7.7,6.88,25,111.1,73.4,118.6,Rainfed,169.5,7.57,0.66,1.33,12.95,21720,539446,281274,-258172,3139,4.126,24.6,1.33,-91.78665643,0.004125518,303.1,41656.06178,0.307723577
SF13740,Telangana,Nalgonda,Wheat,Kharif,2.03,875,29.9,78.2,10.3,6.64,22.6,174.6,97.2,140.1,Rainfed,131.1,9.22,0.97,3.08,6.25,24525,85543,153281,67738,618,10.113,40.2,3.08,44.19203946,0.010113269,411.9,13686.88,0.229353234
SF13741,Telangana,Nalgonda,Pulses,Zaid,8.99,573.5,33.5,56.3,7.2,8.09,19.5,148,36.9,95.5,Flood,77.1,5.64,0.95,0.3,2.7,80243,471891,216656,-255235,3623,0.745,38.2,0.3,-117.8065689,0.000745239,280.4,174774.4444,0.147643979
SF13742,Telangana,Warangal,Maize,Rabi,13.3,466.4,23.1,64.8,6.6,6.85,20.4,125.8,31.8,102.4,Flood,184.3,9.54,0.93,3.87,51.47,23930,873014,1231677,358663,9687,5.313,29.8,3.87,29.11989101,0.005313306,260,16961.6087,0.320134228
SF13743,Gujarat,Rajkot,Pulses,Kharif,14.52,832.9,31,82.5,6.4,6.84,34.5,131,67,105.4,Rainfed,233.1,4.97,0.95,1.33,19.31,64823,876630,1251732,375102,3144,6.142,58.1,1.33,29.96663823,0.006141858,303.4,45397.72139,0.085542169
SF13744,Gujarat,Rajkot,Rice,Kharif,3.2,989.6,27.8,63.1,7.5,6.71,28.7,119.5,57.1,112.1,Flood,175,4.9,0.98,3.91,12.51,22957,194578,287192,92614,6831,1.831,48.1,3.91,32.24811276,0.001831357,288.7,15553.79696,0.101871102
SF13745,Andhra Pradesh,Krishna,Cotton,Rabi,10.23,726.8,21.2,41.7,7.9,6.35,26.4,90.2,55.2,83.1,Drip,243.5,1.56,0.93,1.47,15.04,71964,782296,1082339,300043,6248,2.407,55,1.47,27.7217212,0.00240717,228.5,52014.3617,0.028363636
SF13746,Madhya Pradesh,Indore,Wheat,Kharif,3.71,983.3,28.2,73.5,6.6,6.97,31,117.8,51.4,72.3,Sprinkler,230.6,6.15,0.91,2.99,11.09,23712,259956,262966,3010,1672,6.633,56.4,2.99,1.144634668,0.006632775,241.5,23440.5771,0.109042553
SF13747,Andhra Pradesh,Guntur,Maize,Kharif,5.5,711.1,30,76.6,7,6.38,32.7,123,42.6,96.5,Rainfed,193.9,7.94,0.98,4.38,24.09,17878,295760,430681,134921,1709,14.096,41.1,4.38,31.32736294,0.014095963,262.1,12277.29348,0.193187348
SF13748,Karnataka,Raichur,Groundnut,Kharif,7.53,861.9,29.4,75.1,6.5,6.77,40.5,133.8,37,76,Flood,172.1,5.86,0.99,2.14,16.11,72373,558036,1165929,607893,4435,3.632,53.4,2.14,52.13808045,0.003632469,246.8,34639.10615,0.109737828
SF13749,Tamil Nadu,Erode,Groundnut,Rabi,0.56,80,24.7,60.5,7.1,6.28,25.3,93.3,37,94,Rainfed,101.5,4.99,0.97,1.08,0.6,50756,33641,30454,-3187,128,4.688,30,1.08,-10.46496355,0.0046875,224.3,56068.33333,0.166333333
SF13750,Andhra Pradesh,Krishna,Pulses,Rabi,10.73,589.2,21.2,70.8,7.2,6.59,19.5,104.7,32.7,135.4,Rainfed,338.8,4.79,0.85,1.05,11.27,54879,945279,618486,-326793,2144,5.257,41.8,1.05,-52.83757433,0.00525653,272.8,83875.68767,0.114593301
SF13751,Andhra Pradesh,Krishna,Sugarcane,Kharif,14.99,633.2,29,82.1,6.2,7.13,28.9,149.3,46.9,77.5,Sprinkler,257.7,5.78,0.72,70.28,1053.5,3393,1013796,3574526,2560730,26177,40.245,48.6,70.28,71.63830953,0.040245253,273.7,962.3122924,0.118930041
SF13752,Telangana,Nalgonda,Maize,Rabi,12.54,487,21.5,45.3,7.8,7.28,24.5,92,47.4,72.6,Flood,226.3,6.52,0.96,2.14,26.84,17868,851104,479577,-371527,9907,2.709,39.4,2.14,-77.46972853,0.002709196,212,31710.28316,0.165482234
SF13753,Tamil Nadu,Erode,Maize,Kharif,2.21,682.2,30.5,71.4,8.1,7.07,36.1,122.4,32.5,112.2,Drip,160.4,5.66,0.91,4.51,9.97,21464,118118,213996,95878,1284,7.765,61.3,4.51,44.80364119,0.007764798,267.1,11847.34203,0.09233279
SF13754,Tamil Nadu,Erode,Pulses,Rabi,4.78,782.7,25.9,66.2,7.4,6.9,18.8,124.1,54.9,116.9,Sprinkler,237.4,5.05,0.85,1.86,8.89,71380,357778,634568,276790,1806,4.922,41.6,1.86,43.6186508,0.004922481,295.9,40244.99438,0.121394231
SF13755,Andhra Pradesh,Krishna,Rice,Kharif,6.21,899,29.2,70.9,8.1,6.9,25.1,75.8,55.3,82.1,Rainfed,295.6,5.83,0.76,2.72,16.89,20534,477767,346819,-130948,5151,3.279,56.4,2.72,-37.7568703,0.003278975,213.2,28286.97454,0.103368794
SF13756,Madhya Pradesh,Indore,Cotton,Kharif,3.13,652.2,31.8,78.1,6.5,7.43,34.5,110.2,53.3,94.2,Sprinkler,216,3.38,0.67,1.06,3.32,74096,190980,245999,55019,2004,1.657,56,1.06,22.36553807,0.001656687,257.7,57524.09639,0.060357143
SF13757,Telangana,Nalgonda,Maize,Zaid,4.59,303.8,29,34.7,8.1,6.53,17.1,143.5,67.7,120.1,Rainfed,192.3,5.54,0.96,2.95,13.54,20487,253179,277394,24215,1504,9.003,32.2,2.95,8.729460623,0.00900266,331.3,18698.59675,0.172049689
SF13758,Andhra Pradesh,Krishna,Chilli,Rabi,12.38,921,24.3,70.9,7,6.02,20.7,113.2,60.9,111.2,Rainfed,146.3,3.55,0.97,1.17,14.48,119905,708945,1736224,1027279,4290,3.375,58.9,1.17,59.1674231,0.003375291,285.3,48960.29006,0.060271647
SF13759,Telangana,Warangal,Pulses,Kharif,13.25,541.2,28.6,87,6.2,7.07,32.6,99,51.8,79.3,Drip,156.9,3.27,0.74,1.35,17.89,57901,737900,1035849,297949,3676,4.867,65.6,1.35,28.76374838,0.004866703,230.1,41246.50643,0.049847561
SF13760,Madhya Pradesh,Indore,Pulses,Rabi,6.11,451.7,24.8,52.1,6.3,7.08,27.3,121.3,91.6,157.6,Sprinkler,190.5,3.72,0.8,1.31,8,73269,340193,586152,245959,2571,3.112,30.1,1.31,41.96164135,0.00311163,370.5,42524.125,0.12358804
SF13761,Andhra Pradesh,Krishna,Rice,Kharif,12.32,1021.4,29.7,60.8,6.6,6.33,24.3,169.6,36.9,62.7,Drip,185.4,3.65,0.75,3.35,41.27,21581,865956,890648,24692,16800,2.457,58.3,3.35,2.772363493,0.002456548,269.2,20982.6993,0.062607204
SF13762,Telangana,Nalgonda,Maize,Zaid,10.75,373.2,28.2,57.5,7.1,6.93,21.3,89.2,75.1,92.3,Flood,234.6,4.92,0.91,3.45,37.09,17927,727637,664912,-62725,6579,5.638,50.4,3.45,-9.43357918,0.005637635,256.6,19618.14505,0.097619048
SF13763,Telangana,Nalgonda,Wheat,Kharif,14.4,966.9,31.2,70.9,6.1,7.04,22.3,44.3,66.9,124.3,Flood,242.8,3.53,0.71,2.36,33.98,22411,1097473,761526,-335947,9398,3.616,62.8,2.36,-44.11497441,0.003615663,235.5,32297.61624,0.056210191
SF13764,Maharashtra,Nashik,Chilli,Kharif,12.29,811.5,25.5,85.6,6.7,7.55,33.4,135.1,68.9,90.6,Flood,154,5.89,0.84,1.08,13.27,108354,768783,1437858,669075,8638,1.536,53,1.08,46.53275915,0.001536235,294.6,57933.91108,0.111132075
SF13765,Andhra Pradesh,Krishna,Wheat,Zaid,7.91,578,28.7,30.4,7.7,7.13,15,147.5,49.6,118,Drip,141,7.21,0.67,2.63,20.8,23306,621538,484765,-136773,3311,6.282,21.7,2.63,-28.2142894,0.00628209,315.1,29881.63462,0.332258065
SF13766,Madhya Pradesh,Indore,Rice,Kharif,13.17,502.1,24.6,65.6,5.3,6.28,32.5,146.7,54,106.6,Drip,221.9,7.47,0.71,3.5,46.1,21802,817890,1005072,187182,20758,2.221,34.2,3.5,18.62374039,0.002220831,307.3,17741.64859,0.218421053
SF13767,Tamil Nadu,Erode,Wheat,Kharif,1.05,684.7,27.8,70.8,7.2,6.16,35.4,72.1,30.2,136.4,Sprinkler,258.4,6.61,0.72,2.46,2.58,31517,70306,81314,11008,468,5.513,46,2.46,13.53764419,0.005512821,238.7,27250.3876,0.143695652
SF13768,Andhra Pradesh,Krishna,Cotton,Rabi,5.83,492.7,20.4,53,8.7,5.34,26.3,140.2,25.3,121.2,Rainfed,183,4.52,0.88,0.3,1.75,69367,377638,121392,-256246,2450,0.714,47.6,0.3,-211.0896929,0.000714286,286.7,215793.1429,0.094957983
SF13769,Telangana,Nalgonda,Groundnut,Rabi,1.14,254.6,22.1,57.2,7.7,6.8,27.7,113.4,71.7,92.1,Drip,217.2,4.47,0.68,1.58,1.8,55997,69245,100795,31550,486,3.704,38,1.58,31.30115581,0.003703704,277.2,38469.44444,0.117631579
SF13770,Andhra Pradesh,Guntur,Rice,Kharif,7.92,831.9,26,68.8,6.9,6.68,30.4,176,52.6,103.2,Flood,82.9,5.27,0.88,3.94,31.2,23699,556085,739409,183324,13308,2.344,42.4,3.94,24.79331466,0.002344454,331.8,17823.23718,0.124292453
SF13771,Andhra Pradesh,Krishna,Pulses,Rabi,14.76,192,23.6,74.2,8.1,6.87,29.9,164,46.4,67.1,Drip,312.5,6.58,0.71,1.22,18.01,74603,1346419,1343600,-2819,5252,3.429,33.5,1.22,-0.209809467,0.00342917,277.5,74759.52249,0.19641791
SF13772,Andhra Pradesh,Guntur,Pulses,Kharif,3.81,959.5,29.2,66.5,6.2,7.17,22.2,71.1,53.8,77.8,Rainfed,238.7,6.38,0.69,0.77,2.93,59723,254041,174988,-79053,747,3.922,57.5,0.77,-45.17624066,0.003922356,202.7,86703.41297,0.110956522
SF13773,Telangana,Warangal,Rice,Rabi,14.7,197.2,23.1,65.4,7.8,6.31,19.5,198,65.3,108.8,Sprinkler,253.6,4.15,0.73,2.5,36.75,22176,948751,814968,-133783,20380,1.803,37.4,2.5,-16.41573657,0.001803238,372.1,25816.35374,0.110962567
SF13774,Tamil Nadu,Erode,Groundnut,Rabi,11.87,356,23.3,65.4,8.7,6.58,25.3,120.8,70.2,98,Flood,155.7,3.28,0.91,2.11,25.05,56103,648343,1405380,757037,7120,3.518,43,2.11,53.86706798,0.003518258,289,25881.95609,0.07627907
SF13775,Madhya Pradesh,Indore,Pulses,Kharif,6.71,866.4,30.2,57.2,6.9,7.39,28.5,105.8,47.1,52,Sprinkler,297.6,6.18,0.8,0.7,4.7,81026,533563,380822,-152741,2389,1.967,50.2,0.7,-40.10823954,0.00196735,204.9,113524.0426,0.12310757
SF13776,Madhya Pradesh,Indore,Sugarcane,Rabi,6.53,270.5,25.7,67.5,8.1,5.88,29.3,101.3,28.5,116,Sprinkler,232.3,5.65,0.94,23.89,156,3410,437464,531960,94496,13870,11.247,35.1,23.89,17.76374163,0.011247296,245.8,2804.25641,0.160968661
SF13777,Andhra Pradesh,Krishna,Chilli,Kharif,0.78,619.6,28.6,63.7,6.9,7.58,37.9,142.7,55,61.7,Drip,182.3,7.5,0.98,1.13,0.88,104236,56297,91728,35431,434,2.028,55.4,1.13,38.62615559,0.00202765,259.4,63973.86364,0.135379061
SF13778,Andhra Pradesh,Guntur,Chilli,Kharif,6.73,978.6,26.3,74,5.9,5.83,28.3,117.3,47.3,175.2,Drip,197.3,6.03,0.8,1.14,7.67,103794,457415,796100,338685,3975,1.93,48.1,1.14,42.54302223,0.00192956,339.8,59636.897,0.125363825
SF13779,Punjab,Ludhiana,Pulses,Zaid,4.91,245.3,29.8,64.8,8.1,5.2,8,124.8,64.6,136.3,Rainfed,136.9,6.3,0.75,0.3,1.47,67737,289176,99573,-189603,1030,1.427,29.2,0.3,-190.4160766,0.001427184,325.7,196718.3673,0.215753425
SF13780,Telangana,Warangal,Rice,Zaid,5.66,257.5,34.8,54.1,7.5,6.07,18.4,146.1,39.3,72.6,Sprinkler,198.5,7.42,0.94,1.45,8.21,19744,302258,162098,-140160,8538,0.962,36,1.45,-86.4662118,0.000961584,258,36815.83435,0.206111111
SF13781,Tamil Nadu,Erode,Sugarcane,Kharif,13.08,1065.2,25.4,68,6,6.41,41,126.7,46.6,103.3,Flood,106.4,6.11,0.77,56.17,734.7,3621,904097,2660349,1756252,33109,22.19,62.7,56.17,66.0158498,0.022190341,276.6,1230.566218,0.097448166
SF13782,Telangana,Nalgonda,Wheat,Kharif,2.77,997.6,35.7,77.8,8.9,8.4,34.4,159.7,52.7,110.3,Rainfed,184.2,3.27,0.75,0.3,0.83,20345,148449,16886,-131563,914,0.908,65.8,0.3,-779.1247187,0.000908096,322.7,178854.2169,0.049696049
SF13783,Maharashtra,Nashik,Pulses,Rabi,11.82,330,19.4,61.7,6,6.58,28.2,114.7,74.4,159.5,Rainfed,175.9,5.21,0.84,0.7,8.27,75001,830353,620258,-210095,2587,3.197,36.6,0.7,-33.87219512,0.003196753,348.6,100405.4414,0.142349727
SF13784,Tamil Nadu,Erode,Rice,Kharif,0.92,606.3,24,69.2,9.9,7.52,27.6,87.9,55.1,133.7,Rainfed,140.4,4.69,0.85,1.45,1.33,24351,61402,32387,-29015,773,1.721,51.5,1.45,-89.5884151,0.001720569,276.7,46166.91729,0.091067961
SF13785,Punjab,Ludhiana,Wheat,Kharif,0.76,160.5,30.9,82.2,7.3,6.86,24.6,46.9,68.3,82.7,Flood,325.8,7.6,0.8,1.74,1.32,26080,63160,34426,-28734,464,2.845,39.9,1.74,-83.46598501,0.002844828,197.9,47848.48485,0.19047619
SF13786,Madhya Pradesh,Indore,Wheat,Kharif,2.65,577.6,29.9,83.9,7,6.47,26.7,158.7,50.5,129.5,Drip,73,7.26,0.66,3.33,8.82,27069,152688,238749,86061,1491,5.915,54.9,3.33,36.04664313,0.005915493,338.7,17311.56463,0.132240437
SF13787,Madhya Pradesh,Indore,Pulses,Rabi,14.14,584.1,23.3,41.6,7.7,6.23,17.7,65.9,74.1,155.8,Drip,202.4,4.27,0.96,1.35,19.09,74270,1082822,1417814,334992,4767,4.005,32.9,1.35,23.62735874,0.004004615,295.8,56721.94866,0.129787234
SF13788,Karnataka,Raichur,Maize,Rabi,3.51,297.4,24.5,60,7.3,6.21,20.3,152.1,57.2,63.9,Sprinkler,128.8,3.44,0.68,3.01,10.57,18684,264815,197490,-67325,2183,4.842,48.3,3.01,-34.09033369,0.004841961,273.2,25053.45317,0.071221532
SF13789,Madhya Pradesh,Indore,Sugarcane,Kharif,12.73,497.3,30.1,72.8,6.8,7.31,35,108.6,93.2,62.4,Flood,56.1,4.66,0.93,44.2,562.67,3168,812943,1782539,969596,29546,19.044,62.3,44.2,54.39409741,0.019043864,264.2,1444.795351,0.074799358
SF13790,Maharashtra,Nashik,Cotton,Kharif,4.33,975.7,28.8,82.6,8.6,7.05,30.1,145.7,63.5,116.8,Drip,245.5,4.29,0.67,2.04,8.83,74390,291775,656864,365089,2968,2.975,63.9,2.04,55.58060725,0.002975067,326,33043.60136,0.06713615
SF13791,Madhya Pradesh,Indore,Rice,Kharif,13.99,862,36.1,70.3,7.8,6.59,29.5,139.1,67.2,112.3,Flood,210,3.43,0.67,2.88,40.29,22599,948037,910514,-37523,27502,1.465,62.1,2.88,-4.121078863,0.001464984,318.6,23530.33011,0.055233494
SF13792,Telangana,Nalgonda,Pulses,Rabi,4.23,566.3,24.2,45.2,7.5,7.04,20.2,66.7,84.3,85.5,Sprinkler,250.3,5.78,0.88,1.2,5.08,63164,291711,320873,29162,1476,3.442,47.7,1.2,9.088330897,0.003441734,236.5,57423.4252,0.121174004
SF13793,Maharashtra,Nashik,Cotton,Rabi,9.27,355.5,25.6,66.9,10,5.9,19.8,142,61.6,97.2,Rainfed,193.1,6.66,0.8,0.62,5.75,81785,554437,470264,-84173,3809,1.51,39.5,0.62,-17.89909498,0.001509583,300.8,96423.82609,0.168607595
SF13794,Punjab,Ludhiana,Groundnut,Rabi,8.74,181.7,23.4,56.4,7.4,5.79,38,125.4,70.5,130.9,Rainfed,269.2,4.24,0.83,0.5,4.37,59414,649057,259639,-389418,1898,2.302,26.8,0.5,-149.9844014,0.002302424,326.8,148525.6293,0.158208955
SF13795,Punjab,Ludhiana,Chilli,Kharif,10.43,502.1,28.1,70.8,8.2,7.03,26.3,70.3,65.1,92.7,Flood,172.1,3.75,0.78,2.07,21.59,94890,744205,2048675,1304470,9157,2.358,48.8,2.07,63.67383797,0.002357759,228.1,34469.89347,0.076844262
SF13796,Karnataka,Raichur,Groundnut,Zaid,7.34,316.5,32.8,61.9,8.7,5.28,10.3,65.8,61.6,87.3,Drip,172.4,4.04,0.92,0.3,2.2,58083,476557,127783,-348774,3214,0.685,48.1,0.3,-272.9424102,0.000684505,214.7,216616.8182,0.083991684
SF13797,Telangana,Warangal,Wheat,Kharif,13.31,805.5,28.2,69.9,6.1,6.66,20.5,112.1,59,52.6,Rainfed,192.4,6.48,0.73,2.78,37,25946,885632,960002,74370,4598,8.047,48.7,2.78,7.746858861,0.008046977,223.7,23936,0.133059548
SF13798,Andhra Pradesh,Krishna,Groundnut,Rabi,5.02,504.4,22.3,61.3,7.2,7.54,24.4,94.4,49.9,112,Flood,123.5,4.01,0.76,0.77,3.87,60341,309831,233520,-76311,2799,1.383,50.7,0.77,-32.67857143,0.001382637,256.3,80059.68992,0.079092702
SF13799,Andhra Pradesh,Krishna,Cotton,Zaid,5.01,410,29,43.5,7.1,5.29,18.4,75.1,39.2,112.7,Flood,211,5.15,0.68,0.3,1.5,71174,346537,106761,-239776,5008,0.3,35.1,0.3,-224.591377,0.000299521,227,231024.6667,0.146723647
SF13800,Maharashtra,Nashik,Maize,Kharif,2.06,1161.2,28.2,47.8,7.6,6.75,31.1,143.8,66.1,115,Rainfed,126.9,7.06,0.89,3.06,6.3,19852,133363,125068,-8295,686,9.184,48,3.06,-6.632391979,0.009183673,324.9,21168.73016,0.147083333
SF13801,Maharashtra,Nashik,Pulses,Kharif,13.39,787,32.2,62.5,8.1,6.04,29.2,101.5,69.7,147.4,Sprinkler,216.3,5,0.98,0.89,11.92,74943,827758,893321,65563,4398,2.71,66.7,0.89,7.339243116,0.002710323,318.6,69442.78523,0.074962519
SF13802,Andhra Pradesh,Krishna,Chilli,Kharif,9.02,844.9,24.4,73.1,8.2,7.02,29.6,127.4,56.7,105.9,Sprinkler,209.9,3.16,0.94,2.06,18.58,103645,626301,1925724,1299423,5412,3.433,64.4,2.06,67.4771151,0.003433112,290,33708.3423,0.049068323
SF13803,Maharashtra,Nashik,Pulses,Kharif,5.15,1205.1,26.7,80.9,4.8,6.83,32,94.2,63.3,97.9,Flood,184.2,3.32,0.73,0.96,4.94,77998,301432,385310,83878,2932,1.685,68.5,0.96,21.76896525,0.001684857,255.4,61018.62348,0.048467153
SF13804,Maharashtra,Nashik,Wheat,Rabi,5.56,601.4,21.2,59.7,7.7,6.13,18.5,170.7,54,174.4,Sprinkler,175.6,2.2,0.76,2.48,13.79,28539,285122,393553,108431,2462,5.601,46.4,2.48,27.5518164,0.005601137,399.1,20675.9971,0.047413793
SF13805,Punjab,Ludhiana,Rice,Kharif,8.42,634.5,23.9,72.5,6.3,6.63,25.4,105.8,64.3,91,Sprinkler,180.2,6.17,0.88,4.27,35.95,23824,497499,856473,358974,12947,2.777,38.7,4.27,41.91305505,0.002776705,261.1,13838.637,0.159431525
SF13806,Telangana,Nalgonda,Rice,Kharif,14.43,960.7,29.7,75.5,4.9,6.66,34.9,122,43,96.2,Sprinkler,203.5,5.04,0.83,3.26,47.04,20680,951694,972787,21093,23369,2.013,69.1,3.26,2.168306114,0.002012923,261.2,20231.59014,0.072937771
SF13807,Andhra Pradesh,Guntur,Cotton,Kharif,0.88,463.7,28.6,68,7.2,7.09,20.6,40,73,122.3,Flood,234.2,6.59,0.89,1.5,1.32,72245,70861,95363,24502,722,1.828,34.8,1.5,25.6934031,0.001828255,235.3,53682.57576,0.189367816
SF13808,Telangana,Warangal,Groundnut,Kharif,0.92,720.8,24.9,61,7.5,6.66,39.2,132,64.6,125.7,Rainfed,156.9,3.83,0.92,2.17,2,58725,57027,117450,60423,240,8.333,49.5,2.17,51.44572158,0.008333333,322.3,28513.5,0.077373737
SF13809,Andhra Pradesh,Krishna,Rice,Rabi,10.28,586.4,21.7,59.4,8.2,6.17,21,121.8,54.1,104.4,Rainfed,280.2,0.56,0.7,2,20.56,21382,639170,439614,-199556,8547,2.406,57.4,2,-45.39345881,0.002405522,280.3,31088.03502,0.009756098
SF13810,Andhra Pradesh,Krishna,Maize,Rabi,8.29,623.6,24,58.6,8,7.52,18.3,109.1,92.4,154.1,Rainfed,210.7,2.75,1,1.87,15.5,24353,642274,377472,-264802,2300,6.739,45.9,1.87,-70.15142845,0.00673913,355.6,41437.03226,0.059912854
SF13811,Madhya Pradesh,Indore,Pulses,Rabi,3.98,711,24.9,58.5,8.9,6.62,17.1,102.9,53.7,74.8,Drip,173.7,5.13,0.72,2.03,8.08,70776,285986,571870,285884,1230,6.569,41.7,2.03,49.99108189,0.006569106,231.4,35394.30693,0.123021583
SF13812,Madhya Pradesh,Indore,Rice,Kharif,12.54,1081.8,29.8,73,7.4,7.35,38,149,97.3,91.3,Drip,67.7,5.61,1,2.61,32.73,20798,632927,680719,47792,15864,2.063,55.1,2.61,7.020811818,0.002063162,337.6,19337.82463,0.101814882
SF13813,Punjab,Ludhiana,Rice,Rabi,9.56,456,24.4,68,10.2,5.97,22,78.1,73.5,74.2,Flood,257.6,5.51,0.82,1.53,14.63,17948,636229,262579,-373650,17869,0.819,42.4,1.53,-142.3000316,0.000818736,225.8,43487.96992,0.12995283
SF13814,Telangana,Warangal,Wheat,Kharif,12.68,824.8,29.6,80.2,7.3,6.77,31.8,150.2,56.7,142.8,Sprinkler,125.6,6.4,0.82,3.13,39.69,20730,847567,822774,-24793,6800,5.837,55.3,3.13,-3.013342668,0.005836765,349.7,21354.67372,0.115732369
SF13815,Gujarat,Rajkot,Maize,Rabi,12.29,427.3,24.8,71,9,6.86,23.9,141.7,81.4,144.3,Drip,240.9,9.19,0.99,4.3,52.85,24072,1063777,1272205,208428,5976,8.844,33,4.3,16.38320868,0.008843708,367.4,20128.23084,0.278484848
SF13816,Punjab,Ludhiana,Groundnut,Rabi,14.46,101.3,22.4,57.6,7.3,7.55,23,144.4,79.4,95.2,Drip,178.9,3.76,0.98,0.65,9.4,54292,1121592,510345,-611247,5344,1.759,30.3,0.65,-119.7713312,0.001758982,319,119318.2979,0.124092409
SF13817,Maharashtra,Nashik,Rice,Kharif,10.33,683.6,29.9,63.9,5.7,6.29,31.5,119.3,70.8,77.6,Rainfed,176.7,5.4,0.93,3.13,32.33,22816,706021,737641,31620,10131,3.191,46.5,3.13,4.28663808,0.003191195,267.7,21837.95237,0.116129032
SF13818,Telangana,Warangal,Wheat,Zaid,5,80,31.6,43.9,7.9,6.63,12.5,143.9,69.1,119,Sprinkler,139,6.15,0.65,2.6,13,25504,309480,331552,22072,2370,5.485,28.7,2.6,6.657175948,0.005485232,332,23806.15385,0.214285714
SF13819,Andhra Pradesh,Guntur,Rice,Rabi,3.39,536.7,22.8,51.9,6,6.34,26,123.5,67.3,121.1,Flood,104.2,6.42,0.65,2.83,9.59,21532,238047,206492,-31555,6260,1.532,38.3,2.83,-15.28146369,0.001531949,311.9,24822.41919,0.167624021
SF13820,Tamil Nadu,Erode,Pulses,Rabi,0.85,567.3,23.6,59.1,7.4,8.01,27.8,98.3,45.3,136.3,Rainfed,253.1,2.91,0.92,0.3,0.26,68282,56595,17753,-38842,174,1.494,55.5,0.3,-218.7911902,0.001494253,279.9,217673.0769,0.052432432
SF13821,Punjab,Ludhiana,Rice,Zaid,2.44,516.6,34.2,48.1,11,6.48,22.9,125.7,70.7,146.1,Sprinkler,149.4,4.96,0.85,3.2,7.81,18921,155073,147773,-7300,3680,2.122,40.6,3.2,-4.940009339,0.002122283,342.5,19855.69782,0.122167488
SF13822,Karnataka,Raichur,Rice,Kharif,0.74,733.2,31.5,78.9,7.4,5.92,28.1,128.2,49.2,126.2,Sprinkler,169.7,9.52,0.87,2.22,1.64,20295,47895,33284,-14611,1278,1.283,43,2.22,-43.89796899,0.001283255,303.6,29204.26829,0.221395349
SF13823,Andhra Pradesh,Guntur,Cotton,Kharif,12.37,535.6,29.6,68.8,7.7,6.46,39.3,106.1,66.8,78.6,Flood,196.5,6.75,0.85,1.5,18.56,65711,663991,1219596,555605,11138,1.666,48.6,1.5,45.55647936,0.001666367,251.5,35775.37716,0.138888889
SF13824,Punjab,Ludhiana,Pulses,Kharif,3.77,608.4,27.5,70.4,5.5,5.97,38.8,96.3,79.6,125.2,Flood,107.5,6.09,0.94,0.91,3.43,72247,243907,247807,3900,1715,2,51.3,0.91,1.573805421,0.002,301.1,71109.91254,0.11871345
SF13825,Gujarat,Rajkot,Wheat,Kharif,6.36,855.4,29.6,72.2,6.5,6.81,31.3,178,66,83.2,Flood,168.9,1.77,0.83,3.26,20.73,22118,466032,458506,-7526,4933,4.202,58.1,3.26,-1.641417997,0.004202311,327.2,22481.04197,0.030464716
SF13826,Punjab,Ludhiana,Wheat,Zaid,11.26,453.8,30.5,36.5,9.1,6.38,15.9,93.9,60,82.9,Drip,228.9,4.44,0.73,2.55,28.71,24960,823988,716602,-107386,5506,5.214,35.5,2.55,-14.9854452,0.005214312,236.8,28700.38314,0.125070423
SF13827,Tamil Nadu,Erode,Sugarcane,Kharif,8.41,716.5,32,78.1,8.2,6.19,26.1,159.5,51.3,107.7,Drip,222.5,5.72,0.78,59.75,502.5,3458,556994,1737645,1180651,12824,39.184,46.9,59.75,67.94546642,0.039184342,318.5,1108.445771,0.12196162
SF13828,Telangana,Nalgonda,Cotton,Kharif,2.95,740.6,28.6,67.5,6.2,7.66,27,171.8,36.5,115.6,Flood,188.8,4.58,0.79,0.72,2.12,70736,209199,149960,-59239,2903,0.73,52.7,0.72,-39.50320085,0.000730279,323.9,98678.77358,0.086907021
SF13829,Tamil Nadu,Erode,Maize,Rabi,10.22,205.1,22.7,58.1,9.3,7.21,17.5,159.2,69.4,69.5,Sprinkler,81.3,4.33,0.71,2.27,23.2,20891,518050,484671,-33379,5657,4.101,31.6,2.27,-6.8869398,0.004101114,298.1,22329.74138,0.137025316
SF13830,Tamil Nadu,Erode,Wheat,Zaid,4.35,255.1,34.8,57.9,8.9,8.37,18.2,174.4,54.4,135,Flood,93.1,2.38,0.96,0.3,1.3,24173,271988,31425,-240563,3024,0.43,54.8,0.3,-765.5147176,0.000429894,363.8,209221.5385,0.043430657
SF13831,Gujarat,Rajkot,Chilli,Kharif,11.69,830.2,29.3,70.6,6.3,5.9,34,122.9,55.1,104.4,Sprinkler,257.3,7.44,0.73,1.23,14.38,125007,856203,1797601,941398,6812,2.111,45.3,1.23,52.36968604,0.002110981,282.4,59541.23783,0.164238411
SF13832,Andhra Pradesh,Krishna,Chilli,Zaid,5.35,327.5,29.1,55.5,7.9,6.07,10.3,144.2,43.8,98.9,Flood,300.2,10.1,0.78,1.14,6.1,90487,424338,551971,127633,4335,1.407,23.8,1.14,23.12313509,0.001407151,286.9,69563.60656,0.424369748
SF13833,Andhra Pradesh,Guntur,Wheat,Zaid,4.74,296.7,30,45.3,8.8,6.5,18.2,99.3,53.3,139.4,Rainfed,241.9,2.55,0.69,1.83,8.67,24726,366311,214374,-151937,1351,6.417,54.8,1.83,-70.87473294,0.006417469,292,42250.40369,0.046532847
SF13834,Punjab,Ludhiana,Sugarcane,Rabi,1.38,670.6,27.3,65.8,8.2,7.19,32.3,119.9,68.8,89.9,Sprinkler,264.5,6.98,0.77,56.62,78.14,3370,112068,263332,151264,2292,34.092,50.3,56.62,57.44231616,0.034092496,278.6,1434.195035,0.138767396
SF13835,Telangana,Warangal,Cotton,Kharif,10.84,854.3,29.3,66.9,5.3,7.4,24.4,128.2,31.7,78.3,Rainfed,169,2.99,0.81,0.98,10.62,73694,631851,782630,150779,5077,2.092,62.8,0.98,19.2656811,0.002091786,238.2,59496.32768,0.047611465
SF13836,Telangana,Warangal,Pulses,Rabi,13.26,511.2,27.7,65.1,9.4,7.08,28.2,117.7,63.1,130.2,Flood,101.3,3.79,0.85,0.84,11.14,71700,797468,798738,1270,6223,1.79,48.8,0.84,0.159000824,0.001790133,311,71585.99641,0.077663934
SF13837,Maharashtra,Nashik,Pulses,Kharif,9.57,936.3,34.3,81.7,5.6,6.61,28.2,93.2,82.8,73.3,Drip,233.9,5.95,0.69,1.05,10.05,65404,751618,657310,-94308,3067,3.277,69,1.05,-14.34756812,0.003276818,249.3,74787.8607,0.086231884
SF13838,Maharashtra,Nashik,Cotton,Zaid,9.24,80,31.3,44.7,7.9,6.6,26.5,90,53.6,94.8,Flood,208.3,9.08,0.97,1.08,9.98,75218,668363,750676,82313,9186,1.086,13.8,1.08,10.96518338,0.001086436,238.4,66970.24048,0.657971014
SF13839,Punjab,Ludhiana,Maize,Rabi,2.12,451.6,23.9,53,8.8,7.11,25.7,73.7,73,97.3,Rainfed,213.9,4.99,0.77,2.69,5.7,22298,133829,127099,-6730,698,8.166,24.7,2.69,-5.295084934,0.008166189,244,23478.77193,0.202024291
SF13840,Punjab,Ludhiana,Rice,Zaid,7.8,196,30.5,45.6,7.1,7.37,14.2,114.3,58.9,48,Sprinkler,175.1,7.06,0.68,1.32,10.3,21986,563970,226456,-337514,11332,0.909,24.9,1.32,-149.0417565,0.00090893,221.2,54754.36893,0.283534137
SF13841,Karnataka,Raichur,Maize,Rabi,5.19,328,23.1,61.7,8.2,7.5,29,87.1,44.7,75.2,Rainfed,136.2,3.13,0.71,1.05,5.45,21173,309424,115393,-194031,2059,2.647,51.8,1.05,-168.1479812,0.002646916,207,56775.04587,0.06042471
SF13842,Telangana,Warangal,Wheat,Kharif,12.23,927.6,25.7,70,7.5,5.66,18.3,81.5,26.4,146.2,Flood,116.9,5.83,0.73,0.77,9.42,27860,754952,262441,-492511,9605,0.981,58.7,0.77,-187.6654181,0.000980739,254.1,80143.52442,0.099318569
SF13843,Karnataka,Raichur,Rice,Rabi,11.13,516.3,25.4,63.2,5.8,5.93,23.3,164.7,57.8,76.1,Drip,235.8,4.24,0.87,2.25,25.04,22248,699420,557090,-142330,11995,2.088,46.3,2.25,-25.54883412,0.002087536,298.6,27932.10863,0.091576674
SF13844,Telangana,Nalgonda,Sugarcane,Kharif,6.35,990.6,26.1,60.7,6.7,7.59,26.4,103.9,59.3,99.3,Rainfed,212.6,4.97,0.66,23.46,148.97,3951,431847,588580,156733,6249,23.839,54.6,23.46,26.6290054,0.023839014,262.5,2898.885682,0.091025641
SF13845,Andhra Pradesh,Guntur,Groundnut,Kharif,4.57,788.2,29.8,95,5.1,7.03,42.8,143.5,61.3,153,Sprinkler,370.8,8.1,0.83,2.28,10.42,62794,341671,654313,312642,2279,4.572,59.3,2.28,47.78171915,0.004572181,357.8,32789.92322,0.136593592
SF13846,Andhra Pradesh,Guntur,Pulses,Kharif,7.87,343.5,34.1,83.2,6.5,6.19,32.9,108.5,65.3,147.7,Drip,58.4,3.24,0.93,0.91,7.16,67039,458553,479999,21446,2509,2.854,65.9,0.91,4.467925975,0.002853727,321.5,64043.71508,0.049165402
SF13847,Andhra Pradesh,Krishna,Maize,Rabi,3.95,670.5,18.5,54.2,7,6.92,26.9,78.5,65.8,56.6,Rainfed,145,3.21,0.67,3.29,13,21245,238402,276185,37783,1063,12.23,51.3,3.29,13.68032297,0.012229539,200.9,18338.61538,0.062573099
SF13848,Madhya Pradesh,Indore,Wheat,Rabi,6.8,615.5,26.1,56.2,6.7,6.41,30.1,82.7,57.3,129.3,Flood,191.3,3.66,0.67,2.69,18.29,22798,483199,416975,-66224,4992,3.664,47.5,2.69,-15.88200731,0.003663862,269.3,26418.75342,0.077052632
SF13849,Punjab,Ludhiana,Rice,Rabi,4.22,534.1,24.2,58.3,8.3,6.81,15.7,118.2,66,79,Rainfed,152,1.28,0.66,4.13,17.43,23683,251218,412795,161577,3524,4.946,52.3,4.13,39.14218922,0.004946084,263.2,14412.96615,0.024474187
SF13850,Tamil Nadu,Erode,Rice,Kharif,2.31,679.6,26.6,74.3,6.8,7.31,34.2,139.7,99.2,80.6,Sprinkler,109,4.92,0.82,3.86,8.92,22338,149737,199255,49518,3571,2.498,44.9,3.86,24.85157211,0.0024979,319.5,16786.65919,0.109576837
SF13851,Maharashtra,Nashik,Sugarcane,Rabi,8.88,388,20.4,65.5,8.5,6.5,22.1,194.8,73.4,126.7,Drip,204.9,0.5,1,58.18,516.64,3261,707371,1684763,977392,14741,35.048,59.3,58.18,58.01361972,0.035047826,394.9,1369.175828,0.008431703
SF13852,Karnataka,Raichur,Wheat,Kharif,12.93,334.2,30.4,84.3,4.6,6.44,29.9,160.2,58.9,61.1,Drip,276.9,5.05,0.66,2.98,38.53,25378,998986,977814,-21172,6343,6.074,33.7,2.98,-2.16523797,0.006074413,280.2,25927.48508,0.149851632
SF13853,Gujarat,Rajkot,Cotton,Rabi,3.61,402.1,25.2,55.1,7.2,6.76,22.3,97.7,84.1,83.4,Rainfed,197.4,5.34,0.75,1.38,4.98,62696,203777,312226,108449,1615,3.084,47.6,1.38,34.73413489,0.003083591,265.2,40919.07631,0.112184874
SF13854,Gujarat,Rajkot,Groundnut,Zaid,10.73,144.3,33.2,53.3,7.4,6.69,23.1,142.2,40.2,124.9,Flood,73.7,8.6,0.95,1.16,12.45,53997,719753,672263,-47490,8523,1.461,34.2,1.16,-7.064199577,0.001460753,307.3,57811.48594,0.251461988
SF13855,Telangana,Warangal,Sugarcane,Kharif,7.91,1097.1,29.7,78,6.5,6.25,25.8,121.8,47.8,122.9,Drip,216.1,7.49,0.67,49.88,394.55,4023,539874,1587275,1047401,13429,29.38,53.6,49.88,65.98736829,0.029380445,292.5,1368.328475,0.139738806
SF13856,Gujarat,Rajkot,Groundnut,Kharif,8.75,483.2,23.9,68.4,6.3,6.35,33.8,155.4,60.1,74,Drip,160.1,9.06,0.98,2.17,18.99,50779,637192,964293,327101,3791,5.009,33,2.17,33.92132889,0.005009232,289.5,33554.0811,0.274545455
SF13857,Tamil Nadu,Erode,Chilli,Rabi,2.42,415.7,24.8,64.3,8.1,6.58,21.3,73.3,47.6,65.7,Sprinkler,170,1.82,0.78,2.24,5.42,115407,162872,625506,462634,1484,3.652,49.6,2.24,73.96156072,0.003652291,186.6,30050.1845,0.036693548
SF13858,Maharashtra,Nashik,Wheat,Rabi,2.32,296.4,24.6,58.7,6.9,6.73,13.1,134.7,30.3,114.9,Rainfed,204.3,7.73,0.7,2.29,5.31,24745,133786,131396,-2390,630,8.429,25.3,2.29,-1.818929039,0.008428571,279.9,25195.10358,0.305533597
SF13859,Punjab,Ludhiana,Maize,Rabi,14.15,584.6,20.5,64.5,7.4,6.64,30,172.7,56.2,94.7,Sprinkler,143.6,3.86,1,4.2,59.43,22381,1029301,1330103,300802,7126,8.34,44.4,4.2,22.61494035,0.008339882,323.6,17319.55241,0.086936937
SF13860,Telangana,Warangal,Maize,Rabi,5.19,628.4222488,24.2,47.9,9.1,5.97,29.8,140.5,63.7,126.9,Flood,308.6,7,0.67,1.41,7.32,17612,382417,128920,-253497,4167,1.757,16.9,1.41,-196.6312442,0.001756659,331.1,52242.75956,0.414201183
SF13861,Tamil Nadu,Erode,Maize,Rabi,5.79,460.2,23,50.5,7.8,7.06,23,127.6,43.1,58,Flood,145.4,4.56,0.8,2.91,16.85,23901,391141,402732,11591,4215,3.998,39.8,2.91,2.878092627,0.003997628,228.7,23213.11573,0.114572864
SF13862,Madhya Pradesh,Indore,Rice,Rabi,8.77,513.1,22.7,43.7,9,6.84,23.4,160.1,35.1,126.5,Rainfed,163.9,4.24,0.66,3.32,29.12,23850,535518,694512,158994,6744,4.318,46.3,3.32,22.89290898,0.004317912,321.7,18390.04121,0.091576674
SF13863,Tamil Nadu,Erode,Groundnut,Rabi,5.88,477.5,22.3,47.6,6.3,6.85,18.7,103.4,25.6,74.1,Rainfed,122.4,3.51,0.91,1.44,8.47,59853,256232,506955,250723,1494,5.669,35.4,1.44,49.45665789,0.005669344,203.1,30251.71192,0.099152542
SF13864,Maharashtra,Nashik,Rice,Kharif,7.96,868.9,25.6,63.2,5.5,6.71,33.8,100.9,52.3,72.1,Drip,247,6.85,0.76,3.81,30.33,20160,491111,611453,120342,7970,3.806,44.9,3.81,19.68131647,0.003805521,225.3,16192.2519,0.152561247
SF13865,Andhra Pradesh,Guntur,Rice,Rabi,13.45,461,17.1,59.5,5,7.62,24.4,113.8,87.2,77.1,Flood,254,4.24,0.95,1.23,16.54,22552,1047268,373010,-674258,28996,0.57,31.6,1.23,-180.7613737,0.000570424,278.1,63317.29141,0.134177215
SF13866,Telangana,Warangal,Pulses,Kharif,5.01,1206.2,28,66.5,8.5,7,42.1,126.2,99.6,61.7,Drip,127.1,3.3,0.8,1.15,5.76,67332,280004,387832,107828,1510,3.815,61.3,1.15,27.80275996,0.00381457,287.5,48611.80556,0.053833605
SF13867,Punjab,Ludhiana,Maize,Rabi,8.23,548.4,21.9,59.1,8.4,6.99,29,129.3,48.9,70,Drip,162.3,5.73,0.72,4.03,33.17,19749,583419,655074,71655,4289,7.734,45.3,4.03,10.93845886,0.007733737,248.2,17588.7549,0.126490066
SF13868,Gujarat,Rajkot,Wheat,Kharif,4.59,1020.6,30.1,94.6,8.3,7.17,36.6,116.7,25.6,183.3,Sprinkler,135,4.81,0.82,2.38,10.92,25996,299458,283876,-15582,2871,3.804,64.4,2.38,-5.489016331,0.003803553,325.6,27422.89377,0.074689441
SF13869,Maharashtra,Nashik,Chilli,Rabi,1.02,463.1,26.7,48.2,6.7,7.07,24.4,164.7,77.5,147.4,Drip,244.2,7.61,0.76,3.04,3.1,106189,61427,329186,267759,446,6.951,33.4,3.04,81.33972891,0.006950673,389.6,19815.16129,0.227844311
SF13870,Gujarat,Rajkot,Chilli,Zaid,1.12,247.3,30.5,63.8,10,7.37,26.4,123.5,63.4,85.1,Flood,315.4,6.01,0.79,0.79,0.88,111282,100179,97928,-2251,843,1.044,42.4,0.79,-2.298627563,0.001043891,272,113839.7727,0.141745283
SF13871,Madhya Pradesh,Indore,Maize,Rabi,12,501.8,24.2,56.1,8.3,6.13,27.1,77.5,54.3,120.7,Drip,144.6,1.9,0.72,2.96,35.52,22620,650058,803462,153404,5118,6.94,49.2,2.96,19.09287558,0.006940211,252.5,18301.18243,0.038617886
SF13872,Madhya Pradesh,Indore,Chilli,Kharif,6.43,784.8,31.9,68.1,6.4,7.38,33,97.9,47,163.5,Flood,234,7.77,0.98,1.43,9.19,108268,490588,994983,504395,3955,2.324,46.9,1.43,50.69383095,0.002323641,308.4,53382.8074,0.165671642
SF13873,Punjab,Ludhiana,Rice,Rabi,12.29,336.3,24.7,69.1,7.4,7.07,26.8,105.8,34.2,100.5,Rainfed,98.8,3.93,0.94,2.04,25.07,21948,621214,550236,-70978,11542,2.172,51,2.04,-12.89955583,0.002172067,240.5,24779.1783,0.077058824
SF13874,Tamil Nadu,Erode,Rice,Rabi,8.26,582,24.2,60.5,7.5,7.07,36,108.1,72.9,144.5,Rainfed,203.5,5.84,0.91,3.18,26.27,22908,507995,601793,93798,6556,4.007,45.5,3.18,15.58642257,0.004007016,325.5,19337.45718,0.128351648
SF13875,Andhra Pradesh,Guntur,Cotton,Kharif,2.57,928.8,27.7,62,4.8,7.67,37.8,130.5,68.4,128.7,Rainfed,199.2,5.73,0.94,0.57,1.46,65650,198427,95849,-102578,1285,1.136,53.6,0.57,-107.0204175,0.001136187,327.6,135908.9041,0.106902985
SF13876,Telangana,Nalgonda,Rice,Kharif,8.26,813.5,33.2,82.8,7.9,6.69,36.3,147.3,76.7,137.1,Flood,208.9,3,0.89,3.63,29.98,19817,489469,594114,104645,16465,1.821,57.9,3.63,17.61362297,0.001820832,361.1,16326.51768,0.051813472
SF13877,Andhra Pradesh,Guntur,Cotton,Rabi,11.32,162.8,25.6,51,7.1,7.05,26.9,105.9,61.1,104,Flood,173.3,6.31,0.85,1.19,13.47,65158,716779,877678,160899,11979,1.124,24.6,1.19,18.33234968,0.001124468,271,53212.99183,0.256504065
SF13878,Maharashtra,Nashik,Pulses,Kharif,14.12,867.4,30,59.6,5.8,5.82,35.3,135.2,56.7,75.1,Flood,157.8,4.09,0.85,0.59,8.33,73717,1082439,614063,-468376,6090,1.368,55.9,0.59,-76.2749099,0.001367816,267,129944.6579,0.073166369
SF13879,Telangana,Nalgonda,Sugarcane,Rabi,14.88,512.5,21.8,62.9,8.7,5.92,14.1,68.9,37.4,115.1,Drip,163.2,7.89,0.93,32.19,478.99,2920,1188066,1398651,210585,21918,21.854,30.7,32.19,15.05629353,0.021853728,221.4,2480.356584,0.257003257
SF13880,Punjab,Ludhiana,Wheat,Rabi,7.67,557.1,22.6,53,6.9,7.21,25.3,95.9,75.9,102.6,Sprinkler,261.9,6.81,0.82,2.45,18.79,22476,598212,422324,-175888,4754,3.952,25.1,2.45,-41.64764494,0.003952461,274.4,31836.72166,0.271314741
SF13881,Telangana,Warangal,Wheat,Rabi,11.13,593.6,19.4,44.6,7.7,5.76,26.3,184.2,71.5,113.4,Flood,252.4,4.26,0.85,0.85,9.46,23579,999011,223057,-775954,8393,1.127,40.8,0.85,-347.8725169,0.00112713,369.1,105603.6998,0.104411765
SF13882,Punjab,Ludhiana,Cotton,Zaid,7.61,197.1,30.2,55.9,10,6.83,16.2,133.3,61.6,128.1,Drip,179.2,3.94,0.71,1.3,9.89,65049,523845,643335,119490,4406,2.245,35.4,1.3,18.57352701,0.002244666,323,52967.13852,0.111299435
SF13883,Andhra Pradesh,Krishna,Maize,Kharif,10.51,863,30.5,73.9,8.1,6.08,26.4,146,40,123.4,Drip,154.2,9.05,0.92,3.3,34.68,21870,634708,758452,123744,5433,6.383,46.6,3.3,16.31533703,0.006383214,309.4,18301.84544,0.194206009
SF13884,Telangana,Warangal,Rice,Kharif,0.73,667.6,30.9,87.2,7.2,6.23,40,145.4,55.2,118.7,Sprinkler,141.1,4.51,0.98,2.96,2.16,21781,57222,47047,-10175,963,2.243,43.9,2.96,-21.62730886,0.002242991,319.3,26491.66667,0.102733485
SF13885,Tamil Nadu,Erode,Cotton,Kharif,1.06,897.7,26.3,60.3,6.9,5.97,25.1,144.8,40,72.8,Sprinkler,128.2,5.13,0.82,1.04,1.1,66591,78650,73250,-5400,837,1.314,54.4,1.04,-7.372013652,0.001314217,257.6,71500,0.094301471
SF13886,Punjab,Ludhiana,Pulses,Zaid,14.47,324,28.3,31.9,8.6,7.19,16.1,118.1,51.4,80.5,Sprinkler,235.6,5.3,0.85,0.85,12.3,69828,1078068,858884,-219184,4516,2.724,38.9,0.85,-25.5196278,0.002723649,250,87647.80488,0.136246787
SF13887,Telangana,Warangal,Wheat,Rabi,9.35,476.7,20,70.7,7.2,6.59,22.6,84.6,61.5,104.6,Rainfed,79.7,5.7,0.97,1.97,18.42,21337,610709,393028,-217681,3093,5.955,41.4,1.97,-55.38562138,0.005955383,250.7,33154.66884,0.137681159
SF13888,Andhra Pradesh,Krishna,Wheat,Rabi,3.11,927.4,21.9,38.5,7.1,6.73,27.8,127.2,66.6,138.1,Flood,165.8,2.21,0.9,2.85,8.86,25212,211889,223378,11489,1794,4.939,48.4,2.85,5.143299698,0.004938685,331.9,23915.23702,0.045661157
SF13889,Andhra Pradesh,Krishna,Maize,Rabi,4.81,384.9,18.4,61.5,7.4,5.61,21.5,180.2,55.5,97.8,Flood,273.1,5.73,0.79,0.76,3.66,22326,340454,81713,-258741,3171,1.154,44.5,0.76,-316.6460661,0.00115421,333.5,93020.21858,0.128764045
SF13890,Maharashtra,Nashik,Pulses,Rabi,7.93,296.5,24.4,52.7,6.7,7.05,26,108.5,46.9,107.9,Drip,158.6,5.54,0.75,1.15,9.12,69896,593852,637452,43600,2891,3.155,29.6,1.15,6.839730678,0.003154618,263.3,65115.35088,0.187162162
SF13891,Punjab,Ludhiana,Cotton,Kharif,4.31,1114.9,30.2,78.9,6.6,7.28,31.2,83.3,47.9,116.1,Drip,181.8,4.02,0.86,1.09,4.7,66866,305267,314270,9003,3112,1.51,71.4,1.09,2.864734146,0.001510283,247.3,64950.42553,0.056302521
SF13892,Telangana,Nalgonda,Wheat,Rabi,12.58,346.7,28,46.5,8.8,5.98,26.4,155.7,59.9,59.2,Drip,238.8,5.15,0.72,1.77,22.27,23617,888241,525951,-362290,5106,4.362,56.6,1.77,-68.8828427,0.004361535,274.8,39885.09205,0.090989399
SF13893,Karnataka,Raichur,Wheat,Rabi,1.19,354.8,24,35.5,5.4,7.33,25.9,87.8,54.3,77.4,Rainfed,233,4.86,0.8,1.48,1.76,23674,72491,41666,-30825,329,5.35,31.8,1.48,-73.9811837,0.005349544,219.5,41188.06818,0.152830189
SF13894,Andhra Pradesh,Guntur,Maize,Rabi,13.58,492.7,22.8,43.9,8.2,7.95,11.3,95.6,68.2,91.1,Flood,222.6,0.5,0.85,0.64,8.69,21727,1058006,188808,-869198,10756,0.808,44.9,0.64,-460.3607898,0.000807921,254.9,121749.8274,0.011135857
SF13895,Telangana,Warangal,Maize,Rabi,12.09,820.1,19,46.2,6.5,6.93,24.9,137.7,57.1,97.4,Rainfed,224.3,4.76,0.83,2.85,34.46,19508,820500,672246,-148254,4406,7.821,46.4,2.85,-22.05353397,0.007821153,292.2,23810.21474,0.102586207
SF13896,Karnataka,Raichur,Maize,Zaid,14.46,399.3,29.2,62,7.3,7.36,13.8,129.3,47.4,82,Rainfed,182.4,6.35,0.82,2.24,32.39,18931,918356,613175,-305181,4898,6.613,40.4,2.24,-49.77062013,0.006612903,258.7,28353.07194,0.157178218
SF13897,Andhra Pradesh,Guntur,Cotton,Rabi,14.88,483.8,25.7,69.3,7.1,7.21,19.7,109.1,91.2,85.5,Flood,76,8.93,0.88,1.31,19.49,63427,1053290,1236192,182902,12554,1.552,37.2,1.31,14.79559809,0.001552493,285.8,54042.58594,0.240053763
SF13898,Gujarat,Rajkot,Sugarcane,Zaid,14.99,292.5,26.4,55.6,8.8,6.05,18.9,139.8,84.1,88.2,Sprinkler,141.6,3.08,0.79,31.82,476.98,3365,898221,1605038,706817,29415,16.216,38.2,31.82,44.03739974,0.016215536,312.1,1883.141851,0.080628272
SF13899,Madhya Pradesh,Indore,Wheat,Kharif,6.35,950.3,31.7,73.7,5.7,7.69,30.9,132.9,65.9,119.9,Sprinkler,279.4,4.3,0.86,0.9,5.72,26992,426947,154394,-272553,3605,1.587,60,0.9,-176.5308237,0.001586685,318.7,74641.08392,0.071666667
SF13900,Andhra Pradesh,Krishna,Groundnut,Kharif,12.5,603.7,26.8,88.9,6.8,8.18,30,131.8,39.6,104.3,Drip,149.7,4.09,0.69,0.3,3.75,52558,731823,197092,-534731,5299,0.708,56.3,0.3,-271.3103525,0.000707681,275.7,195152.8,0.072646536
SF13901,Gujarat,Rajkot,Wheat,Kharif,9,559,24.5,80.4,7.5,6.74,34.8,148,77,93.9,Rainfed,91.8,6.58,0.71,3.21,28.89,25075,601823,724417,122594,2464,11.725,45.7,3.21,16.92312577,0.011724838,318.9,20831.5334,0.143982495
SF13902,Tamil Nadu,Erode,Cotton,Zaid,14.7,282.7,29.4,66.5,9.1,5.48,23.5,104.9,69.5,101.1,Rainfed,182.6,1.73,0.69,0.3,4.41,64747,1140615,285534,-855081,6564,0.672,41.4,0.3,-299.4673139,0.000671846,275.5,258642.8571,0.04178744
SF13903,Telangana,Nalgonda,Pulses,Zaid,0.72,276.9,31.7,66.5,6.5,5.44,11.2,173.5,48,131.7,Sprinkler,208.7,2.64,0.95,0.3,0.22,80719,39818,17758,-22060,215,1.023,46.8,0.3,-124.2257011,0.001023256,353.2,180990.9091,0.056410256
SF13904,Andhra Pradesh,Krishna,Wheat,Rabi,12.56,555,25.1,63.2,7.1,7.7,25.4,136.7,76.2,108.8,Flood,195.1,6.7,0.77,1,12.56,28197,925370,354154,-571216,9002,1.395,34.5,1,-161.2902861,0.001395246,321.7,73675.95541,0.194202899
SF13905,Andhra Pradesh,Guntur,Maize,Kharif,4.64,935.2,30.4,81,6.8,6.22,26.7,60.7,54.5,109.3,Flood,132.2,7.44,0.82,2.85,13.22,22388,292019,295969,3950,3359,3.936,51.9,2.85,1.334599232,0.003935695,224.5,22089.18306,0.143352601
SF13906,Telangana,Nalgonda,Rice,Kharif,13.33,668,30.6,67.5,7.4,5.66,29.8,112.1,65.8,100.7,Sprinkler,101.3,6.45,0.75,1.01,13.46,21696,1023482,292028,-731454,19182,0.702,36.1,1.01,-250.4739272,0.0007017,278.6,76038.78158,0.17867036
SF13907,Andhra Pradesh,Guntur,Rice,Kharif,11.14,628.1,27.1,55.1,8.5,5.2,30.8,90.1,55.3,87.5,Flood,190.9,5.74,0.65,0.3,3.34,22456,876163,75003,-801160,19254,0.173,42.1,0.3,-1068.170607,0.00017347,232.9,262324.2515,0.136342043
SF13908,Karnataka,Raichur,Pulses,Rabi,10.9,600.2,20.3,64.6,6.9,6.48,10.4,150.9,93,169.2,Rainfed,46,6.11,0.89,1.47,16.02,76365,559035,1223367,664332,2489,6.436,36.5,1.47,54.30357366,0.00643632,413.1,34896.06742,0.16739726
SF13909,Andhra Pradesh,Guntur,Wheat,Kharif,11.31,965,34,74.7,5.9,6.29,31.6,159.7,54.1,62.1,Sprinkler,321.4,4.12,0.89,2.35,26.58,27540,724225,732013,7788,5929,4.483,61.1,2.35,1.063915532,0.004483049,275.9,27246.99022,0.067430442
SF13910,Andhra Pradesh,Guntur,Maize,Kharif,1.55,797.9,30.6,70.7,5.5,7.25,20.9,88.8,65.5,139.3,Rainfed,304,6.44,0.92,2.94,4.56,21186,113693,96608,-17085,400,11.4,45.5,2.94,-17.68487082,0.0114,293.6,24932.67544,0.141538462
SF13911,Telangana,Warangal,Groundnut,Rabi,14.27,511.5,26.8,53.8,8.2,7.67,24.6,126.2,65.1,89,Flood,249.8,3.1,0.76,0.75,10.7,51608,889648,552206,-337442,8280,1.292,50.9,0.75,-61.10799231,0.001292271,280.3,83144.6729,0.060903733
SF13912,Punjab,Ludhiana,Groundnut,Rabi,4.84,278.5,27.4,68.4,7.8,7.03,22.5,111.7,54,122.1,Flood,251,5.75,0.76,1.42,6.87,61490,309229,422436,113207,3454,1.989,39.8,1.42,26.79861565,0.001988998,287.8,45011.49927,0.144472362
SF13913,Gujarat,Rajkot,Rice,Rabi,3.94,309.1,25.4,51,7.8,6.6,21.4,92,52.4,112.9,Drip,150.3,7.64,0.92,3.67,14.46,22955,265071,331929,66858,5398,2.679,38.3,3.67,20.14225934,0.00267877,257.3,18331.3278,0.199477807
SF13914,Gujarat,Rajkot,Rice,Kharif,9.61,656.1,32.6,63.1,7.8,6.4,25.4,181.6,61,138.3,Rainfed,211.4,5.67,0.89,3.37,32.39,21668,742341,701827,-40514,8035,4.031,49.9,3.37,-5.772647675,0.004031114,380.9,22918.83297,0.113627255
SF13915,Andhra Pradesh,Guntur,Pulses,Kharif,5.02,948.1,24.9,81.6,5.2,7.24,25.2,74.8,16.8,102.6,Rainfed,118.4,4.19,0.69,0.82,4.12,81481,288222,335702,47480,1077,3.825,56.7,0.82,14.14349632,0.003825441,194.2,69956.79612,0.073897707
SF13916,Maharashtra,Nashik,Wheat,Kharif,10.85,1203.6,27.3,69.1,7.6,7.35,41,122.5,46.3,57.4,Rainfed,169.4,8.28,0.86,1.25,13.56,26088,676793,353753,-323040,3105,4.367,45.3,1.25,-91.31795349,0.00436715,226.2,49910.9882,0.182781457
SF13917,Telangana,Nalgonda,Chilli,Rabi,4.79,508.3,25.1,52.6,8.9,6.28,28.4,95.2,89,77.8,Rainfed,170,9.27,0.82,1.83,8.77,105471,330032,924981,594949,1626,5.394,22.3,1.83,64.32013198,0.005393604,262,37631.92702,0.415695067
SF13918,Karnataka,Raichur,Pulses,Kharif,4.74,559.4,27,73.4,7.7,6.69,33.3,127,99.8,159.6,Rainfed,112.2,3.3,0.66,1.66,7.87,71834,265421,565334,299913,912,8.629,44.1,1.66,53.05058603,0.008629386,386.4,33725.66709,0.074829932
SF13919,Madhya Pradesh,Indore,Cotton,Kharif,0.76,843.6,33.2,75.6,6.6,6.8,29,42.8,45.6,92.9,Rainfed,201.1,6.05,0.71,1.38,1.05,69483,57204,72957,15753,280,3.75,54.2,1.38,21.59217073,0.00375,181.3,54480,0.111623616
SF13920,Karnataka,Raichur,Chilli,Kharif,4.05,874.8,26.9,80.4,7.9,5.86,36.2,106.7,49.4,170.9,Sprinkler,182.6,4.93,0.72,1.22,4.94,111781,296204,552198,255994,2595,1.904,51.5,1.22,46.35909583,0.001903661,327,59960.32389,0.095728155
SF13921,Telangana,Nalgonda,Rice,Rabi,13.48,309.6,24,50.5,7.2,6.73,27.4,126.2,46,86.6,Drip,219.8,7.88,0.99,3.66,49.34,20877,1072993,1030071,-42922,16680,2.958,20.5,3.66,-4.166897233,0.002958034,258.8,21746.91934,0.384390244
SF13922,Telangana,Nalgonda,Rice,Zaid,8.94,219.4,27.3,55,8.1,6.82,18.1,55.5,81,71.4,Drip,183.5,5.64,0.93,2.86,25.57,18322,519347,468494,-50853,6156,4.154,16.2,2.86,-10.85456804,0.004153671,207.9,20310.7939,0.348148148
SF13923,Gujarat,Rajkot,Wheat,Kharif,1.77,1013.3,31.1,70.4,5.7,5.86,26.3,181.6,54.3,142.8,Rainfed,218.7,5.82,0.86,1.118644068,1.98,22354,111157,44261,-66896,505,3.921,54.8,1.118644068,-151.1398296,0.003920792,378.7,56139.89899,0.10620438
SF13924,Maharashtra,Nashik,Rice,Rabi,3.75,337.4,27.7,73.3,6.9,7.94,25.1,96.3,65.2,40,Rainfed,247.2,5.02,0.89,0.34,1.28,23442,251606,30006,-221600,2971,0.431,40.6,0.34,-738.5189629,0.000430831,201.5,196567.1875,0.12364532
SF13925,Karnataka,Raichur,Maize,Rabi,2.76,466.8,23,67.2,6.7,6.09,18.5,109.3,36,93.9,Rainfed,205.2,5.3,0.89,1.97,5.44,20991,209374,114191,-95183,815,6.675,37.5,1.97,-83.3542048,0.006674847,239.2,38487.86765,0.141333333
SF13926,Maharashtra,Nashik,Wheat,Rabi,12.52,374,17.9,59.7,9.4,7.57,24.5,118.6,77.5,128.7,Rainfed,116.4,5.14,0.71,0.88,11.02,26649,744970,293672,-451298,3347,3.293,29.8,0.88,-153.6741671,0.003292501,324.8,67601.63339,0.172483221
SF13927,Andhra Pradesh,Krishna,Maize,Kharif,11.29,1017.3,24.7,69.5,5.8,7.38,38.2,116.2,73.5,121.1,Rainfed,272.3,2.52,0.67,2.21,24.95,19914,806958,496854,-310104,3875,6.439,78.8,2.21,-62.41350578,0.00643871,310.8,32343.00601,0.031979695
SF13928,Andhra Pradesh,Guntur,Groundnut,Rabi,7.05,144.8,23.2,63.4,7.6,6.77,19.8,163.3,64.1,74.1,Sprinkler,149.4,5.2,0.94,1.6,11.28,56513,438357,637467,199110,3277,3.442,25.6,1.6,31.23455802,0.003442173,301.5,38861.43617,0.203125
SF13929,Madhya Pradesh,Indore,Wheat,Kharif,12.85,795.8,30.3,67.4,8.3,6.84,27,98.5,48,87.1,Sprinkler,167.4,3.61,0.73,3.45,44.33,21068,893471,933944,40473,7298,6.074,61.9,3.45,4.333557472,0.006074267,233.6,20154.99662,0.058319871
SF13930,Tamil Nadu,Erode,Pulses,Rabi,10.13,628.3,23.2,57.8,8.7,6.93,21.7,126.3,71.9,140.3,Rainfed,260.6,4.26,0.78,1.36,13.78,71319,693862,982776,288914,2153,6.4,51.5,1.36,29.39774679,0.006400372,338.5,50352.83019,0.082718447
SF13931,Telangana,Warangal,Cotton,Zaid,6.6,454,30,60.3,6.9,7.67,19.1,113.8,74.3,103.6,Flood,331.6,4.66,0.75,0.45,2.97,65805,362830,195441,-167389,6665,0.446,44.5,0.45,-85.64681924,0.000445611,291.7,122164.9832,0.104719101
SF13932,Karnataka,Raichur,Rice,Rabi,8.93,174.2,21.1,38.3,7.3,7.4,18.2,110,50.1,129.1,Sprinkler,65.9,3.03,0.84,1.54,13.75,24375,504681,335156,-169525,12096,1.137,42.1,1.54,-50.58092351,0.001136739,289.2,36704.07273,0.071971496
SF13933,Karnataka,Raichur,Pulses,Kharif,2.76,1013.4,32.6,69.4,7.2,6.92,23.6,124.1,88.8,107.2,Drip,230.8,5.38,0.68,1.3,3.59,80348,171958,288449,116491,891,4.029,52.1,1.3,40.38530208,0.004029181,320.1,47899.16435,0.103262956
SF13934,Tamil Nadu,Erode,Rice,Kharif,11.91,965.5,30.7,86.4,7.1,7.05,31.2,176.9,41.2,73,Drip,171,6.42,0.68,3.39,40.37,20474,727619,826535,98916,16896,2.389,58.6,3.39,11.96755128,0.002389323,291.1,18023.75526,0.109556314
SF13935,Maharashtra,Nashik,Cotton,Zaid,10.11,345.7,27,55,10,6.62,24.9,96.6,94.5,69,Sprinkler,190,3.8,0.92,1.59,16.07,62854,681723,1010064,328341,8047,1.997,44,1.59,32.50695005,0.001997018,260.1,42422.09085,0.086363636
SF13936,Tamil Nadu,Erode,Pulses,Kharif,12.11,1022.4,31.9,91.5,6.1,6.92,32.7,145.3,51.9,95.3,Flood,165.6,5.79,0.85,1.21,14.65,61837,793430,905912,112482,5834,2.511,55.5,1.21,12.4164378,0.002511142,292.5,54159.04437,0.104324324
SF13937,Andhra Pradesh,Guntur,Wheat,Rabi,7.82,458.6,20.9,67.2,7.9,6.22,32,111.8,80.5,99.5,Rainfed,203.3,2.68,0.89,1.74,13.61,24325,460509,331063,-129446,1997,6.815,45.7,1.74,-39.10011086,0.006815223,291.8,33836.07641,0.058643326
SF13938,Tamil Nadu,Erode,Wheat,Kharif,2.44,600.8484925,22.6,69.9,8.3,7.31,29.9,139.7,99,101.9,Drip,101.2,3.48,0.79,2.98,7.27,23624,133843,171746,37903,1177,6.177,49.9,2.98,22.0692185,0.00617672,340.6,18410.31637,0.069739479
SF13939,Telangana,Warangal,Maize,Kharif,7.55,989.5,33,72.4,8.6,6.16,25.3,80.6,54.5,128.7,Drip,148.5,3.92,0.96,2.73,20.61,20986,457237,432521,-24716,3784,5.447,58.7,2.73,-5.714404619,0.005446617,263.8,22185.20136,0.066780239
SF13940,Gujarat,Rajkot,Chilli,Zaid,6.03,428.1,27.7,64.5,8.4,7.57,20.7,108.9,73.7,160.3,Sprinkler,203.8,3.9,0.67,1.01,6.09,104489,346744,636338,289594,3368,1.808,47.1,1.01,45.50946195,0.001808195,342.9,56936.61741,0.082802548
SF13941,Telangana,Nalgonda,Sugarcane,Zaid,2.11,398.4,31.1,37.8,8.8,6.1,14.5,132.2,62.6,121.7,Flood,119.2,0.5,1,35.88,75.71,3367,124124,254916,130792,4221,17.937,32,35.88,51.30788181,0.017936508,316.5,1639.466385,0.015625
SF13942,Karnataka,Raichur,Rice,Zaid,10.51,411,30.5,59.4,5.9,5.88,28.4,155.7,32.1,90.1,Sprinkler,231.1,6.51,0.84,1.14,11.98,19488,702019,233466,-468553,18118,0.661,36,1.14,-200.6943195,0.000661221,277.9,58599.24875,0.180833333
SF13943,Tamil Nadu,Erode,Chilli,Rabi,2.26,854.2,26.7,41.2,7.3,5.2,31.8,87.4,38.3,144.3,Drip,159.2,6.17,0.93,0.3,0.68,89733,138570,61018,-77552,1316,0.517,30.1,0.3,-127.0969222,0.000516717,270,203779.4118,0.204983389
SF13944,Tamil Nadu,Erode,Pulses,Kharif,6.63,1093.9,32.5,71.7,7,7.05,29.3,90.2,42.9,85.6,Sprinkler,137.6,4.93,0.79,1.06,7.03,63475,418547,446229,27682,2512,2.799,56.5,1.06,6.203541231,0.002798567,218.7,59537.26885,0.087256637
SF13945,Madhya Pradesh,Indore,Cotton,Kharif,5.41,641.3,26.9,69.3,7.5,6.13,28.5,135.4,34.8,80.2,Rainfed,232,5.34,0.88,1.45,7.84,65780,345616,515715,170099,2632,2.979,44.7,1.45,32.98313991,0.002978723,250.4,44083.67347,0.119463087
SF13946,Telangana,Warangal,Chilli,Rabi,10.33,638,24.3,64.9,6.8,6.9,37.8,108,56.9,134.9,Flood,80.9,4.63,0.96,3.05,31.51,105747,585484,3332088,2746604,8762,3.596,49.3,3.05,82.42891544,0.003596211,299.8,18580.89495,0.093914807
SF13947,Punjab,Ludhiana,Chilli,Rabi,5.18,572.1,21.6,69.4,9.1,5.59,19.9,94.3,69.2,104.1,Sprinkler,135.7,5.32,0.84,0.530888031,2.75,107687,335676,296139,-39537,3646,0.754,42.9,0.530888031,-13.35082512,0.000754251,267.6,122064,0.124009324
SF13948,Andhra Pradesh,Krishna,Wheat,Rabi,1.73,340,25.5,55,7.9,6.24,18.6,135.9,54.7,116.6,Rainfed,176.3,3.03,0.84,1.75,3.03,25565,110174,77462,-32712,460,6.587,36.1,1.75,-42.22973845,0.006586957,307.2,36361.05611,0.083933518
SF13949,Maharashtra,Nashik,Groundnut,Rabi,13.9,493.3,21.4,53.3,8.8,6.02,19.4,69.6,38.5,90.9,Drip,222.8,5.54,0.66,0.91,12.65,48548,1039090,614132,-424958,5683,2.226,31.5,0.91,-69.19652453,0.002225937,199,82141.50198,0.175873016
SF13950,Telangana,Nalgonda,Chilli,Zaid,2.44,132.1,30.4,44.1,8.6,6.59,17.2,140.9,76.6,76,Rainfed,192.6,6.26,0.87,1.35,3.29,104792,161746,344766,183020,805,4.087,24.7,1.35,53.08528103,0.004086957,293.5,49162.91793,0.253441296
SF13951,Gujarat,Rajkot,Groundnut,Kharif,3.89,929.3,25.6,65.5,7.2,7,22.4,80.5,98.2,128.8,Flood,238.8,4.48,0.87,1.95,7.59,45819,301719,347766,46047,2345,3.237,57.5,1.95,13.24079985,0.003236674,307.5,39752.17391,0.077913043
SF13952,Tamil Nadu,Erode,Rice,Zaid,6.2,399.2,33.5,30,7.7,5.99,17.9,120.7,60.6,138.6,Drip,183.5,1.71,0.75,1.47,9.11,24294,390632,221318,-169314,8101,1.125,40.2,1.47,-76.50258903,0.001124553,319.9,42879.47311,0.042537313
SF13953,Telangana,Warangal,Chilli,Kharif,3.88,839.1,26.2,72.9,5.7,6.18,40.5,118.1,60.2,125.8,Sprinkler,223,3.37,0.97,2.65,10.28,113362,274339,1165361,891022,2563,4.011,60.2,2.65,76.4588827,0.004010925,304.1,26686.67315,0.055980066
SF13954,Telangana,Nalgonda,Groundnut,Kharif,12.59,740.4,35.4,87.3,8,6.94,20.9,116.2,55.9,118.9,Drip,153.8,5.93,0.89,2.15,27.07,54533,710815,1476208,765393,5211,5.195,58.9,2.15,51.84858773,0.00519478,291,26258.40414,0.100679117
SF13955,Tamil Nadu,Erode,Maize,Kharif,8.25,708.1,31.9,75.4,7.7,7.65,26.4,80.2,58.9,85.5,Sprinkler,188.6,5.42,0.72,1.28,10.56,21456,522222,226575,-295647,4824,2.189,52.7,1.28,-130.4852698,0.002189055,224.6,49452.84091,0.1028463
SF13956,Madhya Pradesh,Indore,Rice,Zaid,5.91,301.6,32.2,38,5.4,6.33,14.7,207.2,51.6,128.6,Drip,192.9,3.52,0.95,2.36,13.95,24849,397856,346644,-51212,7022,1.987,31.1,2.36,-14.77365828,0.001986614,387.4,28520.14337,0.11318328
SF13957,Andhra Pradesh,Krishna,Groundnut,Rabi,6.03,541.5,26,55,6.4,6.07,28.2,133.4,51.5,103.6,Flood,209.5,5.97,0.96,1.54,9.29,59179,490223,549773,59550,3913,2.374,36.4,1.54,10.83174328,0.002374137,288.5,52768.89128,0.164010989
SF13958,Andhra Pradesh,Krishna,Pulses,Rabi,10.25,566.1,24.2,51.7,7.2,6.45,24.6,176,84.7,82.3,Flood,161.7,1.92,0.93,1.36,13.94,75814,615132,1056847,441715,5474,2.547,47.7,1.36,41.79554846,0.002546584,343,44127.11621,0.040251572
SF13959,Karnataka,Raichur,Rice,Rabi,1.79,472.2,18.9,66.7,10.1,6.63,31.3,124.9,34.1,139.7,Rainfed,282,7.72,0.79,2.69,4.82,22656,110771,109202,-1569,1509,3.194,29,2.69,-1.436786872,0.003194168,298.7,22981.53527,0.266206897
SF13960,Andhra Pradesh,Krishna,Groundnut,Kharif,11.78,1004.4,29.2,67.6,5.9,7.3,34.5,199.2,50.2,136.9,Flood,192.1,4.37,0.81,1.22,14.37,50547,778441,726360,-52081,6417,2.239,44.2,1.22,-7.170136021,0.002239364,386.3,54171.25957,0.098868778
SF13961,Maharashtra,Nashik,Sugarcane,Kharif,11.63,933.1,25.1,77.9,5.5,8.4,30.2,61.9,61.1,85.6,Rainfed,218.7,0.5,0.83,1.39,16.17,3193,700172,51631,-648541,12155,1.33,67.8,1.39,-1256.107765,0.001330317,208.6,43300.68027,0.007374631
SF13962,Tamil Nadu,Erode,Rice,Kharif,12.37,738.2,27.9,66.8,6.5,6.69,37.2,141,77.8,103.5,Rainfed,291.6,8.82,0.89,3.71,45.89,22569,875309,1035691,160382,8381,5.475,29.9,3.71,15.48550678,0.00547548,322.3,19074.06842,0.294983278
SF13963,Punjab,Ludhiana,Groundnut,Rabi,6.99,361.3,20.6,79.6,8.6,6.96,29.3,128.8,59,129.8,Rainfed,222.3,3.19,0.67,1.4,9.79,55058,525856,539018,13162,1836,5.332,49,1.4,2.441847953,0.005332244,317.6,53713.58529,0.065102041
SF13964,Gujarat,Rajkot,Cotton,Kharif,0.92,1088.4,31.1,73.5,7.6,7.19,32.5,117,24.6,117.4,Sprinkler,200.8,6,0.97,1,0.92,63196,71611,58140,-13471,584,1.575,73.3,1,-23.16993464,0.001575342,259,77838.04348,0.081855389
SF13965,Telangana,Nalgonda,Chilli,Kharif,10.59,661.5,31,76.3,7.7,6.38,35.8,146.2,49.1,106.5,Rainfed,108.9,1.94,0.92,2.41,25.52,100522,603318,2565321,1962003,3738,6.827,47.3,2.41,76.48177363,0.00682718,301.8,23640.98746,0.041014799
SF13966,Gujarat,Rajkot,Groundnut,Rabi,8.36,464.1,23.2,73.5,7.5,7.11,29.4,120.1,59.6,101.9,Rainfed,135.8,7.61,0.92,1.34,11.2,55474,504343,621309,116966,2248,4.982,32.4,1.34,18.82573727,0.004982206,281.6,45030.625,0.234876543
SF13967,Karnataka,Raichur,Sugarcane,Rabi,7.97,399.2,24.4,54.1,9.1,6.8,20.8,81.8,74,99.2,Flood,220.6,4.13,0.65,51.04,406.79,3199,560564,1301321,740757,19853,20.49,37.3,51.04,56.92346469,0.020490102,255,1378.018142,0.110723861
SF13968,Punjab,Ludhiana,Maize,Kharif,12.79,590.4,31.5,53.6,5.9,7.98,26.6,164,61.8,119.8,Sprinkler,98.8,4.75,0.86,0.66,8.44,15749,873885,132922,-740963,7779,1.085,43.9,0.66,-557.4419584,0.001084972,345.6,103540.8768,0.108200456
SF13969,Punjab,Ludhiana,Rice,Rabi,8.27,467.9,23.2,49.7,8.1,6.23,16.5,135.8,94.6,76.4,Flood,252.7,5.29,0.81,3.1,25.64,22526,491408,577567,86159,16926,1.515,37.3,3.1,14.91757666,0.001514829,306.8,19165.67863,0.141823056
SF13970,Andhra Pradesh,Guntur,Pulses,Kharif,10.57,846.8,29.5,70.9,5.3,7.28,27.6,68.4,52.2,104.9,Flood,143.8,5.84,0.81,0.92,9.72,74722,580292,726298,146006,4537,2.142,47.1,0.92,20.10276773,0.002142385,225.5,59700.82305,0.123991507
SF13971,Andhra Pradesh,Guntur,Chilli,Kharif,13.78,950.1,30.1,60.1,6.9,7.33,34.6,120.3,73.8,123.5,Rainfed,200.4,6.91,0.97,1.39,19.15,94210,1093028,1804121,711093,4257,4.498,37.7,1.39,39.41492838,0.004498473,317.6,57077.18016,0.183289125
SF13972,Telangana,Warangal,Wheat,Rabi,6.46,667.7,22.5,47.8,6.1,6.75,22,85.2,54.1,151.7,Drip,127.5,5,0.73,3.87,25,25086,443187,627150,183963,2848,8.778,47.8,3.87,29.33317388,0.00877809,291,17727.48,0.10460251
SF13973,Karnataka,Raichur,Maize,Kharif,14.22,612.6015666,25.6,67.9,7.9,6.94,33.2,75.4,56.2,145.3,Flood,190.9,6.22,0.74,3.49,49.63,18976,1005620,941779,-63841,9700,5.116,52.2,3.49,-6.778766568,0.005116495,276.9,20262.34133,0.119157088
SF13974,Tamil Nadu,Erode,Rice,Zaid,6.46,372.2,29,41.5,8.2,5.2,13.1,112.4,31.1,149.2,Flood,211.3,5.06,0.66,0.3,1.94,22368,465829,43394,-422435,11412,0.17,36.3,0.3,-973.487118,0.000169996,292.7,240118.0412,0.139393939
SF13975,Andhra Pradesh,Krishna,Chilli,Zaid,11.6,255.7,29.3,55.2,8.6,7.36,23.4,138.7,17.1,101.1,Sprinkler,139.4,5.02,0.84,1.05,12.18,91243,866150,1111340,245190,6535,1.864,29.6,1.05,22.06255511,0.00186381,256.9,71112.47947,0.169594595
SF13976,Andhra Pradesh,Guntur,Chilli,Rabi,8.38,267,23.5,68.7,7.2,6.37,23.1,106.2,62.3,91.8,Rainfed,261,2.89,0.88,1.56,13.07,114449,587194,1495848,908654,3026,4.319,52.1,1.56,60.7450757,0.004319233,260.3,44926.85539,0.05547025
SF13977,Telangana,Warangal,Pulses,Rabi,3.15,484.8,16.6,53.3,7.5,6.89,24.8,129.5,55,113,Rainfed,117.9,3.63,0.78,0.78,2.46,80673,182403,198456,16053,785,3.134,46.6,0.78,8.088946668,0.003133758,297.5,74147.56098,0.077896996
SF13978,Tamil Nadu,Erode,Cotton,Kharif,4.45,893.7,24.6,56.2,5.2,5.35,28,60.9,83.4,102.1,Flood,157.1,6.12,0.96,0.3,1.34,61038,231071,81791,-149280,4666,0.287,44,0.3,-182.5139685,0.000287184,246.4,172441.0448,0.139090909
SF13979,Tamil Nadu,Erode,Groundnut,Zaid,1.42,110.7,27.3,60.3,6.8,6.92,22.8,180.1,78.7,80.5,Rainfed,136.4,3.61,0.98,1.4,1.99,52328,93799,104133,10334,389,5.116,45.9,1.4,9.923847387,0.005115681,339.3,47135.17588,0.078649237
SF13980,Karnataka,Raichur,Groundnut,Kharif,0.62,1108,30.8,59.8,6.4,5.99,22.6,93.6,38.2,50.7,Flood,174,5.8,0.76,0.75,0.46,49117,50638,22594,-28044,413,1.114,53.1,0.75,-124.1214482,0.001113801,182.5,110082.6087,0.109227872
SF13981,Maharashtra,Nashik,Chilli,Kharif,7.07,736.3,26,73.9,7.6,5.53,34.2,111.5,24,110.1,Flood,264.1,4.22,0.95,0.52,3.68,98278,601226,361663,-239563,6331,0.581,45.1,0.52,-66.23928906,0.000581267,245.6,163376.6304,0.093569845
SF13982,Andhra Pradesh,Guntur,Sugarcane,Kharif,3.13,1153.6,26.5,75.3,6,5.66,28.5,181.1,39.5,102.7,Sprinkler,133.1,5.07,0.82,12.74,39.88,3442,203346,137267,-66079,4931,8.088,63,12.74,-48.13902832,0.008087609,323.3,5098.946841,0.08047619
SF13983,Tamil Nadu,Erode,Sugarcane,Zaid,4.69,242.8,30.9,36.3,9.5,6.71,16.4,78.5,49.4,101.1,Sprinkler,97,6.99,0.89,48.95,229.58,4082,354701,937146,582445,9892,23.209,32.2,48.95,62.15093486,0.023208653,229,1544.999564,0.217080745
SF13984,Maharashtra,Nashik,Chilli,Kharif,13.68,717.2,29.3,66.4,7.8,6.66,31.8,100.2,49.9,129.4,Drip,128.9,6.71,0.82,3.02,41.31,98175,844264,4055609,3211345,7219,5.722,49.6,3.02,79.18280584,0.005722399,279.5,20437.27911,0.135282258
SF13985,Punjab,Ludhiana,Rice,Kharif,10.59,1043.9,34.8,85.4,6.1,5.2,27.2,110.9,36.2,82.4,Sprinkler,222.4,2.25,0.81,0.3,3.18,16682,743032,53049,-689983,13655,0.233,75.2,0.3,-1300.652227,0.000232882,229.5,233657.8616,0.029920213
SF13986,Madhya Pradesh,Indore,Cotton,Kharif,14.86,1043.2,24.7,66.2,6.4,6.81,18.9,108.8,43.8,143.2,Rainfed,121.5,5,0.99,1.47,21.84,51660,750167,1128254,378087,5297,4.123,51.8,1.47,33.51080519,0.004123089,295.8,34348.30586,0.096525097
SF13987,Telangana,Warangal,Groundnut,Kharif,10.16,834.4,32.1,61.3,6.1,7.23,22.7,108,87.4,134.9,Drip,141.6,6.05,0.71,1.74,17.68,54627,559423,965805,406382,4923,3.591,64,1.74,42.07702383,0.003591306,330.3,31641.5724,0.09453125
SF13988,Andhra Pradesh,Guntur,Pulses,Zaid,7.61,606.5359375,28.8,56.2,8.2,7.9,16.4,126.1,79.2,113.5,Flood,123.8,5,0.88,0.3,2.28,67634,479959,154206,-325753,3331,0.684,52.1,0.3,-211.2453471,0.000684479,318.8,210508.3333,0.09596929
SF13989,Karnataka,Raichur,Wheat,Rabi,7.6,263.3,21.7,57.7,10.3,7.22,18.4,163.8,69.8,112.4,Flood,131.3,5.89,0.88,1.81,13.76,19668,554624,270632,-283992,4784,2.876,25.6,1.81,-104.9365929,0.002876254,346,40306.97674,0.230078125
SF13990,Andhra Pradesh,Krishna,Rice,Zaid,10.95,165.8,31,58.9,8.9,7.17,18.4,164.9,57.5,135.4,Sprinkler,230.5,4.31,0.7,1.79,19.6,25196,838720,493842,-344878,18298,1.071,46,1.79,-69.83569644,0.001071155,357.8,42791.83673,0.093695652
SF13991,Madhya Pradesh,Indore,Cotton,Kharif,6.58,1072.3,28,79.6,7.3,6.46,29.4,121.3,45.4,64,Flood,70.7,6.71,0.7,1.62,10.66,72931,388777,777444,388667,6259,1.703,41.1,1.62,49.99292554,0.001703147,230.7,36470.6379,0.163260341
SF13992,Gujarat,Rajkot,Chilli,Zaid,2.04,338.8,34.4,69,7.5,6.29,14.7,61.5,56.3,80.7,Drip,173.8,4.68,0.82,1.07,2.18,80847,137231,176246,39015,854,2.553,41.8,1.07,22.13667261,0.002552693,198.5,62950,0.111961722
SF13993,Gujarat,Rajkot,Groundnut,Rabi,2.03,579.9,20.4,56.5,8,6.36,26.4,141.1,55.7,102.4,Flood,203.1,5.77,0.66,1.61,3.27,58117,139340,190043,50703,1416,2.309,38.6,1.61,26.67975142,0.002309322,299.2,42611.6208,0.149481865
SF13994,Gujarat,Rajkot,Cotton,Rabi,13.48,308.9,25,70.8,8.1,6.31,26.3,86.1,40.4,107.8,Sprinkler,164.1,3.91,0.89,1.33,17.93,71268,1053465,1277835,224370,10589,1.693,43.7,1.33,17.55860498,0.001693267,234.3,58754.32236,0.089473684
SF13995,Punjab,Ludhiana,Wheat,Kharif,9.2,1243.8,27.5,66.5,7.4,7.11,25.4,102.3,49.2,95.4,Flood,263.3,2.59,0.7,2.18,20.06,23314,618838,467679,-151159,5577,3.597,67.1,2.18,-32.32110058,0.003596916,246.9,30849.35194,0.038599106
SF13996,Gujarat,Rajkot,Wheat,Kharif,4.72,865.4,27.3,51.4,6.3,7.97,27.3,104.3,44.8,94,Drip,271.1,5.45,0.74,0.51,2.41,22717,362917,54748,-308169,2016,1.195,45.2,0.51,-562.8863155,0.001195437,243.1,150587.9668,0.120575221
SF13997,Andhra Pradesh,Krishna,Chilli,Kharif,8.77,947.5,29.2,85.5,6.1,6.57,33.7,127.8,44.9,91.3,Drip,176.6,4.99,0.8,2.75,24.12,106459,496471,2567791,2071320,5351,4.508,59.7,2.75,80.66544357,0.004507569,264,20583.37479,0.08358459
SF13998,Tamil Nadu,Erode,Pulses,Zaid,10.47,80,35.4,68.5,8.6,7.25,21.1,126.7,59.9,148,Drip,234.7,6.27,0.99,0.62,6.49,66860,785632,433921,-351711,3392,1.913,29.2,0.62,-81.05415502,0.001913325,334.6,121052.6965,0.214726027
SF13999,Telangana,Warangal,Cotton,Kharif,1.73,475,28.2,61.7,6.4,6.11,30.5,107.5,20.7,91,Sprinkler,329.7,2.6,0.98,1.35,2.34,75282,153904,176160,22256,1220,1.918,50.4,1.35,12.63396912,0.001918033,219.2,65770.94017,0.051587302
SF14000,Maharashtra,Nashik,Wheat,Kharif,3.31,984.3,25.8,77.2,5.9,6.16,35.7,137.1,92.6,145.5,Sprinkler,205.9,6.72,0.99,2.36,7.81,28812,263872,225022,-38850,1800,4.339,62.3,2.36,-17.26497854,0.004338889,375.2,33786.42766,0.107865169
